{"stats":{"minecraft:used":{"minecraft:stone_sword":39,"minecraft:birch_planks":1,"minecraft:oak_planks":2,"travelersbackpack:diamond":4,"minecraft:stone_hoe":39,"minecraft:iron_chestplate":4,"minecraft:torch":14,"minecraft:dirt":22,"minecraft:crafting_table":1,"minecraft:carrot":30,"minecraft:painting":1,"minecraft:oak_log":12,"minecraft:apple":4,"vtaw_mw:stone_greatsword":12,"minecraft:cyan_bed":3,"minecraft:melon_slice":58,"minecraft:iron_axe":135,"minecraft:iron_pickaxe":259,"minecraft:iron_helmet":4,"minecraft:iron_boots":3,"minecraft:stone_axe":40,"minecraft:cobblestone":1,"minecraft:furnace":1,"minecraft:oak_sapling":2,"minecraft:egg":1,"minecraft:potato":33,"minecraft:bone_meal":35,"minecraft:iron_leggings":4},"minecraft:dropped":{"graveyard:dark_iron_door":1,"minecraft:sweet_berries":3,"travelersbackpack:diamond":1,"minecraft:raw_iron":6,"minecraft:iron_helmet":1,"minecraft:iron_boots":1,"minecraft:stick":2,"minecraft:shield":1,"minecraft:iron_chestplate":1,"minecraft:melon_slice":22,"minecraft:oak_sapling":2,"minecraft:iron_pickaxe":2,"minecraft:iron_shovel":1,"minecraft:spruce_sapling":1},"minecraft:broken":{"minecraft:iron_axe":1,"minecraft:iron_pickaxe":1},"minecraft:killed_by":{"man:managgresive":1,"minecraft:skeleton":1},"minecraft:custom":{"minecraft:interact_with_furnace":2,"minecraft:interact_with_anvil":1,"minecraft:mob_kills":40,"minecraft:interact_with_crafting_table":15,"minecraft:leave_game":4,"minecraft:time_since_death":23887,"minecraft:sleep_in_bed":15,"minecraft:climb_one_cm":434,"minecraft:time_since_rest":6369,"minecraft:sprint_one_cm":462972,"minecraft:damage_taken":1172,"minecraft:walk_one_cm":494218,"minecraft:drop":36,"minecraft:damage_dealt":7614,"minecraft:swim_one_cm":4306,"minecraft:player_kills":1,"minecraft:fly_one_cm":395867,"minecraft:open_chest":51,"minecraft:crouch_one_cm":25906,"minecraft:play_time":164431,"minecraft:deaths":4,"minecraft:sneak_time":12367,"minecraft:walk_under_water_one_cm":7515,"minecraft:jump":2511,"minecraft:interact_with_blast_furnace":2,"minecraft:walk_on_water_one_cm":13450,"minecraft:total_world_time":164431,"minecraft:interact_with_smoker":1,"minecraft:fall_one_cm":54968},"minecraft:killed":{"endofherobrine:silverfish":2,"hordes:zombie_player":1,"minecraft:zombie":34},"minecraft:crafted":{"minecraft:oak_planks":36,"minecraft:crafting_table":1,"minecraft:iron_helmet":2,"minecraft:bone_meal":30,"minecraft:birch_planks":4,"minecraft:stone_axe":1,"minecraft:iron_boots":3,"minecraft:iron_chestplate":2,"minecraft:shield":1,"minecraft:iron_axe":1,"minecraft:stick":24,"minecraft:iron_ingot":63,"minecraft:iron_pickaxe":2,"minecraft:stone_pickaxe":1,"vtaw_mw:stone_greatsword":1,"minecraft:stone_sword":1,"minecraft:iron_leggings":2,"minecraft:torch":16,"minecraft:stone_hoe":1},"minecraft:picked_up":{"minecraft:birch_log":1,"minecraft:iron_chestplate":4,"minecraft:water_bucket":1,"minecraft:potato":32,"minecraft:birch_planks":1,"minecraft:flint":4,"minecraft:oak_log":21,"graveyard:dark_iron_door":1,"minecraft:shield":3,"minecraft:dirt":22,"minecraft:iron_axe":2,"travelersbackpack:diamond":2,"minecraft:iron_leggings":3,"minecraft:iron_shovel":1,"minecraft:apple":5,"minecraft:wheat_seeds":2,"minecraft:iron_ingot":1,"minecraft:stone_pickaxe":1,"minecraft:iron_pickaxe":4,"minecraft:melon_slice":203,"minecraft:oak_planks":52,"minecraft:furnace":1,"minecraft:iron_boots":2,"minecraft:egg":1,"minecraft:raw_iron":22,"minecraft:sweet_berries":3,"minecraft:torch":6,"minecraft:gravel":46,"vtaw_mw:stone_greatsword":1,"minecraft:spruce_sapling":1,"minecraft:carrot":25,"minecraft:cyan_bed":3,"minecraft:stone_sword":1,"minecraft:arrow":4,"minecraft:rotten_flesh":14,"minecraft:stone_axe":1,"minecraft:iron_helmet":4,"minecraft:painting":1,"minecraft:oak_sapling":4,"minecraft:melon_seeds":31,"minecraft:coal":53,"minecraft:cobblestone":314},"minecraft:mined":{"minecraft:attached_melon_stem":1,"minecraft:melon_stem":16,"minecraft:crafting_table":1,"minecraft:grass_block":13,"minecraft:melon":38,"minecraft:tall_grass":1,"minecraft:cyan_bed":1,"minecraft:wall_torch":2,"minecraft:birch_planks":1,"minecraft:carrots":6,"minecraft:birch_log":1,"minecraft:iron_ore":6,"minecraft:fire":1,"minecraft:grass":2,"minecraft:potatoes":8,"minecraft:oak_log":22,"minecraft:coal_ore":53,"minecraft:gravel":25,"minecraft:dirt":8,"minecraft:stone":185,"minecraft:oak_leaves":24}},"DataVersion":3120}