{"stats":{"minecraft:used":{"minecraft:stone_sword":39,"minecraft:birch_planks":1,"minecraft:stone_pickaxe":131,"minecraft:baked_potato":5,"minecraft:oak_planks":2,"travelersbackpack:diamond":4,"minecraft:stone_hoe":39,"minecraft:iron_chestplate":4,"minecraft:torch":35,"minecraft:dirt":23,"minecraft:crafting_table":2,"minecraft:carrot":49,"minecraft:painting":1,"minecraft:oak_log":12,"minecraft:apple":4,"vtaw_mw:stone_greatsword":18,"minecraft:iron_axe":135,"minecraft:cyan_bed":3,"minecraft:melon_slice":58,"minecraft:iron_pickaxe":788,"minecraft:iron_helmet":4,"minecraft:iron_boots":3,"minecraft:stone_axe":41,"minecraft:magma_block":1,"minecraft:cobblestone":32,"minecraft:oak_sapling":2,"minecraft:furnace":2,"minecraft:egg":1,"minecraft:potato":56,"minecraft:bone_meal":88,"minecraft:iron_leggings":4},"minecraft:dropped":{"graveyard:dark_iron_door":1,"minecraft:sweet_berries":3,"travelersbackpack:diamond":1,"minecraft:baked_potato":16,"minecraft:raw_iron":6,"minecraft:iron_helmet":1,"minecraft:iron_boots":1,"minecraft:stick":2,"minecraft:shield":1,"minecraft:iron_chestplate":1,"minecraft:melon_slice":22,"minecraft:oak_sapling":2,"minecraft:iron_pickaxe":2,"minecraft:iron_shovel":1,"minecraft:spruce_sapling":1},"minecraft:killed_by":{"man:managgresive":1,"minecraft:skeleton":1},"minecraft:custom":{"minecraft:interact_with_furnace":6,"minecraft:interact_with_anvil":1,"minecraft:mob_kills":41,"minecraft:interact_with_crafting_table":18,"minecraft:leave_game":7,"minecraft:time_since_death":76704,"minecraft:sleep_in_bed":18,"minecraft:climb_one_cm":534,"minecraft:time_since_rest":21558,"minecraft:sprint_one_cm":594983,"minecraft:damage_taken":1283,"minecraft:walk_one_cm":627821,"minecraft:drop":37,"minecraft:damage_dealt":7894,"minecraft:swim_one_cm":4306,"minecraft:player_kills":1,"minecraft:fly_one_cm":465563,"minecraft:open_chest":58,"minecraft:play_time":217248,"minecraft:crouch_one_cm":30035,"minecraft:deaths":4,"minecraft:sneak_time":12688,"minecraft:walk_under_water_one_cm":7515,"minecraft:jump":3075,"minecraft:interact_with_blast_furnace":6,"minecraft:walk_on_water_one_cm":13450,"minecraft:total_world_time":217248,"minecraft:interact_with_smoker":26,"minecraft:fall_one_cm":63322},"minecraft:broken":{"minecraft:stone_pickaxe":1,"minecraft:iron_axe":1,"minecraft:iron_pickaxe":3},"minecraft:killed":{"endofherobrine:silverfish":2,"hordes:zombie_player":1,"alexsmobs:gorilla":1,"minecraft:zombie":34},"minecraft:crafted":{"minecraft:oak_planks":36,"minecraft:crafting_table":2,"minecraft:baked_potato":35,"minecraft:iron_helmet":2,"minecraft:furnace":1,"minecraft:bone_meal":72,"minecraft:birch_planks":4,"minecraft:stone_axe":1,"minecraft:air":0,"minecraft:iron_boots":3,"minecraft:iron_chestplate":2,"minecraft:shield":1,"minecraft:iron_axe":1,"minecraft:stick":36,"minecraft:iron_ingot":72,"minecraft:iron_pickaxe":5,"minecraft:stone_pickaxe":1,"vtaw_mw:stone_greatsword":1,"minecraft:stone_sword":1,"minecraft:iron_leggings":2,"minecraft:torch":40,"minecraft:stone_hoe":1},"minecraft:picked_up":{"minecraft:birch_log":1,"minecraft:crafting_table":1,"minecraft:magma_block":25,"minecraft:iron_chestplate":4,"minecraft:water_bucket":1,"minecraft:potato":101,"minecraft:birch_planks":1,"minecraft:flint":6,"minecraft:oak_log":21,"graveyard:dark_iron_door":1,"minecraft:shield":3,"minecraft:dirt":23,"minecraft:iron_axe":2,"travelersbackpack:diamond":2,"minecraft:iron_leggings":3,"minecraft:iron_shovel":1,"minecraft:blackstone":72,"minecraft:apple":5,"minecraft:wheat_seeds":2,"minecraft:cobbled_deepslate":324,"minecraft:iron_ingot":4,"minecraft:stone_pickaxe":1,"minecraft:iron_pickaxe":4,"minecraft:melon_slice":203,"minecraft:oak_planks":52,"minecraft:furnace":2,"minecraft:iron_boots":2,"minecraft:egg":1,"minecraft:stick":2,"minecraft:raw_iron":53,"minecraft:sweet_berries":3,"minecraft:torch":9,"minecraft:gravel":54,"vtaw_mw:stone_greatsword":1,"minecraft:spruce_sapling":1,"minecraft:carrot":43,"minecraft:cyan_bed":3,"minecraft:stone_sword":1,"minecraft:arrow":4,"minecraft:rotten_flesh":14,"minecraft:diamond":50,"minecraft:stone_axe":1,"minecraft:iron_helmet":4,"minecraft:painting":1,"minecraft:oak_sapling":4,"minecraft:melon_seeds":31,"minecraft:coal":66,"minecraft:cobblestone":463},"minecraft:mined":{"minecraft:attached_melon_stem":1,"minecraft:blackstone":72,"minecraft:deepslate_diamond_ore":50,"minecraft:melon_stem":16,"minecraft:crafting_table":2,"minecraft:torch":1,"minecraft:grass_block":14,"minecraft:melon":38,"minecraft:tall_grass":1,"minecraft:cyan_bed":1,"horror_element_mod:impaled_head":1,"minecraft:wall_torch":4,"minecraft:birch_planks":1,"minecraft:magma_block":27,"minecraft:furnace":1,"minecraft:carrots":10,"minecraft:birch_log":1,"minecraft:iron_ore":23,"minecraft:fire":1,"minecraft:grass":4,"minecraft:potatoes":25,"minecraft:coal_ore":63,"minecraft:oak_log":22,"minecraft:gravel":35,"minecraft:dirt":8,"minecraft:stone":334,"minecraft:deepslate":325,"minecraft:oak_leaves":24}},"DataVersion":3120}