{"stats":{"minecraft:dropped":{"travelersbackpack:diamond":1,"minecraft:spruce_sapling":1},"minecraft:used":{"minecraft:oak_log":1,"minecraft:iron_axe":1,"minecraft:melon_slice":18,"minecraft:iron_pickaxe":7,"minecraft:iron_helmet":2,"minecraft:iron_boots":2,"travelersbackpack:diamond":2,"minecraft:iron_chestplate":2,"minecraft:dirt":5,"minecraft:cobblestone":1,"minecraft:crafting_table":1,"minecraft:iron_leggings":2},"minecraft:killed_by":{"man:managgresive":1},"minecraft:custom":{"minecraft:time_since_rest":3313,"minecraft:interact_with_furnace":2,"minecraft:sprint_one_cm":146748,"minecraft:damage_taken":583,"minecraft:walk_one_cm":103490,"minecraft:drop":2,"minecraft:damage_dealt":41,"minecraft:swim_one_cm":211,"minecraft:fly_one_cm":118246,"minecraft:interact_with_crafting_table":7,"minecraft:open_chest":20,"minecraft:crouch_one_cm":5053,"minecraft:play_time":46288,"minecraft:deaths":2,"minecraft:sneak_time":2035,"minecraft:walk_under_water_one_cm":6364,"minecraft:jump":713,"minecraft:time_since_death":3216,"minecraft:walk_on_water_one_cm":3108,"minecraft:sleep_in_bed":6,"minecraft:total_world_time":46288,"minecraft:climb_one_cm":152,"minecraft:fall_one_cm":20313},"minecraft:crafted":{"minecraft:oak_planks":32,"minecraft:iron_boots":2,"minecraft:iron_chestplate":2,"minecraft:shield":1,"minecraft:iron_axe":1,"minecraft:crafting_table":1,"minecraft:stick":8,"minecraft:iron_helmet":2,"minecraft:iron_ingot":63,"minecraft:iron_pickaxe":2,"minecraft:iron_leggings":2},"minecraft:picked_up":{"minecraft:raw_iron":6,"minecraft:water_bucket":1,"minecraft:oak_log":9,"minecraft:spruce_sapling":1,"minecraft:dirt":5,"travelersbackpack:diamond":1,"minecraft:iron_ingot":1,"minecraft:melon_slice":22,"minecraft:cobblestone":1},"minecraft:mined":{"minecraft:iron_ore":6,"minecraft:crafting_table":1,"minecraft:grass_block":4,"minecraft:oak_log":9,"minecraft:melon":5,"minecraft:dirt":1,"minecraft:stone":1,"minecraft:oak_leaves":9}},"DataVersion":3120}