{"stats":{"minecraft:dropped":{"graveyard:dark_iron_door":1,"travelersbackpack:diamond":1,"minecraft:iron_shovel":1,"minecraft:spruce_sapling":1},"minecraft:used":{"minecraft:oak_log":7,"minecraft:apple":3,"minecraft:iron_axe":17,"minecraft:melon_slice":22,"minecraft:iron_pickaxe":7,"minecraft:iron_helmet":4,"minecraft:iron_boots":2,"travelersbackpack:diamond":2,"minecraft:torch":1,"minecraft:iron_chestplate":4,"minecraft:dirt":12,"minecraft:cobblestone":1,"minecraft:crafting_table":1,"minecraft:furnace":1,"minecraft:oak_sapling":2,"minecraft:painting":1,"minecraft:egg":1,"minecraft:iron_leggings":4},"minecraft:killed_by":{"man:managgresive":1,"minecraft:skeleton":1},"minecraft:custom":{"minecraft:time_since_rest":16208,"minecraft:interact_with_furnace":2,"minecraft:sprint_one_cm":272813,"minecraft:damage_taken":791,"minecraft:walk_one_cm":228371,"minecraft:drop":4,"minecraft:damage_dealt":41,"minecraft:swim_one_cm":4306,"minecraft:interact_with_crafting_table":8,"minecraft:fly_one_cm":230054,"minecraft:open_chest":25,"minecraft:crouch_one_cm":12370,"minecraft:play_time":81974,"minecraft:deaths":3,"minecraft:sneak_time":5206,"minecraft:walk_under_water_one_cm":6629,"minecraft:jump":1314,"minecraft:interact_with_blast_furnace":1,"minecraft:interact_with_smoker":1,"minecraft:leave_game":1,"minecraft:time_since_death":16150,"minecraft:walk_on_water_one_cm":8273,"minecraft:sleep_in_bed":6,"minecraft:total_world_time":81974,"minecraft:climb_one_cm":152,"minecraft:fall_one_cm":33431},"minecraft:crafted":{"minecraft:oak_planks":36,"minecraft:iron_boots":2,"minecraft:iron_chestplate":2,"minecraft:shield":1,"minecraft:iron_axe":1,"minecraft:crafting_table":1,"minecraft:stick":12,"minecraft:iron_ingot":63,"minecraft:iron_pickaxe":2,"minecraft:iron_helmet":2,"minecraft:iron_leggings":2,"minecraft:torch":8},"minecraft:picked_up":{"minecraft:iron_chestplate":2,"minecraft:raw_iron":16,"minecraft:water_bucket":1,"minecraft:oak_log":16,"minecraft:spruce_sapling":1,"graveyard:dark_iron_door":1,"minecraft:dirt":12,"minecraft:iron_axe":2,"travelersbackpack:diamond":1,"minecraft:iron_leggings":2,"minecraft:iron_shovel":1,"minecraft:apple":4,"minecraft:iron_helmet":2,"minecraft:iron_ingot":1,"minecraft:painting":1,"minecraft:iron_pickaxe":2,"minecraft:oak_sapling":2,"minecraft:melon_slice":76,"minecraft:furnace":1,"minecraft:cobblestone":1,"minecraft:egg":1},"minecraft:mined":{"minecraft:iron_ore":6,"minecraft:crafting_table":1,"minecraft:grass_block":10,"minecraft:oak_log":16,"minecraft:melon":16,"minecraft:dirt":1,"minecraft:stone":1,"minecraft:oak_leaves":24}},"DataVersion":3120}