{"stats":{"minecraft:dropped":{"travelersbackpack:diamond":1,"minecraft:iron_shovel":1,"minecraft:spruce_sapling":1},"minecraft:used":{"minecraft:oak_log":7,"minecraft:iron_axe":6,"minecraft:melon_slice":22,"minecraft:iron_pickaxe":7,"minecraft:iron_helmet":4,"minecraft:iron_boots":2,"travelersbackpack:diamond":2,"minecraft:iron_chestplate":4,"minecraft:dirt":11,"minecraft:cobblestone":1,"minecraft:crafting_table":1,"minecraft:oak_sapling":2,"minecraft:egg":1,"minecraft:iron_leggings":4},"minecraft:killed_by":{"man:managgresive":1,"minecraft:skeleton":1},"minecraft:custom":{"minecraft:time_since_rest":4208,"minecraft:interact_with_furnace":2,"minecraft:sprint_one_cm":233572,"minecraft:damage_taken":791,"minecraft:walk_one_cm":202876,"minecraft:drop":3,"minecraft:damage_dealt":41,"minecraft:swim_one_cm":4306,"minecraft:interact_with_crafting_table":7,"minecraft:fly_one_cm":191769,"minecraft:open_chest":20,"minecraft:crouch_one_cm":11486,"minecraft:play_time":69974,"minecraft:deaths":3,"minecraft:sneak_time":4399,"minecraft:walk_under_water_one_cm":6629,"minecraft:jump":1163,"minecraft:leave_game":1,"minecraft:time_since_death":4150,"minecraft:walk_on_water_one_cm":8273,"minecraft:sleep_in_bed":6,"minecraft:total_world_time":69974,"minecraft:climb_one_cm":152,"minecraft:fall_one_cm":28450},"minecraft:crafted":{"minecraft:oak_planks":32,"minecraft:iron_boots":2,"minecraft:iron_chestplate":2,"minecraft:shield":1,"minecraft:iron_axe":1,"minecraft:crafting_table":1,"minecraft:stick":8,"minecraft:iron_ingot":63,"minecraft:iron_pickaxe":2,"minecraft:iron_helmet":2,"minecraft:iron_leggings":2},"minecraft:picked_up":{"minecraft:iron_chestplate":2,"minecraft:raw_iron":6,"minecraft:water_bucket":1,"minecraft:oak_log":16,"minecraft:spruce_sapling":1,"graveyard:dark_iron_door":1,"minecraft:dirt":11,"minecraft:iron_axe":2,"travelersbackpack:diamond":1,"minecraft:iron_leggings":2,"minecraft:iron_shovel":1,"minecraft:iron_helmet":2,"minecraft:iron_ingot":1,"minecraft:iron_pickaxe":2,"minecraft:oak_sapling":2,"minecraft:melon_slice":26,"minecraft:cobblestone":1,"minecraft:egg":1},"minecraft:mined":{"minecraft:iron_ore":6,"minecraft:crafting_table":1,"minecraft:grass_block":9,"minecraft:oak_log":16,"minecraft:melon":5,"minecraft:dirt":1,"minecraft:stone":1,"minecraft:oak_leaves":24}},"DataVersion":3120}