{"stats":{"minecraft:used":{"travelersbackpack:diamond":2},"minecraft:custom":{"minecraft:jump":168,"minecraft:open_chest":7,"minecraft:time_since_rest":2893,"minecraft:crouch_one_cm":144,"minecraft:sprint_one_cm":26704,"minecraft:play_time":10288,"minecraft:damage_taken":29,"minecraft:time_since_death":10288,"minecraft:walk_one_cm":33514,"minecraft:sleep_in_bed":2,"minecraft:sneak_time":145,"minecraft:total_world_time":10288,"minecraft:fall_one_cm":2820,"minecraft:fly_one_cm":23767},"minecraft:crafted":{"minecraft:oak_planks":16},"minecraft:picked_up":{"travelersbackpack:diamond":1,"minecraft:oak_log":4},"minecraft:mined":{"minecraft:oak_log":4,"minecraft:oak_leaves":2}},"DataVersion":3120}