{"stats":{"minecraft:used":{"minecraft:stone_sword":39,"minecraft:birch_planks":1,"minecraft:stone_pickaxe":131,"minecraft:baked_potato":5,"minecraft:oak_planks":2,"travelersbackpack:diamond":4,"minecraft:stone_hoe":39,"minecraft:iron_chestplate":4,"minecraft:torch":21,"minecraft:dirt":23,"minecraft:crafting_table":1,"minecraft:carrot":49,"minecraft:painting":1,"minecraft:oak_log":12,"minecraft:apple":4,"vtaw_mw:stone_greatsword":18,"minecraft:iron_axe":135,"minecraft:cyan_bed":3,"minecraft:melon_slice":58,"minecraft:iron_pickaxe":353,"minecraft:iron_helmet":4,"minecraft:iron_boots":3,"minecraft:stone_axe":40,"minecraft:cobblestone":7,"minecraft:oak_sapling":2,"minecraft:furnace":1,"minecraft:egg":1,"minecraft:potato":56,"minecraft:bone_meal":88,"minecraft:iron_leggings":4},"minecraft:dropped":{"graveyard:dark_iron_door":1,"minecraft:sweet_berries":3,"travelersbackpack:diamond":1,"minecraft:baked_potato":16,"minecraft:raw_iron":6,"minecraft:iron_helmet":1,"minecraft:iron_boots":1,"minecraft:stick":2,"minecraft:shield":1,"minecraft:iron_chestplate":1,"minecraft:melon_slice":22,"minecraft:oak_sapling":2,"minecraft:iron_pickaxe":2,"minecraft:iron_shovel":1,"minecraft:spruce_sapling":1},"minecraft:killed_by":{"man:managgresive":1,"minecraft:skeleton":1},"minecraft:custom":{"minecraft:interact_with_furnace":4,"minecraft:interact_with_anvil":1,"minecraft:mob_kills":41,"minecraft:interact_with_crafting_table":16,"minecraft:leave_game":6,"minecraft:time_since_death":63726,"minecraft:sleep_in_bed":18,"minecraft:climb_one_cm":534,"minecraft:time_since_rest":8580,"minecraft:sprint_one_cm":590879,"minecraft:damage_taken":1232,"minecraft:walk_one_cm":595747,"minecraft:drop":37,"minecraft:damage_dealt":7894,"minecraft:swim_one_cm":4306,"minecraft:player_kills":1,"minecraft:fly_one_cm":465071,"minecraft:open_chest":58,"minecraft:play_time":204270,"minecraft:crouch_one_cm":30031,"minecraft:deaths":4,"minecraft:sneak_time":12669,"minecraft:walk_under_water_one_cm":7515,"minecraft:jump":2966,"minecraft:interact_with_blast_furnace":6,"minecraft:walk_on_water_one_cm":13450,"minecraft:total_world_time":204270,"minecraft:interact_with_smoker":26,"minecraft:fall_one_cm":63322},"minecraft:broken":{"minecraft:stone_pickaxe":1,"minecraft:iron_axe":1,"minecraft:iron_pickaxe":1},"minecraft:killed":{"endofherobrine:silverfish":2,"hordes:zombie_player":1,"alexsmobs:gorilla":1,"minecraft:zombie":34},"minecraft:crafted":{"minecraft:oak_planks":36,"minecraft:crafting_table":1,"minecraft:baked_potato":35,"minecraft:iron_helmet":2,"minecraft:bone_meal":72,"minecraft:birch_planks":4,"minecraft:stone_axe":1,"minecraft:air":0,"minecraft:iron_boots":3,"minecraft:iron_chestplate":2,"minecraft:shield":1,"minecraft:iron_axe":1,"minecraft:stick":28,"minecraft:iron_ingot":72,"minecraft:iron_pickaxe":4,"minecraft:stone_pickaxe":1,"vtaw_mw:stone_greatsword":1,"minecraft:stone_sword":1,"minecraft:iron_leggings":2,"minecraft:torch":24,"minecraft:stone_hoe":1},"minecraft:picked_up":{"minecraft:birch_log":1,"minecraft:iron_chestplate":4,"minecraft:water_bucket":1,"minecraft:potato":101,"minecraft:birch_planks":1,"minecraft:flint":4,"minecraft:oak_log":21,"graveyard:dark_iron_door":1,"minecraft:shield":3,"minecraft:dirt":23,"minecraft:iron_axe":2,"travelersbackpack:diamond":2,"minecraft:iron_leggings":3,"minecraft:iron_shovel":1,"minecraft:apple":5,"minecraft:wheat_seeds":2,"minecraft:cobbled_deepslate":44,"minecraft:iron_ingot":1,"minecraft:stone_pickaxe":1,"minecraft:iron_pickaxe":4,"minecraft:melon_slice":203,"minecraft:oak_planks":52,"minecraft:furnace":1,"minecraft:iron_boots":2,"minecraft:egg":1,"minecraft:stick":2,"minecraft:raw_iron":39,"minecraft:sweet_berries":3,"minecraft:torch":7,"minecraft:gravel":46,"vtaw_mw:stone_greatsword":1,"minecraft:spruce_sapling":1,"minecraft:carrot":43,"minecraft:cyan_bed":3,"minecraft:stone_sword":1,"minecraft:arrow":4,"minecraft:rotten_flesh":14,"minecraft:diamond":4,"minecraft:stone_axe":1,"minecraft:iron_helmet":4,"minecraft:painting":1,"minecraft:oak_sapling":4,"minecraft:melon_seeds":31,"minecraft:coal":63,"minecraft:cobblestone":463},"minecraft:mined":{"minecraft:attached_melon_stem":1,"minecraft:deepslate_diamond_ore":4,"minecraft:melon_stem":16,"minecraft:crafting_table":1,"minecraft:grass_block":14,"minecraft:melon":38,"minecraft:tall_grass":1,"minecraft:cyan_bed":1,"horror_element_mod:impaled_head":1,"minecraft:wall_torch":3,"minecraft:birch_planks":1,"minecraft:carrots":10,"minecraft:birch_log":1,"minecraft:iron_ore":23,"minecraft:fire":1,"minecraft:grass":4,"minecraft:potatoes":25,"minecraft:coal_ore":63,"minecraft:oak_log":22,"minecraft:gravel":25,"minecraft:dirt":8,"minecraft:stone":334,"minecraft:deepslate":45,"minecraft:oak_leaves":24}},"DataVersion":3120}