{"stats":{"minecraft:killed_by":{"endofherobrine:cow":1,"corpse_stalker:corpse_stalker":2,"old_goatman:old_goatman":2,"man:managgresive":1,"endofherobrine:villager":1,"minecraft:skeleton":1},"minecraft:custom":{"minecraft:animals_bred":14,"minecraft:interact_with_crafting_table":116,"minecraft:open_barrel":35,"minecraft:leave_game":33,"minecraft:time_since_death":281981,"minecraft:sprint_one_cm":4101550,"minecraft:damage_blocked_by_shield":140,"minecraft:drop":312,"minecraft:play_noteblock":3,"minecraft:talked_to_villager":1,"minecraft:play_time":1081624,"minecraft:deaths":12,"minecraft:jump":14639,"minecraft:walk_on_water_one_cm":64225,"minecraft:interact_with_furnace":139,"minecraft:sleep_in_bed":72,"minecraft:damage_dealt":32290,"minecraft:player_kills":2,"minecraft:crouch_one_cm":44021,"minecraft:interact_with_smoker":96,"minecraft:interact_with_smithing_table":3,"minecraft:interact_with_anvil":4,"minecraft:mob_kills":221,"minecraft:climb_one_cm":31306,"minecraft:walk_one_cm":2823993,"minecraft:sneak_time":18580,"minecraft:walk_under_water_one_cm":48328,"minecraft:boat_one_cm":332,"minecraft:interact_with_lectern":1,"minecraft:interact_with_blast_furnace":41,"minecraft:total_world_time":1081624,"minecraft:tune_noteblock":74,"minecraft:pot_flower":1,"minecraft:interact_with_stonecutter":17,"minecraft:interact_with_grindstone":6,"minecraft:time_since_rest":47755,"minecraft:damage_taken":8340,"minecraft:swim_one_cm":61169,"minecraft:fly_one_cm":2662098,"minecraft:open_chest":700,"minecraft:fall_one_cm":308584},"minecraft:dropped":{"minecraft:diamond_axe":1,"minecraft:oak_log":64,"minecraft:baked_potato":16,"minecraft:loom":3,"minecraft:diamond":52,"minecraft:dark_oak_sapling":4,"minecraft:cooked_porkchop":2,"minecraft:glow_berries":6,"minecraft:leather":2,"mcwpaths:diorite_windmill_weave":1,"mcwpaths:diorite_crystal_floor":343,"minecraft:emerald":6,"minecraft:dirt":46,"minecraft:dark_oak_log":41,"minecraft:bone_meal":11,"minecraft:iron_pickaxe":2,"minecraft:mangrove_roots":133,"mcwlights:white_lamp":5,"alexsmobs:gazelle_horn":3,"minecraft:cooked_chicken":10,"alexsmobs:animal_dictionary":1,"minecraft:tinted_glass":1,"mcwpaths:diorite_running_bond":3,"minecraft:pointed_dripstone":43,"minecraft:oak_planks":8,"minecraft:diamond_shovel":1,"minecraft:glowstone_dust":9,"minecraft:carrot":36,"minecraft:poppy":3,"minecraft:deepslate_tiles":1,"travelersbackpack:white_sleeping_bag":1,"minecraft:glowstone":37,"minecraft:arrow":2,"alexsmobs:banana":2,"minecraft:white_concrete_powder":192,"minecraft:egg":95,"minecraft:stone_hoe":1,"minecraft:enchanted_book":2,"minecraft:water_bucket":1,"minecraft:wheat_seeds":30,"minecraft:tnt":38,"minecraft:diamond_leggings":1,"mcwpaths:stone_running_bond":1,"minecraft:iron_helmet":1,"minecraft:feather":80,"minecraft:dark_oak_pressure_plate":1,"minecraft:deepslate_tile_slab":3,"minecraft:spruce_stairs":2,"minecraft:coal":13,"minecraft:stick":2,"minecraft:ink_sac":3,"minecraft:melon_slice":22,"minecraft:rose_bush":2,"minecraft:white_concrete":64,"mcwlights:spruce_ceiling_fan_light":1,"minecraft:oak_stairs":2,"minecraft:iron_shovel":1,"minecraft:spruce_sapling":1,"minecraft:dandelion":2,"minecraft:redstone":25,"graveyard:dark_iron_door":1,"minecraft:bricks":26,"minecraft:sweet_berries":3,"alexsmobs:maggot":1,"vtaw_mw:diamond_longsword":1,"travelersbackpack:diamond":1,"minecraft:raw_iron":6,"mcwpaths:stone_windmill_weave":1,"minecraft:iron_boots":1,"minecraft:smoker":1,"minecraft:stripped_oak_log":1,"minecraft:cobbled_deepslate_slab":8,"minecraft:oak_sign":3,"minecraft:shears":1,"alexsmobs:cooked_kangaroo_meat":1,"minecraft:stone":29,"minecraft:shield":2,"ecologics:walnut":12,"minecraft:diamond_pickaxe":1,"minecraft:iron_chestplate":2,"minecraft:oak_sapling":13,"minecraft:golden_sword":1,"minecraft:spider_eye":1,"minecraft:spruce_log":71},"minecraft:used":{"alexsmobs:emu_egg":1,"minecraft:peony":2,"mcwfurnitures:stripped_birch_counter":4,"minecraft:nether_brick_fence":1,"minecraft:iron_shovel":84,"minecraft:spruce_slab":1,"minecraft:poppy":4,"minecraft:oak_sign":16,"minecraft:white_concrete_powder":128,"minecraft:chest":3,"minecraft:shield":5,"minecraft:stone":22,"vtaw_mw:diamond_longsword":486,"travelersbackpack:diamond":26,"minecraft:rotten_flesh":4,"minecraft:white_candle":5,"minecraft:iron_chestplate":4,"minecraft:lily_of_the_valley":4,"minecraft:cut_copper":12,"minecraft:nether_bricks":8,"minecraft:carrot":447,"mcwlights:wall_lamp":11,"mcwpaths:diorite_flagstone_path":7,"minecraft:acacia_sapling":4,"minecraft:milk_bucket":2,"minecraft:jungle_sapling":3,"minecraft:bricks":43,"vtaw_mw:stone_greatsword":22,"minecraft:birch_sapling":2,"minecraft:iron_helmet":4,"minecraft:stone_brick_stairs":13,"minecraft:stone_bricks":163,"minecraft:item_frame":23,"mcwdoors:spruce_western_door":4,"minecraft:birch_trapdoor":5,"minecraft:magma_block":1,"mcwpaths:andesite_clover_paving":3,"minecraft:written_book":2,"minecraft:sweet_berries":25,"minecraft:oak_sapling":4,"minecraft:furnace":17,"minecraft:egg":29,"minecraft:potato":82,"minecraft:diorite":3,"mcwlights:white_lamp":10,"minecraft:oak_planks":2,"minecraft:stone_pickaxe":131,"minecraft:diamond_axe":545,"minecraft:glow_berries":24,"mcwpaths:diorite_crystal_floor":92,"minecraft:sand":6,"minecraft:blast_furnace":2,"mcwlights:square_wall_lamp":24,"minecraft:shears":2,"minecraft:deepslate_tiles":2,"mcwfurnitures:stripped_birch_coffee_table":3,"minecraft:melon_slice":58,"minecraft:cyan_bed":3,"minecraft:lectern":2,"minecraft:gravel":6,"minecraft:grindstone":1,"minecraft:smithing_table":4,"minecraft:white_concrete":65,"minecraft:bone_meal":381,"minecraft:cobweb":11,"minecraft:experience_bottle":6,"minecraft:stone_sword":113,"minecraft:acacia_log":2,"minecraft:flint_and_steel":14,"minecraft:spruce_planks":2,"minecraft:stone_hoe":53,"minecraft:cooked_chicken":32,"mcwfurnitures:spruce_desk":5,"minecraft:netherrack":5,"minecraft:torch":75,"minecraft:dirt":329,"mcwfences:oak_horse_fence":1,"mcwlights:birch_ceiling_fan_light":7,"minecraft:iron_hoe":43,"minecraft:iron_axe":135,"minecraft:iron_boots":3,"mcwfences:spruce_picket_fence":2,"alexsmobs:kangaroo_burger":1,"minecraft:diamond_chestplate":1,"minecraft:glowstone":1,"minecraft:basalt":11,"mcwlights:tavern_lantern":1,"minecraft:dark_oak_pressure_plate":1,"minecraft:cooked_beef":9,"minecraft:cobbled_deepslate":6,"minecraft:iron_leggings":4,"minecraft:wheat_seeds":90,"mcwlights:tavern_wall_lantern":4,"minecraft:water_bucket":47,"minecraft:birch_planks":1,"minecraft:baked_potato":19,"minecraft:copper_block":9,"securitycraft:panic_button":1,"minecraft:stonecutter":2,"minecraft:tnt":1,"minecraft:crafting_table":5,"minecraft:oak_slab":2,"minecraft:white_bed":3,"minecraft:painting":1,"minecraft:spruce_log":23,"minecraft:oak_log":22,"minecraft:diamond_shovel":446,"minecraft:flower_pot":1,"minecraft:diamond_pickaxe":665,"minecraft:cornflower":1,"minecraft:apple":11,"mcwbridges:bridge_torch":4,"minecraft:iron_pickaxe":994,"minecraft:spruce_trapdoor":6,"minecraft:spruce_sapling":12,"minecraft:stone_axe":133,"minecraft:cobblestone":51,"minecraft:cobbled_deepslate_slab":1,"minecraft:cooked_porkchop":6,"minecraft:bucket":54,"alexsmobs:animal_dictionary":27,"minecraft:dandelion":4,"minecraft:candle":3},"minecraft:crafted":{"minecraft:brick":313,"minecraft:oak_planks":44,"minecraft:oak_sign":6,"vtaw_mw:diamond_longsword":2,"minecraft:cooked_chicken":45,"minecraft:chain":2,"minecraft:birch_slab":12,"mcwlights:white_lamp":12,"minecraft:diamond_shovel":1,"mcwlights:birch_ceiling_fan_light":2,"minecraft:stone_brick_slab":4,"minecraft:iron_boots":4,"minecraft:chest":2,"minecraft:bricks":78,"minecraft:stone_hoe":1,"minecraft:oak_fence":3,"minecraft:flower_pot":1,"minecraft:redstone_lamp":10,"minecraft:item_frame":3,"minecraft:cooked_porkchop":15,"mcwlights:tavern_lantern":4,"minecraft:diamond_axe":1,"minecraft:crafting_table":2,"minecraft:spruce_planks":44,"mcwlights:tavern_wall_lantern":4,"minecraft:iron_helmet":2,"mcwfences:spruce_picket_fence":3,"minecraft:baked_potato":35,"mcwfurnitures:stripped_birch_counter":5,"minecraft:birch_planks":36,"mcwpaths:diorite_crystal_floor":1,"minecraft:stone_brick_stairs":10,"minecraft:iron_chestplate":2,"minecraft:diamond_pickaxe":2,"minecraft:shield":1,"minecraft:birch_fence":3,"minecraft:stick":76,"minecraft:iron_ingot":115,"minecraft:iron_pickaxe":5,"minecraft:stone_sword":1,"mcwlights:wall_lamp":9,"vtaw_mw:stone_greatsword":1,"xpbook:xp_tome":1,"minecraft:redstone":63,"mcwfurnitures:stripped_birch_coffee_table":3,"minecraft:iron_nugget":27,"mcwdoors:spruce_western_door":3,"minecraft:furnace":7,"mcwpaths:andesite_clover_paving":4,"mcwfurnitures:spruce_desk":4,"minecraft:bone_meal":421,"minecraft:spruce_fence":21,"minecraft:flint_and_steel":1,"minecraft:dark_oak_fence":3,"travelersbackpack:white_sleeping_bag":1,"minecraft:white_concrete_powder":320,"minecraft:iron_axe":1,"minecraft:iron_hoe":1,"minecraft:spruce_slab":6,"minecraft:stone_pickaxe":1,"mcwlights:square_wall_lamp":18,"minecraft:golden_helmet":1,"minecraft:cooked_beef":14,"mcwbridges:bridge_torch":4,"minecraft:bucket":1,"minecraft:stone_axe":1,"minecraft:glowstone":2,"minecraft:air":0,"minecraft:cut_copper":24,"mcwpaths:diorite_windmill_weave":1,"minecraft:white_wool":35,"minecraft:white_dye":64,"minecraft:birch_trapdoor":2,"minecraft:iron_shovel":1,"minecraft:iron_leggings":3,"minecraft:torch":60},"minecraft:killed":{"endofherobrine:silverfish":11,"minecraft:zombified_piglin":5,"minecraft:spider":1,"graveyard:wraith":7,"minecraft:zombie_horse":1,"minecraft:skeleton":4,"minecraft:chicken":58,"screaming_villager:screaming_sheep":1,"minecraft:magma_cube":12,"minecraft:pig":8,"minecraft:creeper":2,"minecraft:trader_llama":2,"minecraft:zombie":42,"alexsmobs:toucan":1,"endofherobrine:chicken":15,"alexsmobs:fly":4,"whisperwoods:moth":1,"cave_dweller:cave_dweller":1,"endofherobrine:cow":1,"endofherobrine:pigman":1,"graveyard:corrupted_pillager":1,"minecraft:blaze":11,"minecraft:cow":8,"midnightlurker:midnight_lurker_aggressive":1,"alexsmobs:gorilla":1,"minecraft:wandering_trader":1,"alexsmobs:emu":1,"old_goatman:old_goatman":4,"alexsmobs:gazelle":6,"minecraft:wither_skeleton":3},"minecraft:mined":{"minecraft:spruce_planks":27,"mcwlights:square_wall_lamp":6,"minecraft:attached_melon_stem":1,"minecraft:farmland":59,"minecraft:jungle_leaves":331,"minecraft:spruce_trapdoor":8,"minecraft:cave_vines_plant":3,"minecraft:grass_block":86,"minecraft:acacia_log":2,"minecraft:white_concrete":129,"minecraft:oak_wall_sign":9,"minecraft:spawner":1,"minecraft:tall_seagrass":1,"minecraft:magma_block":27,"minecraft:glowstone":1,"minecraft:iron_ore":37,"minecraft:barrel":1,"minecraft:fire":19,"minecraft:cobbled_deepslate":4,"mcwfurnitures:spruce_desk":1,"mcwwindows:dark_oak_window":2,"minecraft:cave_vines":1,"minecraft:oak_sign":2,"minecraft:dirt_path":3,"minecraft:spruce_slab":37,"minecraft:tripwire":1,"mcwlights:white_lamp":9,"minecraft:blackstone":72,"minecraft:melon_stem":16,"mcwlights:wall_lamp":2,"minecraft:clay":66,"minecraft:torch":7,"minecraft:note_block":3,"minecraft:blast_furnace":2,"minecraft:poppy":5,"minecraft:melon":38,"minecraft:chest":3,"minecraft:nether_quartz_ore":13,"minecraft:cobblestone":9,"minecraft:white_candle":1,"minecraft:cyan_bed":1,"minecraft:grindstone":1,"minecraft:wall_torch":41,"minecraft:seagrass":4,"minecraft:chain":3,"minecraft:tinted_glass":1,"minecraft:birch_log":5,"minecraft:wheat":58,"minecraft:birch_trapdoor":3,"minecraft:copper_block":9,"minecraft:jukebox":1,"minecraft:stone_brick_stairs":3,"graveyard:dark_oak_coffin":1,"minecraft:grass":23,"minecraft:cracked_deepslate_tiles":1,"graveyard:creeper_skeleton":1,"minecraft:oak_log":101,"minecraft:dark_oak_sapling":2,"minecraft:loom":3,"minecraft:sand":134,"minecraft:dirt":173,"minecraft:stonecutter":2,"minecraft:netherrack":5,"minecraft:deepslate":333,"mcwfurnitures:stripped_birch_counter":4,"mcwfences:spruce_picket_fence":2,"minecraft:oak_leaves":107,"mcwpaths:diorite_crystal_floor":2,"mcwpaths:diorite_flagstone_path":7,"minecraft:deepslate_tiles":2,"minecraft:dark_oak_leaves":28,"minecraft:deepslate_diamond_ore":53,"mcwdoors:spruce_western_door":2,"minecraft:stripped_birch_log":12,"minecraft:dark_oak_log":41,"minecraft:cobbled_deepslate_slab":1,"graveyard:tg_deepslate":1,"mcwpaths:cobbled_deepslate_honeycomb_paving":2,"minecraft:spruce_leaves":67,"graveyard:soul_fire_brazier":1,"minecraft:deepslate_brick_slab":1,"minecraft:spruce_sapling":1,"minecraft:furnace":9,"minecraft:carrots":106,"minecraft:stripped_spruce_log":4,"minecraft:peony":2,"minecraft:nether_brick_fence":1,"minecraft:bookshelf":18,"minecraft:potatoes":47,"mcwlights:birch_ceiling_fan_light":5,"minecraft:deepslate_iron_ore":2,"minecraft:vine":13,"mcwwindows:one_way_glass":1,"minecraft:stripped_oak_log":3,"minecraft:cut_copper":12,"minecraft:stone":467,"minecraft:smithing_table":4,"minecraft:acacia_leaves":188,"mcwfences:oak_horse_fence":1,"minecraft:lily_of_the_valley":4,"minecraft:basalt":11,"minecraft:dandelion":3,"minecraft:oak_fence":1,"minecraft:crafting_table":9,"mcwlights:tavern_lantern":1,"minecraft:rose_bush":2,"minecraft:lectern":2,"minecraft:tall_grass":11,"endofherobrine:glowing_obsidian":1,"minecraft:diorite":389,"horror_element_mod:impaled_head":1,"minecraft:spruce_stairs":5,"minecraft:birch_planks":2,"graveyard:vase_block":3,"minecraft:sweet_berry_bush":16,"minecraft:birch_leaves":2,"minecraft:spruce_log":203,"graveyard:dark_iron_bars":13,"minecraft:coal_ore":127,"minecraft:gravel":191,"minecraft:cobweb":67,"minecraft:stone_bricks":5,"minecraft:fern":3},"minecraft:picked_up":{"sereneseasons:calendar":2,"minecraft:iron_chestplate":9,"minecraft:wheat":79,"minecraft:redstone_block":53,"minecraft:nether_brick_fence":1,"minecraft:smithing_table":4,"minecraft:lead":9,"minecraft:oak_stairs":2,"minecraft:stone_brick_stairs":6,"minecraft:golden_sword":4,"alexsmobs:gazelle_horn":3,"minecraft:dark_oak_pressure_plate":2,"minecraft:string":77,"travelersbackpack:diamond":2,"minecraft:iron_leggings":8,"minecraft:oak_sign":18,"minecraft:deepslate_tiles":4,"minecraft:diamond_leggings":5,"minecraft:cobbled_deepslate":339,"alexsmobs:banana":3,"minecraft:bucket":1,"minecraft:spruce_planks":55,"mcwlights:white_lamp":10,"minecraft:rose_bush":2,"minecraft:iron_pickaxe":8,"vtaw_mw:diamond_longsword":9,"minecraft:melon_slice":203,"minecraft:furnace":13,"minecraft:iron_boots":4,"mcwpaths:stone_windmill_weave":2,"minecraft:stick":71,"mcwpaths:cobbled_deepslate_honeycomb_paving":2,"mcwlights:birch_ceiling_fan_light":5,"minecraft:jukebox":1,"minecraft:birch_trapdoor":3,"mcwfurnitures:stripped_birch_counter":9,"minecraft:torch":296,"minecraft:acacia_log":2,"minecraft:spruce_stairs":7,"minecraft:porkchop":17,"vtaw_mw:stone_greatsword":3,"mcwdoors:spruce_western_door":4,"minecraft:pointed_dripstone":43,"minecraft:diorite":408,"mcwfences:spruce_picket_fence":8,"minecraft:stone_sword":6,"minecraft:rotten_flesh":83,"alexsmobs:emu_egg":1,"minecraft:glowstone":90,"mcwlights:tavern_lantern":1,"minecraft:blaze_rod":5,"minecraft:cobblestone":718,"minecraft:birch_log":5,"minecraft:magma_block":49,"ecologics:walnut":24,"minecraft:feather":120,"minecraft:cooked_beef":13,"minecraft:birch_slab":1,"minecraft:water_bucket":8,"minecraft:andesite":18,"minecraft:copper_block":9,"minecraft:smoker":1,"minecraft:potato":187,"minecraft:flint":67,"graveyard:dark_iron_door":1,"alexsmobs:cooked_kangaroo_meat":2,"travelersbackpack:lime_sleeping_bag":1,"minecraft:stripped_birch_log":16,"minecraft:dirt":379,"minecraft:bone":35,"minecraft:bow":1,"minecraft:stonecutter":2,"minecraft:wheat_seeds":284,"minecraft:deepslate_brick_slab":1,"minecraft:cobbled_deepslate_slab":11,"minecraft:grindstone":1,"minecraft:glowstone_dust":22,"minecraft:stone_hoe":1,"minecraft:oak_planks":64,"mcwlights:wall_lamp":2,"minecraft:poisonous_potato":4,"minecraft:sand":134,"minecraft:stripped_spruce_log":4,"minecraft:cyan_bed":3,"minecraft:ink_sac":3,"minecraft:loom":3,"minecraft:lily_of_the_valley":4,"minecraft:dark_oak_log":41,"mcwlights:square_wall_lamp":6,"mcwwindows:dark_oak_window":2,"minecraft:barrel":3,"alexsmobs:animal_dictionary":13,"travelersbackpack:white_sleeping_bag":1,"minecraft:iron_hoe":3,"minecraft:white_candle":3,"minecraft:diamond":52,"minecraft:bone_meal":14,"minecraft:white_concrete":129,"alexsmobs:maggot":9,"minecraft:oak_sapling":35,"minecraft:netherrack":5,"minecraft:bricks":4,"minecraft:diamond_pickaxe":6,"minecraft:crafting_table":7,"mcwlights:spruce_ceiling_fan_light":1,"minecraft:chicken":70,"minecraft:clay_ball":903,"securitycraft:panic_button":1,"minecraft:chain":3,"minecraft:brick":14,"minecraft:shield":10,"minecraft:cornflower":1,"mcwpaths:diorite_flagstone_path":7,"minecraft:iron_axe":2,"minecraft:flint_and_steel":6,"minecraft:item_frame":14,"minecraft:iron_shovel":1,"graveyard:soul_fire_brazier":1,"minecraft:blackstone":72,"graveyard:corruption":4,"minecraft:beef":14,"graveyard:dark_oak_coffin":1,"minecraft:jungle_sapling":9,"minecraft:poppy":22,"minecraft:spruce_slab":43,"mcwpaths:andesite_clover_paving":2,"minecraft:lectern":2,"minecraft:tinted_glass":1,"minecraft:chest":3,"minecraft:birch_sapling":2,"minecraft:spruce_trapdoor":8,"minecraft:egg":173,"mcwfences:modern_stone_brick_wall":2,"minecraft:dark_oak_sapling":4,"mcwfurnitures:spruce_desk":1,"minecraft:raw_iron":69,"minecraft:stone":69,"mcwpaths:stone_running_bond":2,"minecraft:note_block":3,"minecraft:white_dye":48,"graveyard:dark_iron_bars":13,"minecraft:carrot":533,"minecraft:dark_oak_planks":80,"minecraft:tnt":4,"alexsmobs:kangaroo_burger":1,"minecraft:arrow":17,"minecraft:diamond_chestplate":7,"minecraft:peony":2,"minecraft:nether_bricks":8,"minecraft:shears":7,"minecraft:cut_copper":12,"minecraft:glow_berries":27,"minecraft:mutton":3,"minecraft:cracked_deepslate_tiles":1,"minecraft:stripped_oak_log":3,"minecraft:basalt":11,"minecraft:leather":11,"alexsmobs:acacia_blossom":1,"minecraft:birch_planks":2,"minecraft:oak_log":101,"minecraft:deepslate_tile_slab":3,"mcwpaths:diorite_crystal_floor":237,"minecraft:apple":12,"minecraft:stone_bricks":536,"minecraft:iron_ingot":4,"minecraft:stone_pickaxe":1,"minecraft:cobweb":2,"minecraft:acacia_sapling":5,"minecraft:book":52,"minecraft:dark_oak_slab":1,"minecraft:sweet_berries":21,"minecraft:quartz":13,"minecraft:dandelion":6,"minecraft:gravel":218,"minecraft:spruce_sapling":32,"minecraft:blast_furnace":4,"minecraft:white_bed":3,"minecraft:spruce_log":225,"minecraft:spider_eye":1,"minecraft:diamond_shovel":5,"mcwfences:oak_horse_fence":1,"minecraft:stone_axe":3,"minecraft:iron_helmet":5,"minecraft:diamond_axe":6,"minecraft:painting":1,"minecraft:melon_seeds":31,"minecraft:coal":662},"minecraft:broken":{"minecraft:golden_helmet":1,"minecraft:iron_boots":1,"minecraft:stone_pickaxe":1,"minecraft:iron_axe":1,"minecraft:iron_pickaxe":3,"minecraft:iron_helmet":1}},"DataVersion":3120}