{"stats":{"minecraft:used":{"minecraft:stone_sword":39,"minecraft:birch_planks":1,"minecraft:oak_planks":2,"travelersbackpack:diamond":4,"minecraft:iron_chestplate":4,"minecraft:torch":14,"minecraft:dirt":22,"minecraft:crafting_table":1,"minecraft:painting":1,"minecraft:oak_log":10,"minecraft:apple":3,"minecraft:iron_axe":135,"minecraft:melon_slice":38,"minecraft:iron_pickaxe":259,"minecraft:iron_helmet":4,"minecraft:iron_boots":3,"minecraft:cobblestone":1,"minecraft:furnace":1,"minecraft:oak_sapling":2,"minecraft:egg":1,"minecraft:iron_leggings":4},"minecraft:dropped":{"graveyard:dark_iron_door":1,"travelersbackpack:diamond":1,"minecraft:melon_slice":22,"minecraft:iron_shovel":1,"minecraft:spruce_sapling":1},"minecraft:broken":{"minecraft:iron_axe":1,"minecraft:iron_pickaxe":1},"minecraft:killed_by":{"man:managgresive":1,"minecraft:skeleton":1},"minecraft:custom":{"minecraft:interact_with_furnace":2,"minecraft:mob_kills":36,"minecraft:interact_with_crafting_table":12,"minecraft:leave_game":2,"minecraft:time_since_death":51508,"minecraft:sleep_in_bed":6,"minecraft:climb_one_cm":152,"minecraft:time_since_rest":51566,"minecraft:sprint_one_cm":332407,"minecraft:damage_taken":808,"minecraft:walk_one_cm":291943,"minecraft:drop":26,"minecraft:damage_dealt":7199,"minecraft:swim_one_cm":4306,"minecraft:fly_one_cm":271332,"minecraft:open_chest":36,"minecraft:crouch_one_cm":22718,"minecraft:play_time":117332,"minecraft:deaths":3,"minecraft:sneak_time":11146,"minecraft:walk_under_water_one_cm":6629,"minecraft:jump":1646,"minecraft:interact_with_blast_furnace":1,"minecraft:walk_on_water_one_cm":8856,"minecraft:interact_with_smoker":1,"minecraft:total_world_time":117332,"minecraft:fall_one_cm":39014},"minecraft:killed":{"hordes:zombie_player":1,"minecraft:zombie":33},"minecraft:crafted":{"minecraft:oak_planks":36,"minecraft:crafting_table":1,"minecraft:iron_helmet":2,"minecraft:birch_planks":4,"minecraft:stone_axe":1,"minecraft:iron_boots":3,"minecraft:iron_chestplate":2,"minecraft:shield":1,"minecraft:iron_axe":1,"minecraft:stick":20,"minecraft:iron_ingot":63,"minecraft:iron_pickaxe":2,"minecraft:stone_pickaxe":1,"minecraft:stone_sword":1,"minecraft:iron_leggings":2,"minecraft:torch":16},"minecraft:picked_up":{"minecraft:birch_log":1,"minecraft:iron_chestplate":2,"minecraft:water_bucket":1,"minecraft:birch_planks":1,"minecraft:flint":2,"minecraft:oak_log":19,"graveyard:dark_iron_door":1,"minecraft:shield":1,"minecraft:dirt":22,"minecraft:iron_axe":2,"travelersbackpack:diamond":2,"minecraft:iron_leggings":2,"minecraft:iron_shovel":1,"minecraft:apple":4,"minecraft:iron_ingot":1,"minecraft:iron_pickaxe":2,"minecraft:melon_slice":76,"minecraft:egg":1,"minecraft:furnace":1,"minecraft:raw_iron":16,"minecraft:torch":2,"minecraft:gravel":23,"minecraft:spruce_sapling":1,"minecraft:iron_helmet":2,"minecraft:painting":1,"minecraft:oak_sapling":2,"minecraft:coal":53,"minecraft:cobblestone":185},"minecraft:mined":{"minecraft:crafting_table":1,"minecraft:grass_block":13,"minecraft:melon":16,"minecraft:wall_torch":2,"minecraft:birch_planks":1,"minecraft:birch_log":1,"minecraft:iron_ore":6,"minecraft:oak_log":20,"minecraft:coal_ore":53,"minecraft:gravel":25,"minecraft:dirt":8,"minecraft:stone":185,"minecraft:oak_leaves":24}},"DataVersion":3120}