{"stats":{"minecraft:used":{"minecraft:oak_planks":2,"travelersbackpack:diamond":4,"minecraft:iron_chestplate":4,"minecraft:torch":6,"minecraft:dirt":12,"minecraft:crafting_table":1,"minecraft:painting":1,"minecraft:oak_log":10,"minecraft:apple":3,"minecraft:iron_axe":135,"minecraft:melon_slice":34,"minecraft:iron_pickaxe":119,"minecraft:iron_helmet":4,"minecraft:iron_boots":3,"minecraft:cobblestone":1,"minecraft:oak_sapling":2,"minecraft:furnace":1,"minecraft:egg":1,"minecraft:iron_leggings":4},"minecraft:dropped":{"graveyard:dark_iron_door":1,"travelersbackpack:diamond":1,"minecraft:melon_slice":22,"minecraft:iron_shovel":1,"minecraft:spruce_sapling":1},"minecraft:broken":{"minecraft:iron_axe":1},"minecraft:killed_by":{"man:managgresive":1,"minecraft:skeleton":1},"minecraft:custom":{"minecraft:interact_with_furnace":2,"minecraft:mob_kills":14,"minecraft:interact_with_crafting_table":9,"minecraft:leave_game":2,"minecraft:time_since_death":40299,"minecraft:sleep_in_bed":6,"minecraft:climb_one_cm":152,"minecraft:time_since_rest":40357,"minecraft:sprint_one_cm":309305,"minecraft:damage_taken":808,"minecraft:walk_one_cm":277038,"minecraft:drop":26,"minecraft:damage_dealt":5785,"minecraft:swim_one_cm":4306,"minecraft:fly_one_cm":257758,"minecraft:open_chest":29,"minecraft:crouch_one_cm":20900,"minecraft:play_time":106123,"minecraft:deaths":3,"minecraft:sneak_time":10463,"minecraft:walk_under_water_one_cm":6629,"minecraft:jump":1480,"minecraft:interact_with_blast_furnace":1,"minecraft:walk_on_water_one_cm":8273,"minecraft:total_world_time":106123,"minecraft:interact_with_smoker":1,"minecraft:fall_one_cm":37164},"minecraft:killed":{"hordes:zombie_player":1,"minecraft:zombie":15},"minecraft:crafted":{"minecraft:oak_planks":36,"minecraft:crafting_table":1,"minecraft:iron_helmet":2,"minecraft:iron_chestplate":2,"minecraft:iron_boots":3,"minecraft:shield":1,"minecraft:iron_axe":1,"minecraft:stick":12,"minecraft:iron_ingot":63,"minecraft:iron_pickaxe":2,"minecraft:iron_leggings":2,"minecraft:torch":8},"minecraft:picked_up":{"minecraft:iron_chestplate":2,"minecraft:water_bucket":1,"minecraft:oak_log":19,"graveyard:dark_iron_door":1,"minecraft:shield":1,"minecraft:dirt":14,"minecraft:iron_axe":2,"travelersbackpack:diamond":2,"minecraft:iron_leggings":2,"minecraft:iron_shovel":1,"minecraft:apple":4,"minecraft:iron_ingot":1,"minecraft:iron_pickaxe":2,"minecraft:melon_slice":76,"minecraft:egg":1,"minecraft:furnace":1,"minecraft:raw_iron":16,"minecraft:torch":1,"minecraft:gravel":2,"minecraft:spruce_sapling":1,"minecraft:iron_helmet":2,"minecraft:painting":1,"minecraft:oak_sapling":2,"minecraft:coal":20,"minecraft:cobblestone":89},"minecraft:mined":{"minecraft:crafting_table":1,"minecraft:grass_block":10,"minecraft:melon":16,"minecraft:wall_torch":1,"minecraft:iron_ore":6,"minecraft:coal_ore":20,"minecraft:oak_log":20,"minecraft:gravel":3,"minecraft:dirt":3,"minecraft:stone":89,"minecraft:oak_leaves":24}},"DataVersion":3120}