{"stats":{"minecraft:dropped":{"minecraft:iron_sword":2,"minecraft:wheat_seeds":3,"alexsmobs:animal_dictionary":1,"travelersbackpack:squid":1,"minecraft:raw_iron":23,"minecraft:stone_shovel":1,"minecraft:rotten_flesh":3,"minecraft:birch_wood":1,"minecraft:apple":4,"minecraft:carrot":2,"minecraft:lily_of_the_valley":3,"minecraft:potato":1,"minecraft:shield":1,"minecraft:wooden_axe":1,"minecraft:melon_slice":18,"minecraft:melon_seeds":1,"minecraft:spider_eye":2,"minecraft:iron_axe":1,"horror_element_mod:impaled_head":1,"minecraft:dandelion":2},"minecraft:used":{"minecraft:water_bucket":18,"minecraft:birch_planks":26,"minecraft:stone_shovel":115,"minecraft:stone_pickaxe":10,"minecraft:oak_planks":41,"minecraft:birch_wood":7,"horror_element_mod:impaled_head":1,"minecraft:chest":2,"minecraft:wooden_pickaxe":5,"minecraft:shield":28,"minecraft:iron_sword":109,"minecraft:cobblestone_slab":27,"minecraft:rotten_flesh":4,"minecraft:iron_chestplate":1,"minecraft:torch":1,"minecraft:dirt":141,"minecraft:crafting_table":4,"minecraft:oak_log":10,"minecraft:wooden_axe":28,"minecraft:apple":3,"minecraft:bread":5,"minecraft:iron_axe":98,"minecraft:melon_slice":17,"minecraft:oak_button":7,"minecraft:iron_pickaxe":78,"travelersbackpack:squid":2,"minecraft:iron_helmet":1,"minecraft:iron_boots":1,"minecraft:iron_door":1,"minecraft:cobblestone":2,"minecraft:birch_log":22,"minecraft:bucket":18,"alexsmobs:animal_dictionary":3,"minecraft:iron_leggings":1},"minecraft:custom":{"minecraft:mob_kills":14,"minecraft:interact_with_crafting_table":14,"minecraft:interact_with_stonecutter":7,"minecraft:leave_game":1,"minecraft:time_since_death":26319,"minecraft:sleep_in_bed":11,"minecraft:time_since_rest":6369,"minecraft:sprint_one_cm":298070,"minecraft:damage_taken":1211,"minecraft:walk_one_cm":370476,"minecraft:damage_blocked_by_shield":150,"minecraft:drop":72,"minecraft:damage_dealt":3889,"minecraft:swim_one_cm":1455,"minecraft:fly_one_cm":212687,"minecraft:open_chest":11,"minecraft:crouch_one_cm":3045,"minecraft:play_time":115321,"minecraft:deaths":4,"minecraft:sneak_time":2421,"minecraft:walk_under_water_one_cm":6176,"minecraft:jump":1653,"minecraft:interact_with_blast_furnace":3,"minecraft:walk_on_water_one_cm":12963,"minecraft:total_world_time":115321,"minecraft:fall_one_cm":47808},"minecraft:killed_by":{"man:managgresive":1,"minecraft:player":1,"minecraft:creeper":1,"minecraft:zombie":1},"minecraft:killed":{"endofherobrine:silverfish":1,"hordes:zombie_player":1,"graveyard:revenant":1,"minecraft:spider":1,"minecraft:creeper":1,"minecraft:skeleton":1,"kevin_trophy:blister_zombie":1,"minecraft:zombie":16},"minecraft:crafted":{"minecraft:oak_planks":74,"minecraft:cobblestone_slab":48,"minecraft:stone_shovel":2,"minecraft:birch_wood":6,"minecraft:crafting_table":1,"minecraft:wooden_pickaxe":1,"minecraft:iron_sword":1,"minecraft:cobblestone_stairs":32,"minecraft:birch_planks":56,"minecraft:shield":2,"minecraft:stick":16,"minecraft:iron_ingot":10,"minecraft:iron_pickaxe":1,"minecraft:stone_pickaxe":1,"minecraft:wooden_axe":1,"minecraft:chest":2,"minecraft:oak_button":1,"minecraft:acacia_planks":12},"minecraft:picked_up":{"minecraft:wooden_axe":4,"minecraft:stripped_oak_log":3,"minecraft:birch_log":51,"minecraft:iron_chestplate":2,"minecraft:crafting_table":4,"minecraft:iron_door":1,"minecraft:water_bucket":2,"minecraft:wooden_pickaxe":3,"minecraft:potato":3,"minecraft:birch_planks":43,"minecraft:oak_log":26,"minecraft:shield":5,"minecraft:string":3,"minecraft:dirt":195,"minecraft:iron_axe":6,"minecraft:iron_leggings":2,"minecraft:bone":5,"minecraft:wheat_seeds":4,"minecraft:birch_wood":7,"minecraft:iron_ingot":9,"minecraft:stone_pickaxe":3,"minecraft:cobblestone_slab":4,"minecraft:iron_pickaxe":5,"minecraft:melon_slice":160,"minecraft:sugar_cane":12,"minecraft:iron_sword":5,"minecraft:oak_planks":39,"minecraft:iron_boots":2,"minecraft:stick":21,"minecraft:raw_iron":35,"travelersbackpack:squid":1,"minecraft:sweet_berries":9,"minecraft:torch":1,"minecraft:sand":13,"minecraft:acacia_log":3,"minecraft:dandelion":2,"minecraft:carrot":6,"minecraft:lily_of_the_valley":3,"minecraft:spider_eye":3,"alexsmobs:animal_dictionary":7,"horror_element_mod:impaled_head":2,"minecraft:arrow":6,"minecraft:stone_shovel":5,"minecraft:rotten_flesh":177,"minecraft:iron_helmet":2,"minecraft:bread":14,"minecraft:emerald":3,"minecraft:oak_button":7,"minecraft:oak_sapling":7,"minecraft:melon_seeds":1,"minecraft:coal":8,"minecraft:cobblestone":93},"minecraft:mined":{"minecraft:lily_of_the_valley":5,"minecraft:dandelion":1,"minecraft:crafting_table":3,"minecraft:acacia_log":3,"minecraft:grass_block":72,"minecraft:melon":4,"minecraft:birch_wood":3,"minecraft:sugar_cane":4,"minecraft:oak_planks":5,"minecraft:iron_door":1,"minecraft:wall_torch":1,"minecraft:birch_planks":4,"minecraft:fire":16,"minecraft:birch_log":41,"minecraft:iron_ore":10,"minecraft:sweet_berry_bush":1,"minecraft:peony":1,"minecraft:grass":34,"minecraft:cobblestone_slab":2,"minecraft:coal_ore":4,"minecraft:oak_log":25,"minecraft:sand":14,"minecraft:dirt":56,"minecraft:stripped_oak_log":3,"minecraft:cobweb":3,"minecraft:oak_button":1,"minecraft:stone":75,"minecraft:oak_leaves":2}},"DataVersion":3120}