{"stats":{"minecraft:dropped":{"minecraft:iron_sword":2,"minecraft:wheat_seeds":2,"alexsmobs:animal_dictionary":1,"minecraft:wooden_axe":1,"minecraft:raw_iron":23,"minecraft:rotten_flesh":3,"minecraft:apple":4,"minecraft:dandelion":2,"minecraft:lily_of_the_valley":2},"minecraft:used":{"minecraft:oak_log":1,"minecraft:wooden_axe":28,"minecraft:apple":3,"minecraft:melon_slice":5,"minecraft:iron_axe":9,"minecraft:stone_pickaxe":10,"minecraft:bread":5,"minecraft:wooden_pickaxe":5,"minecraft:iron_sword":4,"minecraft:rotten_flesh":4,"minecraft:dirt":12,"minecraft:crafting_table":3,"alexsmobs:animal_dictionary":3},"minecraft:killed_by":{"minecraft:creeper":1},"minecraft:custom":{"minecraft:time_since_rest":9590,"minecraft:sprint_one_cm":137499,"minecraft:damage_taken":458,"minecraft:walk_one_cm":144783,"minecraft:mob_kills":3,"minecraft:drop":40,"minecraft:damage_dealt":800,"minecraft:interact_with_crafting_table":5,"minecraft:fly_one_cm":114964,"minecraft:open_chest":2,"minecraft:crouch_one_cm":2102,"minecraft:play_time":43321,"minecraft:deaths":1,"minecraft:sneak_time":879,"minecraft:walk_under_water_one_cm":5076,"minecraft:jump":826,"minecraft:interact_with_blast_furnace":3,"minecraft:leave_game":1,"minecraft:walk_on_water_one_cm":7185,"minecraft:time_since_death":31135,"minecraft:sleep_in_bed":1,"minecraft:total_world_time":43321,"minecraft:fall_one_cm":22308},"minecraft:killed":{"kevin_trophy:blister_zombie":1,"minecraft:skeleton":1,"minecraft:zombie":1,"hordes:zombie_player":1},"minecraft:crafted":{"minecraft:oak_planks":20,"minecraft:shield":1,"minecraft:crafting_table":1,"minecraft:iron_pickaxe":1,"minecraft:stick":16,"minecraft:iron_sword":1,"minecraft:iron_ingot":10,"minecraft:wooden_pickaxe":1,"minecraft:stone_pickaxe":1,"minecraft:wooden_axe":1,"minecraft:acacia_planks":12},"minecraft:picked_up":{"minecraft:wooden_axe":1,"minecraft:raw_iron":23,"minecraft:crafting_table":3,"minecraft:dandelion":2,"minecraft:acacia_log":3,"minecraft:oak_log":6,"minecraft:lily_of_the_valley":2,"alexsmobs:animal_dictionary":2,"minecraft:dirt":20,"minecraft:iron_axe":2,"minecraft:bone":2,"minecraft:arrow":4,"minecraft:rotten_flesh":8,"minecraft:wheat_seeds":2,"minecraft:bread":5,"minecraft:oak_sapling":1,"minecraft:melon_slice":22,"minecraft:oak_planks":1,"minecraft:iron_sword":2,"minecraft:cobblestone":5},"minecraft:mined":{"minecraft:iron_ore":10,"minecraft:lily_of_the_valley":1,"minecraft:dandelion":1,"minecraft:crafting_table":3,"minecraft:grass":29,"minecraft:acacia_log":3,"minecraft:grass_block":4,"minecraft:oak_log":5,"minecraft:dirt":15,"minecraft:stone":5,"minecraft:oak_leaves":1}},"DataVersion":3120}