{"stats":{"minecraft:used":{"minecraft:stone_shovel":185,"minecraft:chest":2,"minecraft:shield":29,"minecraft:iron_sword":133,"minecraft:stripped_birch_wood":5,"minecraft:rotten_flesh":4,"minecraft:iron_chestplate":2,"minecraft:torch":4,"minecraft:dirt":152,"minecraft:wooden_axe":28,"minecraft:iron_axe":187,"travelersbackpack:squid":2,"minecraft:iron_helmet":2,"minecraft:iron_boots":1,"minecraft:sweet_berries":9,"minecraft:iron_leggings":1,"minecraft:water_bucket":18,"minecraft:cobblestone_stairs":22,"minecraft:stripped_birch_log":9,"minecraft:birch_planks":33,"minecraft:stone_pickaxe":10,"minecraft:oak_planks":121,"minecraft:birch_wood":7,"horror_element_mod:impaled_head":1,"minecraft:wooden_pickaxe":5,"minecraft:cobblestone_slab":58,"minecraft:crafting_table":4,"minecraft:oak_log":10,"minecraft:apple":4,"minecraft:birch_slab":7,"minecraft:melon_slice":23,"minecraft:bread":5,"minecraft:oak_button":7,"minecraft:iron_pickaxe":136,"minecraft:iron_door":1,"minecraft:cobblestone":16,"minecraft:bucket":18,"minecraft:birch_log":27,"alexsmobs:animal_dictionary":3},"minecraft:dropped":{"minecraft:iron_sword":2,"minecraft:wheat_seeds":3,"travelersbackpack:squid":1,"minecraft:apple":4,"minecraft:wooden_axe":1,"minecraft:melon_slice":18,"minecraft:iron_axe":1,"horror_element_mod:impaled_head":1,"minecraft:dandelion":2,"alexsmobs:animal_dictionary":1,"minecraft:raw_iron":23,"minecraft:stone_shovel":1,"minecraft:rotten_flesh":3,"minecraft:birch_wood":1,"minecraft:carrot":2,"minecraft:lily_of_the_valley":3,"minecraft:potato":1,"minecraft:shield":1,"minecraft:melon_seeds":1,"minecraft:spider_eye":2},"minecraft:broken":{"minecraft:iron_axe":1},"minecraft:killed_by":{"minecraft:player":1,"minecraft:creeper":1,"man:managgresive":1,"minecraft:zombie":1},"minecraft:custom":{"minecraft:mob_kills":16,"minecraft:interact_with_crafting_table":17,"minecraft:leave_game":1,"minecraft:time_since_death":25337,"minecraft:sprint_one_cm":367674,"minecraft:walk_one_cm":464861,"minecraft:damage_blocked_by_shield":170,"minecraft:drop":72,"minecraft:play_time":145321,"minecraft:deaths":5,"minecraft:sneak_time":2709,"minecraft:walk_under_water_one_cm":6176,"minecraft:jump":1929,"minecraft:interact_with_blast_furnace":3,"minecraft:walk_on_water_one_cm":12963,"minecraft:total_world_time":145321,"minecraft:interact_with_stonecutter":8,"minecraft:sleep_in_bed":12,"minecraft:time_since_rest":16836,"minecraft:damage_taken":1428,"minecraft:damage_dealt":4195,"minecraft:swim_one_cm":1455,"minecraft:fly_one_cm":252305,"minecraft:open_chest":17,"minecraft:crouch_one_cm":3435,"minecraft:fall_one_cm":59811},"minecraft:killed":{"endofherobrine:silverfish":1,"hordes:zombie_player":1,"graveyard:revenant":1,"minecraft:spider":2,"minecraft:skeleton":1,"minecraft:creeper":1,"kevin_trophy:blister_zombie":1,"minecraft:zombie":17},"minecraft:crafted":{"minecraft:oak_planks":106,"minecraft:cobblestone_slab":48,"minecraft:stone_shovel":2,"minecraft:birch_wood":6,"minecraft:birch_slab":6,"minecraft:cobblestone_stairs":32,"minecraft:iron_axe":1,"minecraft:stone_pickaxe":1,"minecraft:chest":2,"minecraft:oak_button":1,"minecraft:crafting_table":1,"minecraft:wooden_pickaxe":1,"minecraft:iron_sword":1,"minecraft:birch_planks":64,"minecraft:shield":2,"minecraft:stick":16,"minecraft:iron_pickaxe":1,"minecraft:iron_ingot":10,"minecraft:wooden_axe":1,"minecraft:acacia_planks":12,"minecraft:torch":4},"minecraft:picked_up":{"minecraft:wooden_axe":4,"minecraft:crafting_table":4,"minecraft:iron_chestplate":3,"minecraft:wooden_pickaxe":3,"minecraft:shield":6,"minecraft:string":4,"minecraft:iron_axe":7,"minecraft:iron_leggings":3,"minecraft:cobblestone_slab":10,"minecraft:poppy":1,"minecraft:iron_pickaxe":6,"minecraft:melon_slice":160,"minecraft:sugar_cane":24,"minecraft:iron_boots":3,"minecraft:raw_iron":35,"minecraft:stick":21,"minecraft:torch":1,"minecraft:acacia_log":3,"minecraft:carrot":6,"horror_element_mod:impaled_head":2,"minecraft:rotten_flesh":177,"minecraft:arrow":6,"minecraft:stone_shovel":6,"minecraft:stripped_birch_wood":5,"minecraft:cobblestone":140,"minecraft:stripped_oak_log":3,"minecraft:birch_log":58,"minecraft:iron_door":1,"minecraft:birch_slab":1,"minecraft:water_bucket":3,"minecraft:potato":3,"minecraft:birch_planks":43,"minecraft:oak_log":34,"minecraft:cobblestone_stairs":26,"minecraft:stripped_birch_log":9,"minecraft:dirt":264,"minecraft:bone":5,"minecraft:apple":1,"minecraft:wheat_seeds":4,"minecraft:birch_wood":7,"minecraft:stone_pickaxe":3,"minecraft:iron_ingot":9,"minecraft:oak_planks":93,"minecraft:iron_sword":6,"travelersbackpack:squid":1,"minecraft:sweet_berries":12,"minecraft:dandelion":2,"minecraft:sand":13,"minecraft:lily_of_the_valley":3,"minecraft:spider_eye":3,"alexsmobs:animal_dictionary":7,"minecraft:iron_helmet":3,"minecraft:emerald":3,"minecraft:bread":14,"minecraft:oak_button":7,"minecraft:oak_sapling":14,"minecraft:melon_seeds":1,"minecraft:coal":8},"minecraft:mined":{"minecraft:cobblestone_stairs":4,"minecraft:stripped_birch_log":9,"minecraft:acacia_log":3,"minecraft:grass_block":91,"minecraft:birch_slab":1,"minecraft:iron_ore":10,"minecraft:fire":16,"minecraft:peony":1,"minecraft:cobblestone_slab":6,"minecraft:stripped_oak_log":3,"minecraft:stone":122,"minecraft:lily_of_the_valley":5,"minecraft:dandelion":1,"minecraft:crafting_table":3,"minecraft:poppy":1,"minecraft:melon":4,"minecraft:cobblestone":3,"minecraft:birch_wood":3,"minecraft:oak_planks":59,"minecraft:sugar_cane":4,"minecraft:iron_door":1,"minecraft:wall_torch":1,"minecraft:birch_planks":4,"minecraft:birch_log":48,"minecraft:sweet_berry_bush":2,"minecraft:grass":36,"minecraft:oak_log":31,"minecraft:coal_ore":4,"minecraft:sand":14,"minecraft:dirt":82,"minecraft:stripped_birch_wood":5,"minecraft:cobweb":3,"minecraft:oak_button":1,"minecraft:oak_leaves":2}},"DataVersion":3120}