{"stats":{"minecraft:dropped":{"minecraft:iron_sword":2,"minecraft:wheat_seeds":2,"alexsmobs:animal_dictionary":1,"travelersbackpack:squid":1,"minecraft:raw_iron":23,"minecraft:stone_shovel":1,"minecraft:rotten_flesh":3,"minecraft:birch_wood":1,"minecraft:apple":4,"minecraft:lily_of_the_valley":2,"minecraft:shield":1,"minecraft:wooden_axe":1,"minecraft:spider_eye":1,"minecraft:iron_axe":1,"minecraft:dandelion":2},"minecraft:used":{"minecraft:water_bucket":12,"minecraft:stone_shovel":39,"minecraft:stone_pickaxe":10,"minecraft:oak_planks":8,"minecraft:birch_wood":7,"minecraft:wooden_pickaxe":5,"minecraft:shield":28,"minecraft:iron_sword":76,"minecraft:rotten_flesh":4,"minecraft:iron_chestplate":1,"minecraft:dirt":12,"minecraft:crafting_table":4,"minecraft:oak_log":10,"minecraft:wooden_axe":28,"minecraft:apple":3,"minecraft:bread":5,"minecraft:iron_axe":87,"minecraft:melon_slice":11,"minecraft:oak_button":6,"travelersbackpack:squid":2,"minecraft:iron_helmet":1,"minecraft:iron_boots":1,"minecraft:birch_log":22,"minecraft:bucket":12,"alexsmobs:animal_dictionary":3,"minecraft:iron_leggings":1},"minecraft:killed_by":{"minecraft:player":1,"minecraft:creeper":1,"minecraft:zombie":1},"minecraft:custom":{"minecraft:mob_kills":13,"minecraft:interact_with_crafting_table":12,"minecraft:leave_game":1,"minecraft:time_since_death":8395,"minecraft:sleep_in_bed":4,"minecraft:time_since_rest":4631,"minecraft:sprint_one_cm":212108,"minecraft:damage_taken":881,"minecraft:walk_one_cm":243075,"minecraft:damage_blocked_by_shield":150,"minecraft:drop":46,"minecraft:damage_dealt":3700,"minecraft:fly_one_cm":161367,"minecraft:open_chest":3,"minecraft:crouch_one_cm":2957,"minecraft:play_time":79321,"minecraft:deaths":3,"minecraft:sneak_time":2301,"minecraft:walk_under_water_one_cm":5434,"minecraft:jump":1228,"minecraft:interact_with_blast_furnace":3,"minecraft:walk_on_water_one_cm":7280,"minecraft:total_world_time":79321,"minecraft:fall_one_cm":33777},"minecraft:killed":{"hordes:zombie_player":1,"graveyard:revenant":1,"minecraft:spider":1,"minecraft:creeper":1,"minecraft:skeleton":1,"kevin_trophy:blister_zombie":1,"minecraft:zombie":16},"minecraft:crafted":{"minecraft:oak_planks":74,"minecraft:stone_shovel":2,"minecraft:birch_wood":6,"minecraft:crafting_table":1,"minecraft:wooden_pickaxe":1,"minecraft:iron_sword":1,"minecraft:shield":2,"minecraft:stick":16,"minecraft:iron_ingot":10,"minecraft:iron_pickaxe":1,"minecraft:stone_pickaxe":1,"minecraft:wooden_axe":1,"minecraft:oak_button":1,"minecraft:acacia_planks":12},"minecraft:picked_up":{"minecraft:wooden_axe":3,"minecraft:stripped_oak_log":3,"minecraft:birch_log":51,"minecraft:iron_chestplate":1,"minecraft:crafting_table":4,"minecraft:water_bucket":1,"minecraft:wooden_pickaxe":2,"minecraft:potato":2,"minecraft:oak_log":26,"minecraft:shield":3,"minecraft:dirt":83,"minecraft:iron_axe":5,"minecraft:iron_leggings":1,"minecraft:bone":4,"minecraft:wheat_seeds":2,"minecraft:birch_wood":5,"minecraft:iron_ingot":6,"minecraft:stone_pickaxe":2,"minecraft:iron_pickaxe":3,"minecraft:melon_slice":50,"minecraft:iron_sword":4,"minecraft:oak_planks":6,"minecraft:iron_boots":1,"minecraft:stick":14,"minecraft:raw_iron":29,"travelersbackpack:squid":1,"minecraft:sweet_berries":6,"minecraft:acacia_log":3,"minecraft:dandelion":2,"minecraft:carrot":4,"minecraft:lily_of_the_valley":2,"minecraft:spider_eye":2,"alexsmobs:animal_dictionary":5,"minecraft:arrow":6,"minecraft:stone_shovel":3,"minecraft:rotten_flesh":121,"minecraft:iron_helmet":1,"minecraft:bread":11,"minecraft:emerald":2,"minecraft:oak_button":5,"minecraft:oak_sapling":5,"minecraft:cobblestone":9},"minecraft:mined":{"minecraft:lily_of_the_valley":1,"minecraft:dandelion":1,"minecraft:crafting_table":3,"minecraft:acacia_log":3,"minecraft:grass_block":22,"minecraft:birch_wood":3,"minecraft:oak_planks":2,"minecraft:birch_log":41,"minecraft:iron_ore":10,"minecraft:sweet_berry_bush":1,"minecraft:grass":31,"minecraft:oak_log":25,"minecraft:dirt":36,"minecraft:stripped_oak_log":3,"minecraft:oak_button":1,"minecraft:stone":5,"minecraft:oak_leaves":1}},"DataVersion":3120}