{"stats":{"minecraft:dropped":{"minecraft:rotten_flesh":3,"minecraft:wheat_seeds":2},"minecraft:used":{"minecraft:bread":4},"minecraft:custom":{"minecraft:jump":190,"minecraft:time_since_rest":7321,"minecraft:damage_dealt":270,"minecraft:damage_taken":100,"minecraft:sprint_one_cm":34495,"minecraft:leave_game":1,"minecraft:play_time":7321,"minecraft:walk_on_water_one_cm":3988,"minecraft:time_since_death":7321,"minecraft:walk_one_cm":27188,"minecraft:sneak_time":2,"minecraft:total_world_time":7321,"minecraft:walk_under_water_one_cm":606,"minecraft:mob_kills":1,"minecraft:drop":5,"minecraft:fall_one_cm":5809,"minecraft:fly_one_cm":33909},"minecraft:picked_up":{"minecraft:bread":5,"minecraft:rotten_flesh":6,"minecraft:wheat_seeds":2},"minecraft:mined":{"minecraft:grass":13}},"DataVersion":3120}