{"stats":{"minecraft:custom":{"minecraft:interact_with_crafting_table":62,"minecraft:open_barrel":6,"minecraft:leave_game":19,"minecraft:time_since_death":2773,"minecraft:sprint_one_cm":1458133,"minecraft:damage_blocked_by_shield":1991,"minecraft:drop":138,"minecraft:talked_to_villager":4,"minecraft:play_time":507180,"minecraft:deaths":16,"minecraft:jump":7079,"minecraft:walk_on_water_one_cm":56265,"minecraft:interact_with_furnace":23,"minecraft:interact_with_loom":2,"minecraft:sleep_in_bed":46,"minecraft:damage_dealt":9604,"minecraft:crouch_one_cm":10446,"minecraft:interact_with_smoker":8,"minecraft:mob_kills":34,"minecraft:climb_one_cm":13298,"minecraft:walk_one_cm":1689991,"minecraft:sneak_time":7621,"minecraft:walk_under_water_one_cm":78064,"minecraft:interact_with_lectern":2,"minecraft:interact_with_blast_furnace":14,"minecraft:total_world_time":507180,"minecraft:interact_with_stonecutter":14,"minecraft:time_since_rest":2804,"minecraft:damage_taken":7457,"minecraft:swim_one_cm":49104,"minecraft:fly_one_cm":999715,"minecraft:open_chest":131,"minecraft:fall_one_cm":236784},"minecraft:used":{"vtaw_mw:iron_katana":2,"minecraft:writable_book":1,"minecraft:oak_sign":11,"minecraft:chest":2,"minecraft:shield":99,"minecraft:iron_sword":362,"minecraft:rotten_flesh":4,"minecraft:iron_chestplate":4,"minecraft:oxidized_cut_copper":1,"minecraft:carrot":104,"minecraft:snowball":7,"minecraft:iron_helmet":4,"minecraft:stone_bricks":57,"minecraft:birch_trapdoor":2,"travelersbackpack:red_sleeping_bag":4,"minecraft:sweet_berries":12,"minecraft:oak_sapling":4,"minecraft:egg":32,"minecraft:potato":33,"travelersbackpack:spider":2,"minecraft:dark_oak_stairs":2,"minecraft:stripped_birch_log":9,"minecraft:stone_pickaxe":216,"minecraft:birch_wood":7,"minecraft:oak_planks":228,"horror_element_mod:impaled_head":1,"minecraft:ender_pearl":3,"minecraft:wooden_pickaxe":25,"minecraft:sugar_cane":12,"minecraft:sand":10,"minecraft:black_bed":3,"minecraft:birch_slab":7,"minecraft:bread":8,"minecraft:melon_slice":43,"minecraft:oak_pressure_plate":3,"minecraft:iron_door":1,"minecraft:birch_log":27,"minecraft:iron_bars":1,"minecraft:stone_shovel":368,"minecraft:stripped_birch_wood":5,"minecraft:wooden_shovel":118,"minecraft:torch":57,"minecraft:dirt":270,"minecraft:anvil":1,"minecraft:diamond_helmet":2,"minecraft:wooden_axe":28,"minecraft:iron_axe":309,"travelersbackpack:squid":2,"minecraft:iron_boots":3,"minecraft:diamond_chestplate":2,"minecraft:golden_carrot":12,"minecraft:cobbled_deepslate":7,"minecraft:acacia_planks":2,"minecraft:iron_leggings":3,"minecraft:wheat_seeds":28,"minecraft:water_bucket":123,"minecraft:cobblestone_stairs":24,"minecraft:birch_planks":144,"minecraft:baked_potato":17,"minecraft:cobblestone_slab":64,"minecraft:crafting_table":7,"minecraft:white_bed":2,"minecraft:oak_log":11,"minecraft:wooden_hoe":32,"minecraft:apple":4,"minecraft:oak_button":7,"minecraft:iron_pickaxe":656,"alexsmobs:kangaroo_meat":2,"minecraft:stone_axe":99,"minecraft:cobblestone":106,"travelersbackpack:standard":17,"minecraft:bucket":130,"alexsmobs:animal_dictionary":5,"minecraft:stripped_oak_log":3},"minecraft:mined":{"minecraft:cobblestone_stairs":4,"travelersbackpack:red_sleeping_bag":4,"minecraft:acacia_log":3,"minecraft:grass_block":136,"minecraft:oak_pressure_plate":3,"minecraft:oak_wall_sign":4,"minecraft:iron_ore":16,"minecraft:fire":28,"graveyard:leaning_wither_skeleton":2,"minecraft:anvil":1,"minecraft:dark_oak_stairs":2,"minecraft:dirt_path":1,"minecraft:pointed_dripstone":1,"minecraft:oak_sign":3,"minecraft:iron_bars":1,"minecraft:torch":22,"minecraft:poppy":2,"minecraft:melon":4,"minecraft:cobblestone":23,"minecraft:birch_wood":3,"graveyard:skeleton_hand":1,"minecraft:sugar_cane":4,"minecraft:oak_planks":68,"minecraft:iron_door":1,"minecraft:wall_torch":6,"minecraft:birch_log":74,"minecraft:wheat":27,"minecraft:black_bed":4,"graveyard:skull_pile":1,"minecraft:grass":104,"graveyard:creeper_skeleton":1,"minecraft:oak_log":107,"minecraft:sand":17,"minecraft:dirt":188,"minecraft:stripped_birch_wood":5,"minecraft:oak_leaves":12,"minecraft:deepslate":26,"minecraft:stripped_birch_log":10,"minecraft:glow_lichen":1,"travelersbackpack:white_sleeping_bag":1,"minecraft:birch_slab":2,"minecraft:oxidized_cut_copper":1,"minecraft:carrots":30,"minecraft:andesite":1,"minecraft:peony":1,"minecraft:bookshelf":35,"minecraft:potatoes":15,"minecraft:cobblestone_slab":8,"minecraft:stripped_oak_log":10,"minecraft:stone":724,"minecraft:lily_of_the_valley":5,"minecraft:dandelion":1,"travelersbackpack:standard":1,"minecraft:crafting_table":6,"minecraft:lectern":1,"minecraft:tall_grass":17,"minecraft:deepslate_gold_ore":1,"minecraft:birch_planks":10,"minecraft:sweet_berry_bush":5,"minecraft:coal_ore":51,"minecraft:dripstone_block":1,"minecraft:gravel":1,"graveyard:leaning_skeleton":2,"minecraft:cobweb":5,"minecraft:acacia_planks":2,"minecraft:oak_button":1,"minecraft:stone_bricks":8},"minecraft:picked_up":{"minecraft:wooden_axe":4,"minecraft:iron_chestplate":12,"minecraft:wheat":26,"minecraft:anvil":1,"minecraft:enchanted_book":8,"minecraft:string":20,"minecraft:iron_leggings":6,"minecraft:oak_sign":11,"minecraft:cobbled_deepslate":85,"minecraft:bucket":3,"minecraft:cobblestone_slab":12,"minecraft:wooden_shovel":1,"minecraft:iron_pickaxe":14,"minecraft:melon_slice":224,"minecraft:iron_boots":5,"minecraft:stick":49,"minecraft:birch_trapdoor":1,"minecraft:torch":247,"minecraft:acacia_log":3,"mcwbridges:glass_bridge_stair":1,"securitycraft:camera_monitor":1,"minecraft:pointed_dripstone":103,"minecraft:rotten_flesh":193,"minecraft:mangrove_roots":1,"minecraft:stripped_birch_wood":5,"minecraft:iron_bars":1,"minecraft:snowball":7,"minecraft:cobblestone":1542,"minecraft:birch_log":84,"minecraft:feather":4,"minecraft:iron_door":1,"minecraft:birch_slab":4,"minecraft:water_bucket":9,"minecraft:andesite":3,"minecraft:black_bed":5,"minecraft:potato":120,"minecraft:dirt":665,"minecraft:stripped_birch_log":10,"minecraft:name_tag":4,"minecraft:bone":81,"minecraft:acacia_planks":2,"minecraft:wheat_seeds":103,"minecraft:raw_gold":1,"minecraft:birch_wood":7,"minecraft:diamond_helmet":3,"minecraft:oak_planks":261,"travelersbackpack:squid":1,"minecraft:oak_pressure_plate":3,"minecraft:sand":29,"minecraft:cyan_bed":2,"minecraft:fermented_spider_eye":1,"minecraft:lily_of_the_valley":3,"alexsmobs:animal_dictionary":9,"alexsmobs:kangaroo_hide":2,"minecraft:writable_book":1,"minecraft:bone_meal":12,"minecraft:bread":30,"minecraft:emerald":3,"alexsmobs:maggot":1,"minecraft:oak_sapling":27,"minecraft:crafting_table":9,"minecraft:chicken":4,"minecraft:ladder":1,"minecraft:wooden_pickaxe":4,"spelunkers_charm:deepslate_rock":21,"minecraft:shield":15,"minecraft:iron_axe":12,"graveyard:corruption":1,"minecraft:poppy":3,"minecraft:lectern":4,"minecraft:sugar_cane":48,"minecraft:birch_sapling":1,"minecraft:egg":32,"minecraft:raw_iron":47,"minecraft:carrot":172,"vtaw_mw:iron_katana":1,"minecraft:dark_oak_planks":1,"horror_element_mod:impaled_head":2,"alexsmobs:kangaroo_burger":1,"minecraft:diamond_chestplate":3,"minecraft:arrow":10,"minecraft:stone_shovel":11,"minecraft:skeleton_skull":2,"alexsmobs:kangaroo_meat":2,"minecraft:white_wool":2,"minecraft:stripped_oak_log":10,"minecraft:golden_carrot":29,"travelersbackpack:red_sleeping_bag":4,"minecraft:birch_planks":68,"spelunkers_charm:old_miners_bundle":2,"minecraft:oak_log":109,"minecraft:cobblestone_stairs":91,"minecraft:apple":1,"minecraft:stone_bricks":34,"minecraft:stone_pickaxe":7,"minecraft:iron_ingot":9,"minecraft:dark_oak_stairs":2,"minecraft:iron_sword":18,"minecraft:oxidized_cut_copper":1,"minecraft:book":312,"minecraft:sweet_berries":12,"minecraft:dandelion":2,"minecraft:dripstone_block":10,"minecraft:gravel":1,"minecraft:white_bed":2,"minecraft:spider_eye":3,"travelersbackpack:standard":2,"minecraft:stone_axe":2,"minecraft:iron_helmet":7,"minecraft:oak_button":7,"minecraft:baked_potato":46,"minecraft:melon_seeds":9,"minecraft:coal":95,"minecraft:ender_pearl":8},"minecraft:killed_by":{"minecraft:creeper":1,"man:managgresive":2,"minecraft:zombie":1,"endofherobrine:pig":1,"graveyard:wraith":1,"minecraft:husk":1,"minecraft:player":2,"minecraft:skeleton":1,"alexsmobs:kangaroo":1},"minecraft:broken":{"minecraft:wooden_shovel":2,"minecraft:stone_pickaxe":1,"minecraft:iron_sword":1,"minecraft:stone_shovel":2,"minecraft:iron_axe":1,"minecraft:iron_pickaxe":1},"minecraft:killed":{"endofherobrine:silverfish":1,"minecraft:spider":2,"graveyard:wraith":4,"minecraft:skeleton":2,"graveyard:acolyte":1,"alexsmobs:leafcutter_ant":1,"minecraft:creeper":1,"kevin_trophy:blister_zombie":2,"minecraft:zombie":23,"endofherobrine:chicken":3,"alexsmobs:fly":1,"whisperwoods:moth":1,"graveyard:revenant":1,"minecraft:husk":2,"minecraft:enderman":1},"minecraft:dropped":{"minecraft:iron_sword":5,"minecraft:baked_potato":10,"minecraft:crafting_table":1,"minecraft:black_bed":1,"graveyard:corruption":1,"minecraft:cobblestone_stairs":1,"minecraft:dirt":2,"alexsmobs:kangaroo_burger":1,"minecraft:writable_book":1,"minecraft:bone_meal":12,"minecraft:sand":13,"minecraft:dark_oak_planks":1,"minecraft:gravel":1,"minecraft:stone_axe":1,"minecraft:mangrove_roots":1,"alexsmobs:animal_dictionary":3,"mcwbridges:glass_bridge_stair":1,"minecraft:birch_sapling":1,"minecraft:pointed_dripstone":13,"minecraft:rotten_flesh":4,"minecraft:birch_wood":1,"minecraft:carrot":2,"minecraft:melon_seeds":1,"securitycraft:camera_monitor":1,"minecraft:wheat_seeds":6,"minecraft:dripstone_block":10,"travelersbackpack:squid":1,"minecraft:cobblestone":1,"minecraft:apple":4,"spelunkers_charm:old_miners_bundle":1,"spelunkers_charm:deepslate_rock":14,"minecraft:stick":2,"minecraft:wooden_axe":1,"minecraft:melon_slice":18,"minecraft:iron_axe":2,"horror_element_mod:impaled_head":1,"minecraft:dandelion":2,"alexsmobs:maggot":1,"minecraft:raw_iron":23,"minecraft:stone_shovel":1,"minecraft:lily_of_the_valley":3,"minecraft:potato":65,"minecraft:stone":40,"minecraft:shield":2,"minecraft:oak_sapling":1,"minecraft:spider_eye":2,"minecraft:wooden_pickaxe":1,"minecraft:raw_gold":1,"minecraft:cyan_bed":2},"minecraft:crafted":{"minecraft:oak_planks":254,"minecraft:cobblestone_slab":54,"minecraft:oak_sign":6,"minecraft:birch_wood":6,"minecraft:birch_slab":6,"minecraft:stone":115,"minecraft:cobblestone_stairs":32,"minecraft:diamond_helmet":1,"minecraft:chest":2,"minecraft:oak_button":1,"minecraft:stone_bricks":3,"minecraft:wooden_shovel":2,"minecraft:crafting_table":2,"minecraft:wooden_pickaxe":2,"minecraft:baked_potato":26,"minecraft:birch_planks":180,"travelersbackpack:red_sleeping_bag":1,"minecraft:wooden_hoe":1,"minecraft:shield":3,"minecraft:stick":64,"minecraft:iron_ingot":25,"minecraft:iron_pickaxe":4,"minecraft:stone_shovel":3,"travelersbackpack:white_sleeping_bag":1,"minecraft:iron_axe":2,"minecraft:stone_pickaxe":3,"travelersbackpack:spider":1,"minecraft:red_dye":1,"minecraft:iron_sword":3,"minecraft:bucket":1,"minecraft:stone_axe":1,"minecraft:air":0,"minecraft:white_wool":1,"vtaw_mw:iron_katana":1,"minecraft:wooden_axe":2,"minecraft:birch_trapdoor":2,"minecraft:acacia_planks":12,"minecraft:torch":88,"minecraft:diamond_chestplate":1}},"DataVersion":3120}