{"stats":{"minecraft:dropped":{"minecraft:iron_sword":2,"minecraft:wheat_seeds":2,"alexsmobs:animal_dictionary":1,"travelersbackpack:squid":1,"minecraft:raw_iron":23,"minecraft:rotten_flesh":3,"minecraft:apple":4,"minecraft:lily_of_the_valley":2,"minecraft:shield":1,"minecraft:wooden_axe":1,"minecraft:dandelion":2},"minecraft:used":{"minecraft:water_bucket":12,"minecraft:stone_pickaxe":10,"minecraft:wooden_pickaxe":5,"minecraft:shield":28,"minecraft:iron_sword":51,"minecraft:rotten_flesh":4,"minecraft:iron_chestplate":1,"minecraft:dirt":12,"minecraft:crafting_table":4,"minecraft:oak_log":10,"minecraft:wooden_axe":28,"minecraft:apple":3,"minecraft:bread":5,"minecraft:iron_axe":27,"minecraft:melon_slice":8,"minecraft:oak_button":6,"travelersbackpack:squid":2,"minecraft:iron_helmet":1,"minecraft:iron_boots":1,"minecraft:bucket":12,"alexsmobs:animal_dictionary":3,"minecraft:iron_leggings":1},"minecraft:killed_by":{"minecraft:creeper":1,"minecraft:zombie":1},"minecraft:custom":{"minecraft:mob_kills":12,"minecraft:interact_with_crafting_table":10,"minecraft:leave_game":1,"minecraft:time_since_death":22150,"minecraft:sleep_in_bed":2,"minecraft:time_since_rest":11302,"minecraft:sprint_one_cm":182977,"minecraft:damage_taken":748,"minecraft:walk_one_cm":214627,"minecraft:damage_blocked_by_shield":150,"minecraft:drop":42,"minecraft:damage_dealt":3247,"minecraft:fly_one_cm":141114,"minecraft:open_chest":3,"minecraft:crouch_one_cm":2957,"minecraft:play_time":67321,"minecraft:deaths":2,"minecraft:sneak_time":2301,"minecraft:walk_under_water_one_cm":5434,"minecraft:jump":1088,"minecraft:interact_with_blast_furnace":3,"minecraft:walk_on_water_one_cm":7280,"minecraft:total_world_time":67321,"minecraft:fall_one_cm":29874},"minecraft:killed":{"hordes:zombie_player":1,"graveyard:revenant":1,"minecraft:skeleton":1,"kevin_trophy:blister_zombie":1,"minecraft:zombie":16},"minecraft:crafted":{"minecraft:oak_planks":38,"minecraft:stone_shovel":2,"minecraft:crafting_table":1,"minecraft:wooden_pickaxe":1,"minecraft:iron_sword":1,"minecraft:shield":2,"minecraft:stick":16,"minecraft:iron_ingot":10,"minecraft:iron_pickaxe":1,"minecraft:stone_pickaxe":1,"minecraft:wooden_axe":1,"minecraft:oak_button":1,"minecraft:acacia_planks":12},"minecraft:picked_up":{"minecraft:wooden_axe":2,"minecraft:stripped_oak_log":3,"minecraft:birch_log":6,"minecraft:crafting_table":4,"minecraft:wooden_pickaxe":1,"minecraft:potato":1,"minecraft:oak_log":17,"minecraft:shield":1,"minecraft:dirt":28,"minecraft:iron_axe":3,"minecraft:bone":3,"minecraft:wheat_seeds":2,"minecraft:iron_ingot":3,"minecraft:stone_pickaxe":1,"minecraft:iron_pickaxe":1,"minecraft:melon_slice":39,"minecraft:iron_sword":3,"minecraft:oak_planks":4,"minecraft:stick":7,"minecraft:raw_iron":23,"travelersbackpack:squid":1,"minecraft:sweet_berries":3,"minecraft:acacia_log":3,"minecraft:dandelion":2,"minecraft:carrot":2,"minecraft:lily_of_the_valley":2,"alexsmobs:animal_dictionary":3,"minecraft:arrow":6,"minecraft:rotten_flesh":65,"minecraft:bread":8,"minecraft:emerald":1,"minecraft:oak_button":5,"minecraft:oak_sapling":2,"minecraft:cobblestone":7},"minecraft:mined":{"minecraft:lily_of_the_valley":1,"minecraft:dandelion":1,"minecraft:crafting_table":3,"minecraft:acacia_log":3,"minecraft:grass_block":4,"minecraft:birch_log":6,"minecraft:iron_ore":10,"minecraft:sweet_berry_bush":1,"minecraft:grass":30,"minecraft:oak_log":16,"minecraft:dirt":15,"minecraft:stripped_oak_log":3,"minecraft:oak_button":1,"minecraft:stone":5,"minecraft:oak_leaves":1}},"DataVersion":3120}