{"stats":{"minecraft:used":{"minecraft:stone_shovel":232,"minecraft:oak_sign":4,"minecraft:chest":2,"minecraft:shield":33,"minecraft:iron_sword":175,"minecraft:stripped_birch_wood":5,"minecraft:rotten_flesh":4,"minecraft:iron_chestplate":2,"minecraft:torch":7,"minecraft:dirt":158,"minecraft:wooden_axe":28,"minecraft:iron_axe":215,"travelersbackpack:squid":2,"minecraft:iron_helmet":2,"minecraft:iron_boots":2,"minecraft:sweet_berries":9,"minecraft:iron_leggings":2,"minecraft:water_bucket":26,"minecraft:cobblestone_stairs":22,"minecraft:stripped_birch_log":9,"minecraft:birch_planks":33,"minecraft:stone_pickaxe":10,"minecraft:oak_planks":129,"minecraft:birch_wood":7,"horror_element_mod:impaled_head":1,"minecraft:wooden_pickaxe":5,"minecraft:cobblestone_slab":58,"minecraft:crafting_table":5,"minecraft:oak_log":10,"minecraft:apple":4,"minecraft:birch_slab":7,"minecraft:melon_slice":31,"minecraft:bread":5,"minecraft:oak_button":7,"minecraft:iron_pickaxe":152,"minecraft:iron_door":1,"minecraft:cobblestone":26,"minecraft:bucket":25,"minecraft:birch_log":27,"alexsmobs:animal_dictionary":3},"minecraft:dropped":{"minecraft:iron_sword":2,"minecraft:wheat_seeds":3,"minecraft:crafting_table":1,"travelersbackpack:squid":1,"minecraft:apple":4,"minecraft:wooden_axe":1,"minecraft:melon_slice":18,"minecraft:iron_axe":1,"horror_element_mod:impaled_head":1,"minecraft:dandelion":2,"alexsmobs:animal_dictionary":1,"minecraft:raw_iron":23,"minecraft:stone_shovel":1,"minecraft:rotten_flesh":3,"minecraft:birch_wood":1,"minecraft:carrot":2,"minecraft:lily_of_the_valley":3,"minecraft:potato":1,"minecraft:shield":1,"minecraft:melon_seeds":1,"minecraft:spider_eye":2},"minecraft:broken":{"minecraft:iron_axe":1,"minecraft:stone_shovel":1},"minecraft:killed_by":{"minecraft:player":1,"minecraft:creeper":1,"man:managgresive":1,"minecraft:skeleton":1,"minecraft:zombie":1},"minecraft:custom":{"minecraft:mob_kills":18,"minecraft:interact_with_crafting_table":18,"minecraft:leave_game":1,"minecraft:time_since_death":2402,"minecraft:sprint_one_cm":422629,"minecraft:walk_one_cm":546353,"minecraft:damage_blocked_by_shield":320,"minecraft:drop":73,"minecraft:play_time":171684,"minecraft:deaths":6,"minecraft:sneak_time":2737,"minecraft:walk_under_water_one_cm":7160,"minecraft:jump":2332,"minecraft:interact_with_blast_furnace":3,"minecraft:walk_on_water_one_cm":13692,"minecraft:total_world_time":171684,"minecraft:interact_with_stonecutter":8,"minecraft:sleep_in_bed":17,"minecraft:time_since_rest":2436,"minecraft:damage_taken":1754,"minecraft:damage_dealt":4881,"minecraft:swim_one_cm":1455,"minecraft:fly_one_cm":280521,"minecraft:open_chest":20,"minecraft:crouch_one_cm":3435,"minecraft:fall_one_cm":68391},"minecraft:killed":{"endofherobrine:silverfish":1,"hordes:zombie_player":1,"graveyard:revenant":1,"minecraft:spider":2,"minecraft:skeleton":2,"minecraft:creeper":1,"kevin_trophy:blister_zombie":1,"minecraft:zombie":18},"minecraft:crafted":{"minecraft:oak_planks":122,"minecraft:cobblestone_slab":48,"minecraft:stone_shovel":2,"minecraft:oak_sign":6,"minecraft:birch_wood":6,"minecraft:birch_slab":6,"minecraft:cobblestone_stairs":32,"minecraft:iron_axe":1,"minecraft:stone_pickaxe":1,"minecraft:chest":2,"minecraft:oak_button":1,"minecraft:crafting_table":1,"minecraft:wooden_pickaxe":1,"minecraft:iron_sword":1,"minecraft:birch_planks":64,"minecraft:shield":2,"minecraft:stick":16,"minecraft:iron_pickaxe":1,"minecraft:iron_ingot":10,"minecraft:wooden_axe":1,"minecraft:acacia_planks":12,"minecraft:torch":4},"minecraft:picked_up":{"minecraft:wooden_axe":4,"minecraft:crafting_table":8,"minecraft:iron_chestplate":4,"minecraft:wooden_pickaxe":3,"minecraft:shield":7,"minecraft:string":5,"minecraft:iron_axe":7,"minecraft:iron_leggings":4,"minecraft:oak_sign":2,"minecraft:bucket":1,"minecraft:cobblestone_slab":10,"minecraft:poppy":2,"minecraft:iron_pickaxe":7,"minecraft:melon_slice":219,"minecraft:sugar_cane":36,"minecraft:iron_boots":4,"minecraft:raw_iron":35,"minecraft:stick":23,"minecraft:torch":3,"minecraft:acacia_log":3,"minecraft:carrot":6,"horror_element_mod:impaled_head":2,"minecraft:rotten_flesh":179,"minecraft:arrow":7,"minecraft:stone_shovel":7,"minecraft:stripped_birch_wood":5,"minecraft:cobblestone":211,"minecraft:stripped_oak_log":3,"minecraft:birch_log":58,"minecraft:iron_door":1,"minecraft:birch_slab":3,"minecraft:water_bucket":3,"minecraft:andesite":2,"minecraft:potato":3,"minecraft:birch_planks":63,"minecraft:oak_log":47,"minecraft:cobblestone_stairs":40,"minecraft:stripped_birch_log":9,"minecraft:dirt":315,"minecraft:bone":7,"minecraft:apple":1,"minecraft:wheat_seeds":6,"minecraft:birch_wood":7,"minecraft:stone_pickaxe":3,"minecraft:iron_ingot":9,"minecraft:oak_planks":111,"minecraft:iron_sword":7,"travelersbackpack:squid":1,"minecraft:sweet_berries":12,"minecraft:dandelion":2,"minecraft:sand":13,"minecraft:lily_of_the_valley":3,"minecraft:spider_eye":3,"alexsmobs:animal_dictionary":8,"minecraft:iron_helmet":3,"minecraft:emerald":3,"minecraft:bread":17,"minecraft:oak_button":7,"minecraft:oak_sapling":18,"minecraft:melon_seeds":1,"minecraft:coal":13},"minecraft:mined":{"minecraft:cobblestone_stairs":4,"minecraft:stripped_birch_log":9,"minecraft:acacia_log":3,"minecraft:grass_block":91,"minecraft:birch_slab":2,"minecraft:iron_ore":10,"minecraft:fire":16,"minecraft:andesite":1,"minecraft:peony":1,"minecraft:cobblestone_slab":6,"minecraft:stripped_oak_log":3,"minecraft:stone":136,"minecraft:lily_of_the_valley":5,"minecraft:dandelion":1,"minecraft:crafting_table":5,"minecraft:torch":1,"minecraft:poppy":1,"minecraft:melon":4,"minecraft:cobblestone":3,"minecraft:birch_wood":3,"minecraft:oak_planks":67,"minecraft:sugar_cane":4,"minecraft:iron_door":1,"minecraft:wall_torch":2,"minecraft:birch_planks":6,"minecraft:birch_log":48,"minecraft:sweet_berry_bush":2,"minecraft:grass":36,"minecraft:oak_log":44,"minecraft:coal_ore":5,"minecraft:sand":14,"minecraft:dirt":87,"minecraft:stripped_birch_wood":5,"minecraft:cobweb":3,"minecraft:oak_button":1,"minecraft:oak_leaves":5}},"DataVersion":3120}