{"stats":{"minecraft:dropped":{"minecraft:wheat_seeds":2,"alexsmobs:animal_dictionary":1,"minecraft:wooden_axe":1,"minecraft:rotten_flesh":3,"minecraft:dandelion":2,"minecraft:lily_of_the_valley":2},"minecraft:used":{"minecraft:wooden_axe":28,"minecraft:iron_axe":5,"minecraft:bread":5,"minecraft:rotten_flesh":4,"minecraft:dirt":2,"minecraft:crafting_table":1,"alexsmobs:animal_dictionary":2},"minecraft:killed_by":{"minecraft:creeper":1},"minecraft:custom":{"minecraft:time_since_rest":7190,"minecraft:sprint_one_cm":79179,"minecraft:damage_taken":360,"minecraft:walk_one_cm":68714,"minecraft:mob_kills":3,"minecraft:drop":11,"minecraft:damage_dealt":754,"minecraft:interact_with_crafting_table":1,"minecraft:fly_one_cm":82115,"minecraft:open_chest":1,"minecraft:crouch_one_cm":38,"minecraft:play_time":19321,"minecraft:deaths":1,"minecraft:sneak_time":169,"minecraft:walk_under_water_one_cm":5076,"minecraft:jump":531,"minecraft:leave_game":1,"minecraft:walk_on_water_one_cm":7185,"minecraft:time_since_death":7135,"minecraft:total_world_time":19321,"minecraft:fall_one_cm":13259},"minecraft:killed":{"kevin_trophy:blister_zombie":1,"minecraft:skeleton":1,"hordes:zombie_player":1},"minecraft:crafted":{"minecraft:crafting_table":1,"minecraft:stick":4,"minecraft:wooden_pickaxe":1,"minecraft:wooden_axe":1,"minecraft:acacia_planks":12},"minecraft:picked_up":{"minecraft:wooden_axe":1,"minecraft:crafting_table":1,"minecraft:dandelion":2,"minecraft:acacia_log":3,"minecraft:oak_log":5,"minecraft:lily_of_the_valley":2,"alexsmobs:animal_dictionary":2,"minecraft:dirt":2,"minecraft:iron_axe":2,"minecraft:bone":2,"minecraft:arrow":4,"minecraft:rotten_flesh":7,"minecraft:wheat_seeds":2,"minecraft:bread":5},"minecraft:mined":{"minecraft:lily_of_the_valley":1,"minecraft:dandelion":1,"minecraft:crafting_table":1,"minecraft:grass":29,"minecraft:acacia_log":3,"minecraft:grass_block":1,"minecraft:oak_log":5,"minecraft:oak_leaves":1}},"DataVersion":3120}