{"stats":{"minecraft:picked_up":{"minecraft:crafting_table":12,"minecraft:wooden_pickaxe":1,"alexsmobs:roadrunner_feather":2,"minecraft:chain":1,"alexsmobs:gazelle_horn":1,"minecraft:string":8,"alexsmobs:emu_feather":8,"minecraft:gold_nugget":6,"minecraft:cobbled_deepslate":1,"minecraft:beef":16,"minecraft:iron_nugget":1,"minecraft:azalea":4,"minecraft:poppy":2,"minecraft:sugar_cane":14,"minecraft:furnace":2,"minecraft:stick":51,"minecraft:raw_iron":7,"minecraft:sandstone":1,"minecraft:green_bed":13,"minecraft:torch":6,"minecraft:acacia_log":20,"minecraft:pointed_dripstone":20,"minecraft:diorite":3,"minecraft:arrow":2,"minecraft:stone_sword":1,"minecraft:cactus":7,"minecraft:rotten_flesh":52,"minecraft:hay_block":108,"alexsmobs:emu_egg":1,"minecraft:gold_ingot":1,"minecraft:cobblestone":47,"minecraft:skeleton_skull":2,"minecraft:iron_bars":4,"alexsmobs:kangaroo_meat":13,"minecraft:white_wool":4,"minecraft:lime_bed":4,"minecraft:magma_block":1,"minecraft:feather":3,"minecraft:leather":8,"minecraft:flint":1,"minecraft:oak_log":8,"minecraft:gunpowder":3,"minecraft:dirt":20,"minecraft:lapis_lazuli":24,"minecraft:smooth_sandstone":2,"minecraft:glass":10,"minecraft:bone":2,"minecraft:wheat_seeds":6,"minecraft:raw_gold":4,"minecraft:iron_ingot":16,"minecraft:stone_pickaxe":1,"minecraft:iron_sword":1,"minecraft:book":108,"minecraft:black_candle":4,"ecologics:prickly_pear":3,"minecraft:sand":36,"minecraft:barrel":2,"minecraft:spider_eye":1,"alexsmobs:animal_dictionary":1,"alexsmobs:kangaroo_hide":8,"minecraft:stone_axe":1,"minecraft:golden_apple":1,"minecraft:emerald":2,"minecraft:bread":11,"spelunkers_charm:rock":12,"minecraft:coal":11},"minecraft:killed_by":{"alexsmobs:kangaroo":1},"minecraft:custom":{"minecraft:mob_kills":24,"minecraft:interact_with_crafting_table":19,"minecraft:open_barrel":2,"minecraft:bell_ring":1,"minecraft:leave_game":4,"minecraft:time_since_death":53703,"minecraft:climb_one_cm":3583,"minecraft:sprint_one_cm":498045,"minecraft:walk_one_cm":173529,"minecraft:damage_blocked_by_shield":75,"minecraft:drop":51,"minecraft:talked_to_villager":1,"minecraft:play_time":120208,"minecraft:deaths":1,"minecraft:sneak_time":1368,"minecraft:walk_under_water_one_cm":11133,"minecraft:jump":2149,"minecraft:walk_on_water_one_cm":66181,"minecraft:total_world_time":120208,"minecraft:interact_with_furnace":9,"minecraft:sleep_in_bed":16,"minecraft:time_since_rest":8765,"minecraft:damage_taken":1704,"minecraft:damage_absorbed":146,"minecraft:damage_dealt":4574,"minecraft:swim_one_cm":52445,"minecraft:fly_one_cm":472956,"minecraft:open_chest":7,"minecraft:crouch_one_cm":4492,"minecraft:fall_one_cm":51343,"minecraft:horse_one_cm":1942},"minecraft:killed":{"minecraft:skeleton":1,"alexsmobs:kangaroo":5,"minecraft:husk":1,"alexsmobs:emu":4,"minecraft:zombie":1,"alexsmobs:terrapin":1,"alexsmobs:gazelle":1,"alexsmobs:roadrunner":4,"minecraft:enderman":1,"minecraft:cow":4},"minecraft:dropped":{"minecraft:bread":5,"minecraft:wheat_seeds":4,"minecraft:feather":3,"minecraft:cobblestone":5,"minecraft:flint":1,"minecraft:dirt":15,"minecraft:chain":1,"minecraft:cactus":2,"minecraft:smooth_sandstone":1,"minecraft:sugar_cane":2,"minecraft:iron_nugget":1,"minecraft:green_bed":1,"minecraft:wheat":2,"minecraft:soul_lantern":1,"minecraft:oak_planks":17,"minecraft:gunpowder":1,"minecraft:azalea":2,"minecraft:spider_eye":1,"minecraft:sandstone":1,"minecraft:iron_bars":4,"minecraft:wooden_pickaxe":2},"minecraft:crafted":{"minecraft:oak_planks":32,"minecraft:furnace":1,"minecraft:glass":8,"travelersbackpack:white_sleeping_bag":1,"minecraft:stone_pickaxe":1,"minecraft:chest":1,"minecraft:wheat":63,"minecraft:wooden_pickaxe":1,"travelersbackpack:backpack_tank":2,"travelersbackpack:standard":1,"minecraft:stone_axe":1,"minecraft:bread":25,"minecraft:air":0,"minecraft:shield":1,"minecraft:stick":24,"minecraft:iron_ingot":5,"minecraft:iron_pickaxe":1,"minecraft:stone_sword":1,"alexsmobs:emu_leggings":1,"minecraft:acacia_planks":24,"minecraft:torch":12},"minecraft:mined":{"minecraft:dark_oak_planks":1,"minecraft:mangrove_roots":3,"minecraft:grass_block":4,"minecraft:sandstone":1,"ecologics:prickly_pear":2,"minecraft:hay_block":52,"minecraft:tall_seagrass":9,"minecraft:magma_block":1,"minecraft:furnace":2,"minecraft:iron_ore":2,"minecraft:bookshelf":18,"minecraft:deepslate_iron_ore":5,"minecraft:iron_bars":2,"minecraft:azalea_leaves":6,"minecraft:azalea":2,"minecraft:stone":33,"minecraft:green_bed":8,"ecologics:pot":4,"minecraft:smooth_sandstone":1,"minecraft:crafting_table":10,"minecraft:torch":2,"minecraft:campfire":2,"minecraft:tall_grass":1,"minecraft:deepslate_gold_ore":4,"minecraft:lapis_ore":3,"minecraft:sugar_cane":4,"minecraft:diorite":3,"minecraft:wall_torch":2,"minecraft:skeleton_skull":1,"minecraft:seagrass":8,"spelunkers_charm:rock_pile_3":2,"minecraft:chain":1,"minecraft:lime_bed":3,"minecraft:cactus":3,"minecraft:wheat":1,"minecraft:grass":16,"minecraft:cracked_deepslate_tiles":2,"minecraft:oak_log":8,"minecraft:coal_ore":5,"minecraft:sand":15,"minecraft:dirt":10,"minecraft:cobweb":4,"minecraft:deepslate":1},"minecraft:used":{"alexsmobs:emu_egg":1,"minecraft:azalea":2,"minecraft:stone_sword":20,"minecraft:dead_bush":1,"minecraft:shield":4,"minecraft:iron_sword":90,"minecraft:torch":16,"minecraft:dirt":1,"ecologics:prickly_pear":3,"minecraft:furnace":2,"minecraft:skeleton_skull":1,"minecraft:wheat_seeds":1,"minecraft:stone_pickaxe":49,"minecraft:cactus":4,"minecraft:wooden_pickaxe":12,"minecraft:green_bed":10,"minecraft:golden_apple":1,"minecraft:crafting_table":10,"minecraft:lime_bed":2,"minecraft:bread":41,"minecraft:iron_pickaxe":12,"minecraft:stone_axe":36,"travelersbackpack:standard":4,"alexsmobs:animal_dictionary":2,"alexsmobs:emu_leggings":1}},"DataVersion":3120}