{"stats":{"minecraft:dropped":{"minecraft:birch_planks":7,"minecraft:glow_ink_sac":3,"minecraft:diamond":1,"minecraft:crafting_table":1,"minecraft:red_wool":1,"graveyard:corruption":2,"minecraft:flint":1,"minecraft:dirt":23,"minecraft:tnt_minecart":1,"minecraft:chain":1,"minecraft:gold_ingot":1,"minecraft:stone_axe":1,"minecraft:sugar_cane":2,"minecraft:mangrove_roots":1,"minecraft:iron_nugget":1,"minecraft:wheat":2,"minecraft:soul_lantern":1,"minecraft:pointed_dripstone":47,"minecraft:oak_planks":17,"minecraft:poppy":1,"minecraft:gunpowder":1,"minecraft:melon_seeds":3,"horror_element_mod:blood_3":4,"minecraft:azalea":2,"minecraft:iron_bars":4,"minecraft:written_book":1,"minecraft:water_bucket":1,"minecraft:bread":5,"minecraft:wheat_seeds":16,"minecraft:tnt":2,"minecraft:mossy_cobblestone":2,"minecraft:dripstone_block":2,"minecraft:cobblestone":5,"minecraft:feather":3,"spelunkers_charm:old_miners_bundle":1,"horror_element_mod:impaled_head":2,"minecraft:cactus":2,"minecraft:smooth_sandstone":1,"minecraft:player_head":1,"minecraft:stone_sword":1,"minecraft:green_bed":4,"minecraft:tuff":2,"minecraft:raw_iron":1,"minecraft:cobbled_deepslate_slab":2,"minecraft:oak_sapling":2,"minecraft:wooden_shovel":1,"minecraft:spider_eye":1,"minecraft:sandstone":1,"minecraft:stone_pickaxe":1,"minecraft:wooden_pickaxe":2,"minecraft:magma_block":2},"minecraft:used":{"alexsmobs:emu_egg":1,"minecraft:chest":6,"minecraft:shield":16,"minecraft:iron_sword":250,"minecraft:iron_chestplate":1,"ecologics:prickly_pear":3,"travelersbackpack:iron":1,"minecraft:birch_sapling":1,"minecraft:written_book":1,"minecraft:sweet_berries":15,"minecraft:furnace":5,"minecraft:skeleton_skull":1,"minecraft:stone_pickaxe":49,"minecraft:cactus":4,"horror_element_mod:impaled_head":2,"minecraft:wooden_pickaxe":12,"minecraft:golden_apple":2,"minecraft:glow_berries":5,"minecraft:blast_furnace":6,"minecraft:bread":94,"minecraft:melon_slice":63,"minecraft:azalea":2,"minecraft:stone_sword":20,"minecraft:dead_bush":1,"minecraft:torch":126,"minecraft:dirt":2,"minecraft:iron_boots":1,"minecraft:melon_seeds":24,"minecraft:barrel":1,"minecraft:cobbled_deepslate":26,"minecraft:wheat_seeds":1,"minecraft:water_bucket":50,"minecraft:cobblestone_stairs":100,"minecraft:birch_boat":1,"minecraft:green_bed":12,"minecraft:crafting_table":20,"minecraft:lime_bed":12,"minecraft:wooden_hoe":25,"minecraft:iron_pickaxe":964,"minecraft:stone_axe":163,"travelersbackpack:standard":7,"minecraft:cobblestone":372,"minecraft:bucket":51,"alexsmobs:animal_dictionary":2,"alexsmobs:emu_leggings":1},"minecraft:broken":{"minecraft:stone_axe":1,"minecraft:iron_pickaxe":3},"minecraft:killed_by":{"alexsmobs:murmur_head":1,"minecraft:player":1,"alexsmobs:kangaroo":1},"minecraft:custom":{"minecraft:interact_with_crafting_table":46,"minecraft:open_barrel":31,"minecraft:bell_ring":1,"minecraft:leave_game":16,"minecraft:time_since_death":213480,"minecraft:sprint_one_cm":1493999,"minecraft:damage_blocked_by_shield":358,"minecraft:drop":101,"minecraft:talked_to_villager":1,"minecraft:play_time":363193,"minecraft:deaths":3,"minecraft:jump":5714,"minecraft:walk_on_water_one_cm":123545,"minecraft:interact_with_furnace":25,"minecraft:sleep_in_bed":21,"minecraft:damage_dealt":12138,"minecraft:player_kills":3,"minecraft:crouch_one_cm":17058,"minecraft:horse_one_cm":1942,"minecraft:mob_kills":67,"minecraft:inspect_hopper":3,"minecraft:climb_one_cm":22478,"minecraft:walk_one_cm":567902,"minecraft:sneak_time":8798,"minecraft:walk_under_water_one_cm":57147,"minecraft:boat_one_cm":328,"minecraft:interact_with_blast_furnace":19,"minecraft:total_world_time":363193,"minecraft:interact_with_stonecutter":1,"minecraft:time_since_rest":126094,"minecraft:damage_taken":4712,"minecraft:damage_absorbed":322,"minecraft:swim_one_cm":99456,"minecraft:fly_one_cm":1024790,"minecraft:open_chest":144,"minecraft:fall_one_cm":149268},"minecraft:killed":{"minecraft:spider":2,"alexsmobs:murmur":1,"graveyard:wraith":2,"minecraft:skeleton":9,"graveyard:acolyte":1,"screaming_villager:screaming_sheep":1,"alexsmobs:kangaroo":5,"minecraft:zombie_villager":1,"minecraft:creeper":1,"minecraft:sheep":6,"minecraft:zombie":5,"alexsmobs:terrapin":1,"alexsmobs:roadrunner":4,"endofherobrine:cow":1,"minecraft:cow":12,"hordes:zombie_player":2,"minecraft:husk":1,"minecraft:squid":6,"alexsmobs:emu":4,"alexsmobs:gazelle":2,"alexsmobs:crow":1,"endofherobrine:sheep":1,"minecraft:enderman":1},"minecraft:picked_up":{"alexsmobs:emu_leggings":1,"alexsmobs:gazelle_horn":2,"minecraft:string":21,"horror_element_mod:blood_3":4,"alexsmobs:emu_feather":8,"minecraft:tnt_minecart":1,"minecraft:gold_nugget":9,"minecraft:cobbled_deepslate":291,"minecraft:white_tulip":43,"minecraft:written_book":1,"minecraft:azalea":4,"minecraft:wooden_shovel":1,"minecraft:iron_pickaxe":1,"minecraft:melon_slice":85,"minecraft:furnace":5,"minecraft:stick":51,"minecraft:acacia_log":28,"minecraft:torch":20,"minecraft:green_bed":17,"minecraft:diorite":18,"minecraft:pointed_dripstone":79,"minecraft:stone_sword":2,"minecraft:cactus":7,"minecraft:rotten_flesh":63,"alexsmobs:emu_egg":1,"minecraft:mangrove_roots":46,"minecraft:deepslate_brick_stairs":1,"minecraft:iron_bars":5,"minecraft:cobblestone":578,"minecraft:birch_log":6,"minecraft:magma_block":4,"minecraft:feather":4,"minecraft:water_bucket":1,"minecraft:flint":2,"minecraft:tuff":2,"minecraft:lapis_lazuli":54,"minecraft:dirt":80,"minecraft:bone":51,"minecraft:glass":10,"minecraft:acacia_planks":10,"minecraft:wheat_seeds":19,"minecraft:deepslate_brick_slab":1,"minecraft:raw_gold":11,"minecraft:cobbled_deepslate_slab":5,"minecraft:grindstone":2,"ecologics:prickly_pear":3,"minecraft:sand":64,"minecraft:ink_sac":12,"minecraft:fermented_spider_eye":1,"minecraft:lily_of_the_valley":84,"alexsmobs:animal_dictionary":1,"minecraft:barrel":4,"minecraft:mossy_cobblestone":2,"alexsmobs:kangaroo_hide":8,"minecraft:diamond":4,"minecraft:bone_meal":1,"minecraft:golden_apple":1,"minecraft:bread":11,"minecraft:emerald":2,"minecraft:oak_sapling":4,"minecraft:crafting_table":20,"minecraft:azure_bluet":13,"minecraft:wooden_pickaxe":1,"alexsmobs:roadrunner_feather":2,"minecraft:gold_block":2,"minecraft:chain":1,"minecraft:shield":2,"minecraft:item_frame":1,"graveyard:corruption":1,"minecraft:cracked_stone_bricks":1,"minecraft:beef":30,"alexsmobs:elastic_tendon":1,"minecraft:player_head":1,"minecraft:iron_nugget":1,"minecraft:poppy":3,"minecraft:chest":3,"minecraft:sugar_cane":14,"minecraft:birch_sapling":1,"minecraft:raw_iron":47,"minecraft:sandstone":1,"horror_element_mod:impaled_head":4,"minecraft:arrow":14,"minecraft:hay_block":158,"minecraft:gold_ingot":2,"minecraft:mutton":12,"minecraft:skeleton_skull":3,"alexsmobs:kangaroo_meat":13,"minecraft:white_wool":11,"minecraft:oxeye_daisy":2,"minecraft:cracked_deepslate_tiles":1,"minecraft:lime_bed":14,"minecraft:glow_ink_sac":3,"minecraft:leather":19,"minecraft:birch_planks":7,"spelunkers_charm:old_miners_bundle":1,"minecraft:oak_log":8,"minecraft:cobbled_deepslate_stairs":1,"minecraft:gunpowder":3,"minecraft:cobblestone_stairs":1,"minecraft:smooth_sandstone":2,"minecraft:apple":1,"minecraft:stone_bricks":1,"minecraft:spruce_wood":1,"minecraft:iron_ingot":27,"minecraft:stone_pickaxe":2,"minecraft:iron_sword":2,"minecraft:book":162,"minecraft:black_candle":4,"minecraft:birch_boat":1,"minecraft:sweet_berries":127,"minecraft:red_wool":1,"minecraft:dripstone_block":2,"minecraft:gravel":27,"minecraft:spruce_sapling":3,"minecraft:blast_furnace":6,"minecraft:spider_eye":2,"travelersbackpack:standard":1,"minecraft:purple_bed":1,"minecraft:stone_axe":4,"minecraft:black_wool":1,"minecraft:melon_seeds":3,"spelunkers_charm:rock":18,"minecraft:coal":87,"minecraft:hopper":7},"minecraft:crafted":{"minecraft:oak_planks":32,"travelersbackpack:iron":1,"minecraft:birch_boat":1,"minecraft:glass":8,"minecraft:iron_boots":1,"minecraft:melon_seeds":22,"minecraft:chest":4,"minecraft:crafting_table":3,"minecraft:spruce_planks":4,"travelersbackpack:standard":1,"minecraft:wooden_pickaxe":1,"minecraft:iron_helmet":1,"minecraft:birch_planks":24,"minecraft:wooden_hoe":1,"minecraft:iron_chestplate":1,"minecraft:shield":1,"minecraft:stick":52,"minecraft:iron_ingot":33,"minecraft:iron_pickaxe":5,"minecraft:stone_sword":1,"minecraft:light_gray_dye":45,"alexsmobs:emu_leggings":1,"minecraft:furnace":1,"minecraft:bone_meal":710,"travelersbackpack:white_sleeping_bag":1,"minecraft:stone_pickaxe":1,"minecraft:wheat":189,"minecraft:bone_block":84,"travelersbackpack:backpack_tank":2,"minecraft:iron_sword":1,"minecraft:bucket":1,"minecraft:stone_axe":1,"minecraft:bread":67,"minecraft:air":0,"minecraft:iron_leggings":1,"minecraft:acacia_planks":28,"minecraft:torch":84,"minecraft:lapis_block":15},"minecraft:mined":{"minecraft:dark_oak_planks":1,"minecraft:cobbled_deepslate_stairs":5,"minecraft:cobblestone_stairs":1,"minecraft:grass_block":35,"minecraft:deepslate_bricks":1,"graveyard:skull_on_pike":1,"minecraft:hopper":8,"minecraft:oxeye_daisy":2,"ecologics:prickly_pear":2,"minecraft:tall_seagrass":10,"minecraft:magma_block":1,"minecraft:cobbled_deepslate":2,"minecraft:fire":1,"minecraft:iron_ore":27,"minecraft:barrel":1,"minecraft:azure_bluet":13,"minecraft:pointed_dripstone":1,"minecraft:iron_bars":2,"minecraft:deepslate_brick_stairs":6,"minecraft:pink_tulip":1,"minecraft:azalea_leaves":6,"minecraft:azalea":2,"minecraft:green_bed":11,"ecologics:pot":4,"minecraft:polished_deepslate_stairs":2,"minecraft:torch":8,"minecraft:blast_furnace":5,"minecraft:melon":15,"minecraft:chest":3,"minecraft:cobblestone":26,"graveyard:skeleton_hand":1,"minecraft:grindstone":2,"graveyard:lying_skeleton":2,"minecraft:sugar_cane":4,"minecraft:wall_torch":5,"minecraft:skeleton_skull":1,"minecraft:seagrass":8,"minecraft:chain":1,"spelunkers_charm:rock_pile_3":2,"minecraft:birch_log":6,"minecraft:wheat":1,"horror_element_mod:spiked_villager":1,"graveyard:skull_pile":1,"minecraft:grass":37,"minecraft:cracked_deepslate_tiles":3,"minecraft:oak_log":8,"minecraft:loom":2,"minecraft:sand":43,"minecraft:dirt":46,"minecraft:oak_leaves":12,"minecraft:deepslate":312,"graveyard:torso_pile":1,"minecraft:deepslate_tiles":1,"minecraft:tuff":2,"horror_element_mod:blood_3":2,"minecraft:deepslate_diamond_ore":3,"minecraft:dark_oak_log":6,"minecraft:mangrove_roots":86,"minecraft:cobbled_deepslate_slab":14,"graveyard:tg_deepslate":1,"minecraft:spruce_leaves":33,"minecraft:sandstone":1,"minecraft:large_fern":6,"minecraft:hay_block":55,"minecraft:deepslate_brick_slab":13,"minecraft:furnace":3,"minecraft:gold_block":2,"minecraft:bookshelf":18,"minecraft:deepslate_iron_ore":9,"minecraft:vine":1,"minecraft:rail":1,"minecraft:stone":493,"minecraft:white_tulip":43,"minecraft:podzol":1,"minecraft:lily_of_the_valley":80,"graveyard:laterally_lying_skeleton":1,"travelersbackpack:standard":1,"minecraft:smooth_sandstone":1,"minecraft:crafting_table":16,"minecraft:campfire":2,"minecraft:tall_grass":2,"minecraft:deepslate_gold_ore":7,"minecraft:lapis_ore":4,"minecraft:diorite":18,"horror_element_mod:impaled_head":6,"minecraft:lime_bed":11,"minecraft:purple_bed":1,"minecraft:cactus":3,"graveyard:vase_block":1,"minecraft:sweet_berry_bush":56,"minecraft:birch_leaves":1,"minecraft:coal_ore":25,"minecraft:dripstone_block":1,"minecraft:gravel":13,"graveyard:leaning_skeleton":2,"minecraft:cobweb":6,"minecraft:cracked_stone_bricks":1,"minecraft:stone_bricks":1,"minecraft:fern":11}},"DataVersion":3120}