{"stats":{"minecraft:mined":{"minecraft:dark_oak_planks":1,"ecologics:pot":4,"minecraft:mangrove_roots":3,"minecraft:smooth_sandstone":1,"minecraft:crafting_table":4,"minecraft:torch":1,"minecraft:grass_block":2,"minecraft:campfire":2,"minecraft:tall_grass":1,"minecraft:sugar_cane":4,"minecraft:diorite":3,"minecraft:sandstone":1,"minecraft:wall_torch":2,"spelunkers_charm:rock_pile_3":2,"ecologics:prickly_pear":2,"minecraft:seagrass":8,"minecraft:hay_block":52,"minecraft:cactus":3,"minecraft:chain":1,"minecraft:tall_seagrass":9,"minecraft:lime_bed":3,"minecraft:wheat":1,"minecraft:grass":13,"minecraft:cracked_deepslate_tiles":2,"minecraft:bookshelf":18,"minecraft:oak_log":8,"minecraft:iron_bars":2,"minecraft:sand":15,"minecraft:dirt":9,"minecraft:azalea_leaves":6,"minecraft:azalea":2,"minecraft:stone":29,"minecraft:green_bed":3},"minecraft:killed_by":{"alexsmobs:kangaroo":1},"minecraft:crafted":{"minecraft:oak_planks":32,"minecraft:wooden_pickaxe":1,"minecraft:stone_axe":1,"minecraft:bread":10,"minecraft:stick":24,"minecraft:stone_pickaxe":1,"minecraft:stone_sword":1,"alexsmobs:emu_leggings":1,"minecraft:wheat":18},"minecraft:picked_up":{"minecraft:lime_bed":4,"minecraft:crafting_table":6,"minecraft:feather":3,"minecraft:leather":8,"minecraft:wooden_pickaxe":1,"alexsmobs:roadrunner_feather":2,"minecraft:oak_log":8,"minecraft:chain":1,"minecraft:gunpowder":2,"minecraft:string":4,"minecraft:dirt":15,"minecraft:smooth_sandstone":2,"minecraft:bone":2,"alexsmobs:emu_feather":8,"minecraft:gold_nugget":6,"minecraft:wheat_seeds":5,"minecraft:beef":16,"minecraft:iron_ingot":16,"minecraft:stone_pickaxe":1,"minecraft:iron_nugget":1,"minecraft:azalea":4,"minecraft:poppy":2,"minecraft:sugar_cane":14,"minecraft:iron_sword":1,"minecraft:book":108,"minecraft:sandstone":1,"minecraft:stick":47,"minecraft:black_candle":4,"ecologics:prickly_pear":3,"minecraft:acacia_log":12,"minecraft:torch":5,"minecraft:green_bed":5,"minecraft:sand":36,"dynamictrees:acacia_seed":1,"minecraft:diorite":3,"minecraft:spider_eye":1,"minecraft:barrel":2,"alexsmobs:animal_dictionary":1,"minecraft:stone_sword":1,"alexsmobs:kangaroo_hide":8,"minecraft:cactus":7,"minecraft:rotten_flesh":52,"minecraft:stone_axe":1,"minecraft:hay_block":108,"minecraft:golden_apple":1,"minecraft:emerald":2,"alexsmobs:emu_egg":1,"minecraft:bread":11,"spelunkers_charm:rock":12,"minecraft:iron_bars":4,"alexsmobs:kangaroo_meat":13,"minecraft:white_wool":2,"minecraft:cobblestone":43},"minecraft:dropped":{"minecraft:bread":5,"minecraft:sugar_cane":2,"minecraft:wheat_seeds":3,"minecraft:iron_nugget":1,"minecraft:green_bed":1,"minecraft:wheat":2,"minecraft:soul_lantern":1,"minecraft:feather":3,"minecraft:cobblestone":5,"minecraft:oak_planks":17,"minecraft:dirt":15,"minecraft:azalea":2,"minecraft:chain":1,"minecraft:spider_eye":1,"minecraft:sandstone":1,"minecraft:iron_bars":4,"minecraft:wooden_pickaxe":2,"minecraft:cactus":2,"minecraft:smooth_sandstone":1,"dynamictrees:acacia_seed":1},"minecraft:killed":{"minecraft:husk":1,"alexsmobs:emu":4,"alexsmobs:terrapin":1,"alexsmobs:roadrunner":4,"alexsmobs:kangaroo":5,"minecraft:cow":4},"minecraft:used":{"alexsmobs:emu_egg":1,"minecraft:azalea":2,"minecraft:wheat_seeds":1,"minecraft:stone_sword":20,"minecraft:dead_bush":1,"minecraft:stone_pickaxe":33,"minecraft:cactus":4,"minecraft:wooden_pickaxe":12,"minecraft:iron_sword":68,"minecraft:green_bed":2,"minecraft:torch":1,"minecraft:crafting_table":4,"minecraft:lime_bed":2,"ecologics:prickly_pear":3,"minecraft:bread":25,"minecraft:stone_axe":29,"alexsmobs:animal_dictionary":2,"alexsmobs:emu_leggings":1},"minecraft:custom":{"minecraft:mob_kills":20,"minecraft:interact_with_crafting_table":8,"minecraft:open_barrel":2,"minecraft:bell_ring":1,"minecraft:sleep_in_bed":6,"minecraft:time_since_death":8664,"minecraft:climb_one_cm":3583,"minecraft:time_since_rest":9163,"minecraft:sprint_one_cm":369751,"minecraft:damage_taken":1077,"minecraft:walk_one_cm":119256,"minecraft:drop":48,"minecraft:damage_dealt":3891,"minecraft:swim_one_cm":39707,"minecraft:talked_to_villager":1,"minecraft:fly_one_cm":357866,"minecraft:open_chest":5,"minecraft:crouch_one_cm":3493,"minecraft:play_time":75169,"minecraft:deaths":1,"minecraft:sneak_time":1068,"minecraft:walk_under_water_one_cm":8721,"minecraft:jump":1427,"minecraft:walk_on_water_one_cm":54462,"minecraft:total_world_time":75169,"minecraft:fall_one_cm":31998,"minecraft:horse_one_cm":1942}},"DataVersion":3120}