{"stats":{"minecraft:dropped":{"minecraft:bread":5,"minecraft:wheat_seeds":12,"minecraft:glow_ink_sac":3,"minecraft:tnt":2,"minecraft:mossy_cobblestone":2,"minecraft:diamond":1,"minecraft:crafting_table":1,"minecraft:dripstone_block":2,"minecraft:feather":3,"minecraft:cobblestone":5,"minecraft:red_wool":1,"spelunkers_charm:old_miners_bundle":1,"graveyard:corruption":2,"minecraft:flint":1,"minecraft:dirt":23,"minecraft:tnt_minecart":1,"minecraft:chain":1,"horror_element_mod:impaled_head":2,"minecraft:cactus":2,"minecraft:smooth_sandstone":1,"minecraft:stone_axe":1,"minecraft:sugar_cane":2,"minecraft:mangrove_roots":1,"minecraft:iron_nugget":1,"minecraft:player_head":1,"minecraft:stone_sword":1,"minecraft:tuff":2,"minecraft:green_bed":4,"minecraft:wheat":2,"minecraft:raw_iron":1,"minecraft:soul_lantern":1,"minecraft:pointed_dripstone":47,"minecraft:oak_planks":17,"minecraft:poppy":1,"minecraft:gunpowder":1,"minecraft:melon_seeds":3,"horror_element_mod:blood_3":4,"minecraft:wooden_shovel":1,"minecraft:azalea":2,"minecraft:oak_sapling":2,"minecraft:spider_eye":1,"minecraft:sandstone":1,"minecraft:iron_bars":4,"minecraft:stone_pickaxe":1,"minecraft:wooden_pickaxe":2,"minecraft:magma_block":2},"minecraft:used":{"alexsmobs:emu_egg":1,"minecraft:azalea":2,"minecraft:stone_sword":20,"minecraft:dead_bush":1,"minecraft:chest":6,"minecraft:iron_sword":247,"minecraft:shield":16,"minecraft:iron_chestplate":1,"minecraft:torch":126,"minecraft:dirt":2,"ecologics:prickly_pear":3,"minecraft:birch_sapling":1,"minecraft:iron_boots":1,"minecraft:melon_seeds":24,"minecraft:barrel":1,"minecraft:sweet_berries":15,"minecraft:furnace":5,"minecraft:skeleton_skull":1,"minecraft:cobbled_deepslate":26,"minecraft:wheat_seeds":1,"minecraft:water_bucket":49,"minecraft:cobblestone_stairs":100,"minecraft:stone_pickaxe":49,"minecraft:cactus":4,"horror_element_mod:impaled_head":2,"minecraft:wooden_pickaxe":12,"minecraft:green_bed":12,"minecraft:golden_apple":2,"minecraft:glow_berries":5,"minecraft:lime_bed":12,"minecraft:crafting_table":17,"minecraft:blast_furnace":6,"minecraft:wooden_hoe":25,"minecraft:bread":89,"minecraft:melon_slice":63,"minecraft:iron_pickaxe":913,"travelersbackpack:standard":5,"minecraft:stone_axe":157,"minecraft:cobblestone":372,"minecraft:bucket":50,"alexsmobs:animal_dictionary":2,"alexsmobs:emu_leggings":1},"minecraft:broken":{"minecraft:stone_axe":1,"minecraft:iron_pickaxe":3},"minecraft:killed_by":{"minecraft:player":1,"alexsmobs:murmur_head":1,"alexsmobs:kangaroo":1},"minecraft:custom":{"minecraft:mob_kills":66,"minecraft:inspect_hopper":3,"minecraft:interact_with_crafting_table":41,"minecraft:open_barrel":31,"minecraft:bell_ring":1,"minecraft:leave_game":13,"minecraft:time_since_death":182278,"minecraft:climb_one_cm":21803,"minecraft:sprint_one_cm":1339811,"minecraft:walk_one_cm":533197,"minecraft:damage_blocked_by_shield":358,"minecraft:drop":93,"minecraft:talked_to_villager":1,"minecraft:play_time":331991,"minecraft:sneak_time":8728,"minecraft:deaths":3,"minecraft:walk_under_water_one_cm":56647,"minecraft:jump":5428,"minecraft:interact_with_blast_furnace":19,"minecraft:walk_on_water_one_cm":117150,"minecraft:total_world_time":331991,"minecraft:interact_with_furnace":25,"minecraft:interact_with_stonecutter":1,"minecraft:sleep_in_bed":21,"minecraft:time_since_rest":94892,"minecraft:damage_taken":4692,"minecraft:damage_absorbed":322,"minecraft:damage_dealt":12058,"minecraft:player_kills":3,"minecraft:swim_one_cm":93559,"minecraft:fly_one_cm":973861,"minecraft:open_chest":131,"minecraft:crouch_one_cm":17055,"minecraft:fall_one_cm":143679,"minecraft:horse_one_cm":1942},"minecraft:killed":{"hordes:zombie_player":2,"minecraft:spider":2,"alexsmobs:murmur":1,"graveyard:wraith":2,"minecraft:skeleton":9,"graveyard:acolyte":1,"screaming_villager:screaming_sheep":1,"alexsmobs:kangaroo":5,"minecraft:husk":1,"minecraft:zombie_villager":1,"minecraft:creeper":1,"minecraft:squid":6,"alexsmobs:emu":4,"minecraft:sheep":6,"minecraft:zombie":5,"alexsmobs:terrapin":1,"alexsmobs:gazelle":2,"alexsmobs:roadrunner":4,"endofherobrine:cow":1,"endofherobrine:sheep":1,"minecraft:enderman":1,"minecraft:cow":12},"minecraft:crafted":{"minecraft:oak_planks":32,"minecraft:furnace":1,"minecraft:glass":8,"travelersbackpack:white_sleeping_bag":1,"minecraft:iron_boots":1,"minecraft:melon_seeds":22,"minecraft:stone_pickaxe":1,"minecraft:chest":4,"minecraft:wheat":189,"minecraft:iron_helmet":1,"minecraft:spruce_planks":4,"travelersbackpack:backpack_tank":2,"minecraft:wooden_pickaxe":1,"travelersbackpack:standard":1,"minecraft:iron_sword":1,"minecraft:bucket":1,"minecraft:stone_axe":1,"minecraft:bread":67,"minecraft:air":0,"minecraft:iron_chestplate":1,"minecraft:wooden_hoe":1,"minecraft:shield":1,"minecraft:stick":52,"minecraft:iron_ingot":33,"minecraft:iron_pickaxe":5,"minecraft:stone_sword":1,"minecraft:iron_leggings":1,"alexsmobs:emu_leggings":1,"minecraft:acacia_planks":28,"minecraft:torch":84,"minecraft:lapis_block":15},"minecraft:picked_up":{"minecraft:crafting_table":20,"minecraft:azure_bluet":13,"alexsmobs:emu_leggings":1,"minecraft:wooden_pickaxe":1,"alexsmobs:roadrunner_feather":2,"minecraft:gold_block":2,"minecraft:chain":1,"minecraft:shield":2,"alexsmobs:gazelle_horn":2,"minecraft:string":21,"horror_element_mod:blood_3":4,"graveyard:corruption":1,"minecraft:cracked_stone_bricks":1,"alexsmobs:emu_feather":8,"minecraft:tnt_minecart":1,"minecraft:gold_nugget":9,"minecraft:cobbled_deepslate":291,"minecraft:beef":30,"minecraft:white_tulip":43,"alexsmobs:elastic_tendon":1,"minecraft:player_head":1,"minecraft:iron_nugget":1,"minecraft:azalea":4,"minecraft:wooden_shovel":1,"minecraft:poppy":3,"minecraft:iron_pickaxe":1,"minecraft:melon_slice":85,"minecraft:sugar_cane":14,"minecraft:chest":3,"minecraft:birch_sapling":1,"minecraft:furnace":5,"minecraft:raw_iron":47,"minecraft:stick":51,"minecraft:sandstone":1,"minecraft:acacia_log":28,"minecraft:torch":20,"minecraft:green_bed":17,"minecraft:pointed_dripstone":79,"minecraft:diorite":18,"horror_element_mod:impaled_head":4,"minecraft:stone_sword":2,"minecraft:cactus":7,"minecraft:arrow":14,"minecraft:rotten_flesh":63,"minecraft:hay_block":155,"alexsmobs:emu_egg":1,"minecraft:mangrove_roots":46,"minecraft:gold_ingot":1,"minecraft:mutton":12,"alexsmobs:kangaroo_meat":13,"minecraft:iron_bars":5,"minecraft:skeleton_skull":3,"minecraft:white_wool":11,"minecraft:cobblestone":578,"minecraft:oxeye_daisy":2,"minecraft:cracked_deepslate_tiles":1,"minecraft:lime_bed":14,"minecraft:magma_block":4,"minecraft:feather":3,"minecraft:glow_ink_sac":3,"minecraft:leather":19,"spelunkers_charm:old_miners_bundle":1,"minecraft:flint":2,"minecraft:tuff":2,"minecraft:oak_log":8,"minecraft:gunpowder":3,"minecraft:cobblestone_stairs":1,"minecraft:lapis_lazuli":54,"minecraft:dirt":80,"minecraft:smooth_sandstone":2,"minecraft:glass":10,"minecraft:bone":15,"minecraft:acacia_planks":10,"minecraft:stone_bricks":1,"minecraft:wheat_seeds":15,"minecraft:raw_gold":11,"minecraft:spruce_wood":1,"minecraft:iron_ingot":27,"minecraft:stone_pickaxe":2,"minecraft:iron_sword":2,"minecraft:book":162,"minecraft:black_candle":4,"minecraft:sweet_berries":127,"ecologics:prickly_pear":3,"minecraft:red_wool":1,"minecraft:dripstone_block":2,"minecraft:gravel":27,"minecraft:sand":36,"minecraft:spruce_sapling":3,"minecraft:ink_sac":12,"minecraft:blast_furnace":6,"minecraft:lily_of_the_valley":24,"minecraft:fermented_spider_eye":1,"minecraft:spider_eye":2,"minecraft:barrel":4,"alexsmobs:animal_dictionary":1,"minecraft:mossy_cobblestone":2,"minecraft:purple_bed":1,"alexsmobs:kangaroo_hide":8,"minecraft:diamond":4,"minecraft:stone_axe":4,"minecraft:golden_apple":1,"minecraft:emerald":2,"minecraft:bread":11,"minecraft:oak_sapling":4,"minecraft:melon_seeds":3,"minecraft:black_wool":1,"spelunkers_charm:rock":18,"minecraft:coal":87,"minecraft:hopper":7},"minecraft:mined":{"minecraft:dark_oak_planks":1,"minecraft:deepslate_tiles":1,"minecraft:tuff":2,"horror_element_mod:blood_3":2,"minecraft:deepslate_diamond_ore":3,"minecraft:cobblestone_stairs":1,"minecraft:dark_oak_log":6,"minecraft:mangrove_roots":86,"minecraft:grass_block":35,"graveyard:tg_deepslate":1,"minecraft:spruce_leaves":33,"minecraft:oxeye_daisy":2,"minecraft:hopper":8,"minecraft:sandstone":1,"ecologics:prickly_pear":2,"minecraft:large_fern":6,"minecraft:hay_block":52,"minecraft:tall_seagrass":10,"minecraft:magma_block":1,"minecraft:furnace":3,"minecraft:iron_ore":27,"minecraft:barrel":1,"minecraft:fire":1,"minecraft:cobbled_deepslate":1,"minecraft:azure_bluet":13,"minecraft:gold_block":2,"minecraft:bookshelf":18,"minecraft:pointed_dripstone":1,"minecraft:deepslate_iron_ore":9,"minecraft:vine":1,"minecraft:rail":1,"minecraft:iron_bars":2,"minecraft:pink_tulip":1,"minecraft:azalea_leaves":6,"minecraft:azalea":2,"minecraft:white_tulip":43,"minecraft:stone":493,"minecraft:green_bed":11,"minecraft:podzol":1,"ecologics:pot":4,"minecraft:lily_of_the_valley":20,"minecraft:polished_deepslate_stairs":2,"minecraft:smooth_sandstone":1,"minecraft:crafting_table":16,"minecraft:torch":8,"minecraft:blast_furnace":5,"minecraft:melon":15,"minecraft:chest":3,"minecraft:campfire":2,"minecraft:tall_grass":1,"minecraft:cobblestone":26,"minecraft:deepslate_gold_ore":7,"minecraft:lapis_ore":4,"minecraft:sugar_cane":4,"minecraft:diorite":18,"minecraft:wall_torch":5,"horror_element_mod:impaled_head":6,"minecraft:skeleton_skull":1,"minecraft:purple_bed":1,"minecraft:seagrass":8,"minecraft:chain":1,"minecraft:cactus":3,"minecraft:lime_bed":11,"spelunkers_charm:rock_pile_3":2,"minecraft:sweet_berry_bush":56,"horror_element_mod:spiked_villager":1,"minecraft:wheat":1,"minecraft:birch_leaves":1,"minecraft:grass":31,"minecraft:cracked_deepslate_tiles":3,"minecraft:coal_ore":25,"minecraft:oak_log":8,"minecraft:gravel":13,"minecraft:loom":2,"minecraft:dirt":46,"minecraft:sand":15,"minecraft:dripstone_block":1,"minecraft:cobweb":6,"minecraft:cracked_stone_bricks":1,"minecraft:stone_bricks":1,"minecraft:oak_leaves":7,"minecraft:deepslate":312,"minecraft:fern":10}},"DataVersion":3120}