{"stats":{"minecraft:dropped":{"minecraft:brown_mushroom":2,"minecraft:birch_planks":7,"minecraft:glow_ink_sac":3,"minecraft:diamond":4,"minecraft:crafting_table":1,"minecraft:red_wool":1,"travelersbackpack:standard":1,"graveyard:corruption":2,"minecraft:flint":2,"minecraft:dirt":23,"minecraft:tnt_minecart":1,"minecraft:chain":1,"minecraft:gold_ingot":1,"minecraft:stone_axe":1,"minecraft:sugar_cane":2,"minecraft:mangrove_roots":1,"minecraft:iron_nugget":1,"minecraft:wheat":2,"minecraft:soul_lantern":1,"minecraft:pointed_dripstone":48,"minecraft:rotten_flesh":6,"securitycraft:taser":1,"minecraft:oak_planks":17,"minecraft:poppy":1,"minecraft:gunpowder":1,"minecraft:melon_seeds":3,"horror_element_mod:blood_3":4,"minecraft:azalea":2,"minecraft:iron_bars":4,"minecraft:written_book":1,"minecraft:water_bucket":2,"minecraft:bread":5,"minecraft:iron_ingot":2,"minecraft:oak_slab":10,"minecraft:wheat_seeds":16,"minecraft:tnt":2,"minecraft:mossy_cobblestone":2,"travelersbackpack:squid":3,"minecraft:dripstone_block":2,"minecraft:feather":3,"minecraft:cobblestone":5,"spelunkers_charm:old_miners_bundle":1,"minecraft:stick":2,"minecraft:deepslate_brick_stairs":1,"minecraft:black_candle":3,"minecraft:diamond_helmet":1,"travelersbackpack:spider":1,"horror_element_mod:impaled_head":2,"minecraft:cactus":2,"minecraft:smooth_sandstone":1,"minecraft:spruce_sapling":9,"travelersbackpack:diamond":1,"minecraft:player_head":1,"minecraft:stone_sword":1,"minecraft:green_bed":4,"minecraft:tuff":2,"minecraft:raw_iron":1,"securitycraft:keypad_door_item":1,"minecraft:cobbled_deepslate_slab":2,"minecraft:oak_sapling":2,"minecraft:wooden_shovel":1,"minecraft:spider_eye":1,"minecraft:sandstone":1,"minecraft:stone_pickaxe":1,"minecraft:wooden_pickaxe":2,"minecraft:magma_block":2},"minecraft:used":{"alexsmobs:emu_egg":1,"minecraft:iron_shovel":250,"minecraft:poppy":6,"minecraft:chest":14,"minecraft:shield":32,"minecraft:iron_sword":338,"travelersbackpack:diamond":2,"minecraft:rotten_flesh":2,"minecraft:iron_chestplate":2,"minecraft:lily_of_the_valley":9,"travelersbackpack:iron":17,"ecologics:prickly_pear":3,"minecraft:birch_sapling":1,"minecraft:iron_helmet":2,"minecraft:written_book":1,"minecraft:sweet_berries":132,"minecraft:furnace":5,"minecraft:skeleton_skull":1,"minecraft:egg":1,"minecraft:dark_oak_sapling":9,"travelersbackpack:spider":1,"minecraft:stone_pickaxe":49,"minecraft:cactus":4,"horror_element_mod:impaled_head":2,"minecraft:wooden_pickaxe":12,"minecraft:golden_apple":5,"minecraft:glow_berries":5,"minecraft:blast_furnace":6,"minecraft:melon_slice":63,"minecraft:bread":169,"securitycraft:mine":2,"minecraft:smithing_table":1,"minecraft:andesite":8,"minecraft:azalea":2,"minecraft:stone_sword":20,"minecraft:dead_bush":1,"vtaw_mw:iron_greataxe":16,"minecraft:torch":146,"minecraft:dirt":2,"travelersbackpack:squid":16,"minecraft:iron_boots":2,"mcwfences:spruce_picket_fence":1,"minecraft:melon_seeds":24,"minecraft:barrel":1,"minecraft:cobbled_deepslate":26,"minecraft:iron_leggings":1,"minecraft:wheat_seeds":1,"minecraft:water_bucket":109,"minecraft:cobblestone_stairs":135,"minecraft:birch_planks":3,"minecraft:birch_boat":2,"minecraft:green_bed":12,"minecraft:lime_bed":13,"minecraft:crafting_table":23,"minecraft:wooden_hoe":84,"minecraft:iron_pickaxe":1201,"minecraft:stone_axe":180,"travelersbackpack:standard":16,"minecraft:cobblestone":532,"minecraft:bucket":112,"alexsmobs:animal_dictionary":4,"minecraft:dandelion":4,"alexsmobs:emu_leggings":1},"minecraft:killed_by":{"minecraft:zombie_horse":1,"alexsmobs:murmur_head":1,"minecraft:player":2,"alexsmobs:kangaroo":1},"minecraft:custom":{"minecraft:interact_with_crafting_table":96,"minecraft:open_barrel":34,"minecraft:bell_ring":1,"minecraft:leave_game":29,"minecraft:time_since_death":58713,"minecraft:sprint_one_cm":2291986,"minecraft:damage_blocked_by_shield":671,"minecraft:drop":129,"minecraft:talked_to_villager":1,"minecraft:play_time":610165,"minecraft:deaths":6,"minecraft:jump":9041,"minecraft:walk_on_water_one_cm":208415,"minecraft:interact_with_furnace":37,"minecraft:sleep_in_bed":35,"minecraft:damage_dealt":17283,"minecraft:player_kills":3,"minecraft:crouch_one_cm":24752,"minecraft:interact_with_smoker":2,"minecraft:horse_one_cm":1942,"minecraft:interact_with_smithing_table":8,"minecraft:interact_with_anvil":2,"minecraft:mob_kills":110,"minecraft:inspect_hopper":3,"minecraft:climb_one_cm":28328,"minecraft:walk_one_cm":857716,"minecraft:sneak_time":16323,"minecraft:walk_under_water_one_cm":138785,"minecraft:boat_one_cm":1152,"minecraft:interact_with_blast_furnace":36,"minecraft:total_world_time":610165,"minecraft:interact_with_stonecutter":1,"minecraft:time_since_rest":14447,"minecraft:damage_taken":8027,"minecraft:damage_absorbed":405,"minecraft:swim_one_cm":272291,"minecraft:fly_one_cm":1646694,"minecraft:open_chest":277,"minecraft:fall_one_cm":226258},"minecraft:broken":{"minecraft:iron_shovel":1,"minecraft:iron_boots":1,"minecraft:stone_axe":1,"minecraft:iron_pickaxe":3,"minecraft:wooden_hoe":1},"minecraft:killed":{"endofherobrine:silverfish":5,"minecraft:spider":3,"alexsmobs:murmur":1,"graveyard:wraith":2,"minecraft:zombie_horse":3,"minecraft:skeleton":10,"graveyard:acolyte":1,"screaming_villager:screaming_sheep":1,"alexsmobs:kangaroo":5,"minecraft:zombie_villager":1,"minecraft:creeper":1,"minecraft:sheep":8,"minecraft:zombie":17,"alexsmobs:terrapin":1,"alexsmobs:roadrunner":4,"endofherobrine:cow":1,"minecraft:cow":15,"hordes:zombie_player":3,"alexsmobs:gorilla":2,"minecraft:drowned":1,"minecraft:husk":3,"minecraft:squid":6,"alexsmobs:emu":4,"whisperwoods:zotzpyre":1,"alexsmobs:catfish":1,"alexsmobs:gazelle":3,"alexsmobs:crow":1,"endofherobrine:sheep":1,"minecraft:enderman":1},"minecraft:crafted":{"securitycraft:mine":3,"minecraft:oak_planks":116,"travelersbackpack:iron":1,"travelersbackpack:crafting_upgrade":1,"minecraft:birch_boat":1,"vtaw_mw:iron_greataxe":1,"minecraft:glass":101,"minecraft:iron_boots":2,"minecraft:melon_seeds":22,"minecraft:chest":15,"travelersbackpack:iron_tier_upgrade":3,"vtaw_mw:wooden_rod":4,"minecraft:crafting_table":7,"minecraft:spruce_planks":4,"minecraft:iron_helmet":2,"minecraft:wooden_pickaxe":1,"travelersbackpack:standard":7,"minecraft:birch_planks":24,"minecraft:wooden_hoe":2,"minecraft:iron_chestplate":2,"minecraft:shield":1,"minecraft:stick":84,"minecraft:iron_ingot":110,"minecraft:iron_pickaxe":5,"minecraft:stone_sword":1,"minecraft:gold_ingot":36,"minecraft:light_gray_dye":58,"alexsmobs:emu_leggings":1,"minecraft:furnace":1,"minecraft:bone_meal":713,"travelersbackpack:blank_upgrade":8,"travelersbackpack:gold_tier_upgrade":1,"travelersbackpack:white_sleeping_bag":4,"minecraft:stone_pickaxe":1,"minecraft:dark_oak_planks":8,"minecraft:wheat":378,"minecraft:bone_block":84,"travelersbackpack:backpack_tank":12,"minecraft:iron_sword":1,"minecraft:bucket":3,"minecraft:stone_axe":1,"minecraft:bread":130,"minecraft:air":0,"travelersbackpack:squid":3,"minecraft:golden_apple":1,"minecraft:iron_shovel":11,"minecraft:iron_leggings":2,"minecraft:acacia_planks":52,"minecraft:torch":84,"minecraft:lapis_block":15},"minecraft:picked_up":{"minecraft:iron_chestplate":2,"minecraft:anvil":2,"alexsmobs:emu_leggings":1,"securitycraft:taser":1,"vtaw_mw:iron_greataxe":1,"travelersbackpack:spider":1,"alexsmobs:gazelle_horn":3,"minecraft:string":21,"travelersbackpack:diamond":3,"horror_element_mod:blood_3":4,"minecraft:iron_leggings":2,"alexsmobs:emu_feather":8,"minecraft:tnt_minecart":1,"minecraft:gold_nugget":9,"minecraft:cobbled_deepslate":291,"minecraft:white_tulip":43,"minecraft:written_book":1,"minecraft:azalea":4,"minecraft:wooden_shovel":1,"minecraft:iron_pickaxe":6,"minecraft:melon_slice":85,"minecraft:furnace":5,"minecraft:iron_boots":2,"minecraft:stick":56,"minecraft:torch":61,"minecraft:acacia_log":28,"minecraft:green_bed":17,"travelersbackpack:iron_tier_upgrade":1,"minecraft:pointed_dripstone":103,"minecraft:diorite":22,"travelersbackpack:iron":11,"mcwfences:spruce_picket_fence":1,"minecraft:stone_sword":2,"minecraft:cactus":7,"minecraft:rotten_flesh":78,"alexsmobs:emu_egg":1,"minecraft:mangrove_roots":46,"minecraft:deepslate_brick_stairs":1,"minecraft:iron_bars":5,"minecraft:cobblestone":785,"minecraft:birch_log":6,"minecraft:magma_block":4,"minecraft:feather":4,"minecraft:water_bucket":2,"minecraft:andesite":16,"minecraft:black_bed":2,"minecraft:flint":25,"minecraft:tuff":2,"minecraft:lapis_lazuli":54,"minecraft:dirt":111,"minecraft:bone":52,"minecraft:glass":76,"minecraft:acacia_planks":10,"minecraft:wheat_seeds":23,"minecraft:deepslate_brick_slab":1,"minecraft:raw_gold":17,"minecraft:cobbled_deepslate_slab":5,"minecraft:grindstone":2,"minecraft:diamond_helmet":1,"securitycraft:mine":1,"travelersbackpack:squid":8,"ecologics:prickly_pear":3,"minecraft:sand":173,"minecraft:ink_sac":12,"minecraft:fermented_spider_eye":1,"minecraft:lily_of_the_valley":102,"alexsmobs:animal_dictionary":1,"minecraft:barrel":4,"minecraft:mossy_cobblestone":2,"alexsmobs:kangaroo_hide":8,"minecraft:diamond":6,"minecraft:bone_meal":1,"minecraft:golden_apple":2,"minecraft:emerald":2,"minecraft:bread":74,"minecraft:oak_sapling":4,"minecraft:crafting_table":26,"minecraft:azure_bluet":13,"minecraft:brown_mushroom":2,"minecraft:wooden_pickaxe":1,"alexsmobs:roadrunner_feather":2,"minecraft:gold_block":2,"minecraft:chain":1,"minecraft:shield":3,"minecraft:flint_and_steel":2,"minecraft:item_frame":3,"graveyard:corruption":1,"minecraft:cracked_stone_bricks":1,"minecraft:beef":36,"alexsmobs:elastic_tendon":1,"minecraft:player_head":1,"minecraft:iron_nugget":1,"minecraft:poppy":9,"minecraft:sugar_cane":14,"minecraft:chest":21,"minecraft:birch_sapling":1,"minecraft:phantom_membrane":1,"minecraft:egg":1,"minecraft:dark_oak_sapling":9,"minecraft:raw_iron":115,"minecraft:sandstone":1,"horror_element_mod:impaled_head":4,"minecraft:arrow":14,"minecraft:hay_block":158,"minecraft:gold_ingot":21,"minecraft:mutton":14,"securitycraft:keypad_door_item":1,"minecraft:skeleton_skull":3,"alexsmobs:kangaroo_meat":13,"minecraft:white_wool":13,"minecraft:oxeye_daisy":2,"minecraft:cracked_deepslate_tiles":1,"minecraft:lime_bed":15,"minecraft:glow_ink_sac":3,"minecraft:leather":20,"minecraft:birch_planks":7,"spelunkers_charm:old_miners_bundle":1,"minecraft:oak_log":29,"minecraft:cobbled_deepslate_stairs":1,"minecraft:gunpowder":3,"minecraft:cobblestone_stairs":64,"minecraft:smooth_sandstone":2,"minecraft:apple":1,"minecraft:stone_bricks":1,"minecraft:spruce_wood":1,"minecraft:iron_ingot":32,"minecraft:stone_pickaxe":2,"travelersbackpack:blank_upgrade":6,"minecraft:iron_sword":4,"minecraft:book":162,"minecraft:oak_slab":10,"minecraft:black_candle":4,"minecraft:birch_boat":1,"minecraft:sweet_berries":195,"minecraft:red_wool":1,"minecraft:dandelion":4,"minecraft:dripstone_block":2,"minecraft:gravel":169,"minecraft:spruce_sapling":3,"minecraft:blast_furnace":6,"minecraft:spider_eye":2,"alexsmobs:raw_catfish":2,"travelersbackpack:standard":4,"minecraft:pumpkin_seeds":3,"minecraft:purple_bed":1,"minecraft:stone_axe":6,"minecraft:iron_helmet":3,"minecraft:melon_seeds":4,"minecraft:black_wool":1,"spelunkers_charm:rock":18,"minecraft:coal":87,"minecraft:hopper":7},"minecraft:mined":{"minecraft:dark_oak_planks":1,"securitycraft:mine":1,"minecraft:cobbled_deepslate_stairs":5,"minecraft:cobblestone_stairs":14,"minecraft:grass_block":43,"minecraft:deepslate_bricks":1,"graveyard:skull_on_pike":1,"travelersbackpack:iron":9,"minecraft:hopper":8,"minecraft:oxeye_daisy":2,"ecologics:prickly_pear":2,"minecraft:tall_seagrass":10,"minecraft:magma_block":1,"minecraft:iron_ore":61,"minecraft:cobbled_deepslate":2,"minecraft:fire":1,"minecraft:barrel":1,"minecraft:anvil":1,"minecraft:azure_bluet":13,"minecraft:pointed_dripstone":3,"minecraft:iron_bars":2,"minecraft:deepslate_brick_stairs":6,"minecraft:pink_tulip":1,"minecraft:azalea_leaves":6,"minecraft:azalea":2,"minecraft:green_bed":11,"ecologics:pot":4,"minecraft:polished_deepslate_stairs":2,"minecraft:torch":8,"minecraft:blast_furnace":5,"minecraft:poppy":6,"minecraft:melon":15,"minecraft:chest":7,"minecraft:cobblestone":148,"graveyard:skeleton_hand":1,"minecraft:grindstone":2,"graveyard:lying_skeleton":2,"minecraft:sugar_cane":4,"minecraft:wall_torch":5,"travelersbackpack:diamond":1,"minecraft:skeleton_skull":1,"minecraft:seagrass":8,"minecraft:chain":1,"spelunkers_charm:rock_pile_3":2,"minecraft:birch_log":6,"horror_element_mod:spiked_villager":1,"minecraft:wheat":1,"graveyard:skull_pile":1,"minecraft:grass":39,"minecraft:cracked_deepslate_tiles":3,"minecraft:oak_log":28,"minecraft:dark_oak_sapling":1,"minecraft:loom":2,"minecraft:sand":153,"minecraft:dirt":63,"minecraft:oak_leaves":39,"minecraft:deepslate":312,"graveyard:torso_pile":1,"minecraft:deepslate_tiles":1,"minecraft:tuff":2,"horror_element_mod:blood_3":2,"minecraft:dark_oak_leaves":167,"minecraft:deepslate_diamond_ore":3,"minecraft:dark_oak_log":6,"minecraft:mangrove_roots":86,"minecraft:cobbled_deepslate_slab":14,"graveyard:tg_deepslate":1,"minecraft:spruce_leaves":33,"minecraft:sandstone":1,"minecraft:large_fern":6,"minecraft:hay_block":55,"minecraft:deepslate_brick_slab":13,"minecraft:furnace":3,"minecraft:andesite":8,"minecraft:gold_block":2,"minecraft:bookshelf":18,"minecraft:deepslate_iron_ore":9,"minecraft:vine":1,"minecraft:rail":1,"minecraft:stone":544,"minecraft:white_tulip":43,"minecraft:podzol":1,"minecraft:lily_of_the_valley":94,"graveyard:laterally_lying_skeleton":1,"minecraft:dandelion":5,"travelersbackpack:standard":2,"minecraft:smooth_sandstone":1,"minecraft:crafting_table":17,"minecraft:campfire":2,"minecraft:tall_grass":3,"minecraft:lapis_ore":4,"minecraft:deepslate_gold_ore":7,"minecraft:diorite":18,"horror_element_mod:impaled_head":6,"minecraft:cactus":3,"travelersbackpack:squid":6,"minecraft:purple_bed":1,"minecraft:lime_bed":11,"graveyard:vase_block":1,"minecraft:sweet_berry_bush":86,"minecraft:birch_leaves":1,"minecraft:coal_ore":25,"minecraft:dripstone_block":1,"minecraft:gravel":154,"graveyard:leaning_skeleton":2,"minecraft:cobweb":6,"minecraft:cracked_stone_bricks":1,"minecraft:stone_bricks":1,"minecraft:gold_ore":3,"minecraft:fern":11}},"DataVersion":3120}