{"stats":{"minecraft:dropped":{"minecraft:iron_sword":3,"minecraft:wheat_seeds":1,"minecraft:glow_ink_sac":2,"minecraft:mossy_cobblestone":1,"minecraft:iron_helmet":1,"minecraft:feather":1,"minecraft:book":1,"horror_element_mod:spider_head":2,"minecraft:amethyst_block":1,"horror_element_mod:slashed_skull":1,"minecraft:flint":2,"minecraft:cobweb":3,"minecraft:torch":27,"minecraft:green_dye":1,"minecraft:melon_slice":4,"minecraft:iron_leggings":1,"minecraft:sand":5,"minecraft:iron_axe":1,"minecraft:iron_pickaxe":1,"minecraft:iron_shovel":1,"minecraft:dark_oak_planks":2,"minecraft:bone":2,"minecraft:mangrove_roots":5,"minecraft:iron_nugget":1,"minecraft:player_head":2,"alexsmobs:animal_dictionary":2,"minecraft:pointed_dripstone":6,"minecraft:rotten_flesh":9,"minecraft:carrot":1,"minecraft:poppy":1,"minecraft:lime_bed":1,"minecraft:shield":1,"minecraft:skeleton_skull":4,"minecraft:iron_chestplate":1,"horror_element_mod:blood_3":1,"minecraft:spruce_wood":20,"minecraft:wooden_shovel":2,"minecraft:arrow":7,"minecraft:glass":4,"minecraft:egg":1},"minecraft:used":{"alexsmobs:emu_egg":1,"graveyard:dark_oak_coffin":3,"minecraft:chest":2,"minecraft:iron_sword":229,"minecraft:wooden_shovel":27,"minecraft:torch":69,"minecraft:dirt":36,"minecraft:tuff":16,"minecraft:carrot":1,"minecraft:iron_axe":12,"minecraft:spruce_wood":1,"minecraft:written_book":1,"minecraft:oak_sapling":1,"minecraft:furnace":2,"minecraft:egg":2,"minecraft:cooked_beef":1,"minecraft:cobbled_deepslate":14,"minecraft:iron_leggings":1,"minecraft:cooked_mutton":1,"minecraft:wheat_seeds":4,"minecraft:water_bucket":12,"minecraft:diorite":1,"minecraft:oak_planks":27,"minecraft:stone_pickaxe":117,"horror_element_mod:impaled_head":2,"minecraft:wooden_pickaxe":59,"minecraft:green_bed":20,"minecraft:golden_apple":1,"minecraft:crafting_table":6,"minecraft:bread":78,"minecraft:cyan_bed":2,"minecraft:iron_pickaxe":61,"minecraft:soul_lantern":1,"minecraft:stone_axe":31,"minecraft:white_banner":2,"minecraft:bucket":12,"alexsmobs:animal_dictionary":2,"securitycraft:glow_display_case":1},"minecraft:broken":{"minecraft:wooden_pickaxe":1,"minecraft:iron_sword":1},"minecraft:killed_by":{"minecraft:player":3,"whisperwoods:zotzpyre":5,"hordes:zombie_player":1,"alexsmobs:elephant":1,"minecraft:zombie_horse":2,"screaming_villager:screaming_sheep":1},"minecraft:custom":{"minecraft:interact_with_smithing_table":2,"minecraft:interact_with_anvil":1,"minecraft:mob_kills":67,"minecraft:interact_with_crafting_table":20,"minecraft:open_barrel":12,"minecraft:leave_game":5,"minecraft:time_since_death":6107,"minecraft:climb_one_cm":23316,"minecraft:sprint_one_cm":887545,"minecraft:walk_one_cm":1056422,"minecraft:drop":103,"minecraft:talked_to_villager":4,"minecraft:play_time":245301,"minecraft:deaths":15,"minecraft:sneak_time":5051,"minecraft:walk_under_water_one_cm":23174,"minecraft:jump":4010,"minecraft:interact_with_blast_furnace":40,"minecraft:walk_on_water_one_cm":69495,"minecraft:total_world_time":245301,"minecraft:interact_with_furnace":53,"minecraft:interact_with_cartography_table":1,"minecraft:sleep_in_bed":20,"minecraft:time_since_rest":6146,"minecraft:damage_taken":6361,"minecraft:trigger_trapped_chest":3,"minecraft:damage_dealt":12364,"minecraft:player_kills":1,"minecraft:swim_one_cm":45075,"minecraft:fly_one_cm":541057,"minecraft:open_chest":71,"minecraft:crouch_one_cm":15153,"minecraft:fall_one_cm":110155},"minecraft:killed":{"hordes:zombie_player":1,"minecraft:spider":2,"minecraft:zombie_horse":1,"minecraft:skeleton":12,"alexsmobs:blue_jay":1,"alexsmobs:leafcutter_ant":3,"alexsmobs:kangaroo":1,"minecraft:husk":4,"graveyard:ghoul":1,"minecraft:pig":3,"minecraft:creeper":3,"hordes:drowned_player":2,"kevin_trophy:blister_zombie":2,"minecraft:sheep":2,"minecraft:pillager":2,"kevin_trophy:crawler_zombie":1,"minecraft:zombie":14,"minecraft:glow_squid":1,"whisperwoods:moth":1,"endofherobrine:sheep":1,"endofherobrine:pigman":1,"minecraft:cow":1},"minecraft:crafted":{"minecraft:furnace":2,"minecraft:cooked_mutton":4,"minecraft:glass":19,"minecraft:iron_boots":1,"minecraft:iron_axe":1,"minecraft:stone_pickaxe":1,"minecraft:wheat":198,"minecraft:cooked_beef":1,"minecraft:wooden_shovel":1,"minecraft:cooked_porkchop":8,"minecraft:crafting_table":1,"minecraft:spruce_planks":8,"minecraft:wooden_pickaxe":1,"minecraft:iron_helmet":1,"minecraft:bucket":1,"minecraft:stone_axe":1,"minecraft:bread":72,"minecraft:air":0,"minecraft:iron_chestplate":1,"minecraft:golden_apple":1,"minecraft:stick":20,"minecraft:iron_ingot":30,"minecraft:iron_pickaxe":1,"minecraft:iron_leggings":1,"minecraft:gold_ingot":16,"minecraft:acacia_planks":4,"minecraft:torch":128},"minecraft:picked_up":{"minecraft:iron_chestplate":3,"minecraft:crafting_table":11,"minecraft:wheat":4,"securitycraft:taser":2,"minecraft:wooden_pickaxe":1,"minecraft:enchanted_book":1,"minecraft:shield":1,"minecraft:amethyst_block":6,"minecraft:iron_axe":2,"horror_element_mod:blood_3":1,"minecraft:iron_leggings":2,"minecraft:iron_shovel":3,"minecraft:cobbled_deepslate":26,"minecraft:detector_rail":2,"minecraft:bucket":1,"minecraft:beef":6,"minecraft:player_head":7,"minecraft:written_book":3,"graveyard:dark_oak_coffin":3,"minecraft:iron_nugget":1,"minecraft:wooden_shovel":9,"minecraft:poppy":2,"minecraft:iron_pickaxe":3,"minecraft:lectern":4,"minecraft:melon_slice":4,"minecraft:sugar_cane":82,"minecraft:chest":12,"minecraft:furnace":1,"minecraft:iron_boots":2,"minecraft:egg":4,"minecraft:stick":97,"minecraft:raw_iron":39,"horror_element_mod:slashed_skull":6,"minecraft:torch":96,"minecraft:acacia_log":19,"minecraft:green_bed":21,"minecraft:porkchop":16,"minecraft:pointed_dripstone":17,"minecraft:diorite":1,"minecraft:carrot":2,"minecraft:redstone":29,"minecraft:dark_oak_planks":7,"minecraft:cactus":32,"minecraft:arrow":37,"minecraft:rotten_flesh":67,"minecraft:hay_block":15,"alexsmobs:emu_egg":1,"minecraft:mangrove_roots":25,"minecraft:gold_ingot":8,"minecraft:mutton":12,"minecraft:rail":7,"minecraft:skeleton_skull":8,"minecraft:white_wool":2,"minecraft:cobblestone":292,"minecraft:cracked_deepslate_tiles":5,"minecraft:birch_log":5,"minecraft:lime_bed":1,"minecraft:feather":3,"minecraft:glow_ink_sac":4,"minecraft:water_bucket":1,"spelunkers_charm:old_miners_bundle":1,"minecraft:flint":4,"minecraft:tuff":26,"minecraft:oak_log":4,"minecraft:gunpowder":4,"minecraft:lapis_lazuli":33,"minecraft:dirt":64,"minecraft:white_banner":2,"securitycraft:glow_display_case":1,"minecraft:bone":14,"minecraft:bow":1,"minecraft:wheat_seeds":39,"minecraft:raw_gold":16,"minecraft:spruce_wood":79,"minecraft:iron_ingot":6,"minecraft:stone_pickaxe":6,"minecraft:cobweb":15,"minecraft:iron_sword":15,"horror_element_mod:spider_head":8,"minecraft:oak_planks":22,"minecraft:green_dye":1,"minecraft:book":8,"minecraft:black_candle":2,"minecraft:cooked_porkchop":8,"minecraft:quartz":1,"minecraft:dripstone_block":3,"minecraft:sand":5,"minecraft:cyan_bed":2,"alexsmobs:animal_dictionary":6,"minecraft:mossy_cobblestone":1,"alexsmobs:kangaroo_hide":5,"minecraft:diamond":5,"minecraft:stone_axe":4,"minecraft:soul_lantern":1,"minecraft:iron_helmet":2,"minecraft:bread":304,"minecraft:oak_sapling":1,"minecraft:smooth_quartz_slab":1,"minecraft:coal":199},"minecraft:mined":{"minecraft:tuff":17,"horror_element_mod:blood_3":1,"minecraft:mossy_cobblestone":1,"minecraft:deepslate_diamond_ore":4,"minecraft:sculk_vein":1,"minecraft:jungle_leaves":1,"minecraft:mangrove_roots":6,"minecraft:grass_block":24,"alexsmobs:leafcutter_ant_chamber":1,"minecraft:moss_block":1,"minecraft:large_fern":1,"minecraft:hay_block":15,"minecraft:furnace":1,"minecraft:iron_ore":10,"minecraft:fire":1,"minecraft:cobbled_deepslate":1,"minecraft:deepslate_lapis_ore":2,"minecraft:pointed_dripstone":1,"minecraft:deepslate_iron_ore":29,"horror_element_mod:crucified_body":1,"minecraft:spruce_wood":22,"minecraft:stone":67,"minecraft:white_banner":1,"minecraft:player_head":1,"minecraft:green_bed":14,"horror_element_mod:spider_head":1,"minecraft:deepslate_redstone_ore":1,"minecraft:crafting_table":6,"minecraft:torch":1,"minecraft:poppy":1,"minecraft:chest":4,"minecraft:dead_bush":8,"minecraft:lectern":1,"minecraft:tall_grass":2,"minecraft:cobblestone":11,"spelunkers_charm:deepslate_geyser":1,"minecraft:deepslate_gold_ore":8,"minecraft:cyan_bed":1,"minecraft:oak_planks":8,"minecraft:sugar_cane":14,"minecraft:cracked_deepslate_bricks":1,"minecraft:wall_torch":3,"minecraft:diorite":1,"minecraft:seagrass":1,"minecraft:lime_bed":1,"minecraft:birch_log":5,"minecraft:wheat":4,"minecraft:birch_leaves":1,"graveyard:dark_oak_coffin":2,"minecraft:grass":48,"minecraft:cracked_deepslate_tiles":3,"minecraft:coal_ore":56,"minecraft:oak_log":4,"minecraft:gravel":1,"minecraft:dirt":14,"minecraft:sand":4,"minecraft:dripstone_block":6,"minecraft:oak_leaves":6,"minecraft:deepslate":13,"minecraft:fern":2}},"DataVersion":3120}