{"stats":{"minecraft:mined":{"horror_element_mod:blood_3":1,"minecraft:sculk_vein":1,"minecraft:mangrove_roots":6,"minecraft:crafting_table":5,"minecraft:torch":1,"minecraft:grass_block":9,"minecraft:chest":4,"minecraft:dead_bush":8,"minecraft:lectern":1,"minecraft:cracked_deepslate_bricks":1,"minecraft:tall_grass":2,"minecraft:moss_block":1,"minecraft:sugar_cane":14,"minecraft:oak_planks":6,"minecraft:wall_torch":2,"minecraft:hay_block":15,"minecraft:seagrass":1,"minecraft:cobbled_deepslate":1,"minecraft:wheat":4,"minecraft:grass":35,"minecraft:cracked_deepslate_tiles":3,"minecraft:coal_ore":46,"minecraft:dirt":4,"minecraft:sand":4,"horror_element_mod:crucified_body":1,"minecraft:white_banner":1,"minecraft:stone":63,"minecraft:fern":1,"minecraft:player_head":1,"horror_element_mod:spider_head":1,"minecraft:green_bed":11},"minecraft:killed_by":{"alexsmobs:elephant":1},"minecraft:crafted":{"minecraft:wooden_shovel":1,"minecraft:wooden_pickaxe":1,"minecraft:stone_axe":1,"minecraft:bread":51,"minecraft:air":0,"minecraft:glass":4,"minecraft:stick":12,"minecraft:stone_pickaxe":1,"minecraft:acacia_planks":4,"minecraft:torch":56,"minecraft:wheat":135},"minecraft:picked_up":{"minecraft:cracked_deepslate_tiles":5,"minecraft:crafting_table":6,"minecraft:wheat":3,"minecraft:wooden_pickaxe":1,"minecraft:dirt":11,"minecraft:white_banner":2,"horror_element_mod:blood_3":1,"minecraft:bone":1,"minecraft:wheat_seeds":17,"minecraft:player_head":1,"minecraft:cobweb":3,"minecraft:poppy":2,"minecraft:wooden_shovel":1,"minecraft:iron_nugget":1,"minecraft:lectern":2,"horror_element_mod:spider_head":1,"minecraft:sugar_cane":44,"minecraft:chest":6,"minecraft:oak_planks":6,"minecraft:iron_sword":1,"minecraft:green_dye":1,"minecraft:book":1,"minecraft:stick":71,"minecraft:black_candle":2,"horror_element_mod:slashed_skull":2,"minecraft:green_bed":15,"minecraft:torch":4,"minecraft:acacia_log":7,"minecraft:sand":5,"dynamictrees:acacia_seed":5,"minecraft:redstone":1,"alexsmobs:animal_dictionary":1,"minecraft:dark_oak_planks":2,"minecraft:arrow":2,"alexsmobs:kangaroo_hide":2,"minecraft:cactus":8,"minecraft:rotten_flesh":10,"minecraft:soul_lantern":1,"minecraft:hay_block":15,"alexsmobs:emu_egg":1,"minecraft:mangrove_roots":10,"minecraft:bread":70,"minecraft:mutton":4,"minecraft:white_wool":2,"minecraft:coal":44,"minecraft:skeleton_skull":2,"minecraft:cobblestone":65},"minecraft:broken":{"minecraft:wooden_pickaxe":1},"minecraft:dropped":{"minecraft:iron_nugget":1,"minecraft:rotten_flesh":6,"horror_element_mod:slashed_skull":1,"minecraft:poppy":1,"minecraft:green_dye":1,"minecraft:skeleton_skull":3,"horror_element_mod:blood_3":1,"minecraft:sand":5,"minecraft:glass":4,"dynamictrees:acacia_seed":5},"minecraft:killed":{"graveyard:ghoul":1,"kevin_trophy:blister_zombie":1,"minecraft:sheep":2,"minecraft:skeleton":1,"minecraft:pillager":2,"minecraft:zombie":1,"endofherobrine:sheep":1,"alexsmobs:kangaroo":1},"minecraft:used":{"minecraft:wheat_seeds":4,"minecraft:stone_pickaxe":58,"minecraft:chest":2,"minecraft:wooden_pickaxe":59,"minecraft:iron_sword":46,"minecraft:wooden_shovel":10,"minecraft:green_bed":14,"minecraft:torch":11,"minecraft:dirt":6,"minecraft:crafting_table":4,"minecraft:bread":35,"minecraft:soul_lantern":1,"minecraft:stone_axe":2,"minecraft:written_book":1,"minecraft:white_banner":2,"alexsmobs:emu_egg":1},"minecraft:custom":{"minecraft:interact_with_furnace":9,"minecraft:mob_kills":10,"minecraft:interact_with_anvil":1,"minecraft:interact_with_crafting_table":6,"minecraft:interact_with_cartography_table":1,"minecraft:open_barrel":2,"minecraft:leave_game":2,"minecraft:time_since_death":46169,"minecraft:sleep_in_bed":13,"minecraft:climb_one_cm":6685,"minecraft:time_since_rest":6157,"minecraft:sprint_one_cm":398605,"minecraft:damage_taken":1251,"minecraft:walk_one_cm":467899,"minecraft:trigger_trapped_chest":3,"minecraft:drop":15,"minecraft:damage_dealt":2700,"minecraft:swim_one_cm":32915,"minecraft:talked_to_villager":4,"minecraft:fly_one_cm":249225,"minecraft:open_chest":6,"minecraft:crouch_one_cm":2217,"minecraft:play_time":96011,"minecraft:deaths":2,"minecraft:sneak_time":489,"minecraft:walk_under_water_one_cm":2887,"minecraft:jump":1733,"minecraft:walk_on_water_one_cm":26387,"minecraft:total_world_time":96011,"minecraft:fall_one_cm":38900}},"DataVersion":3120}