{"stats":{"minecraft:custom":{"minecraft:interact_with_crafting_table":34,"minecraft:open_barrel":25,"minecraft:leave_game":9,"minecraft:time_since_death":140188,"minecraft:sprint_one_cm":1313262,"minecraft:drop":120,"minecraft:play_noteblock":6,"minecraft:talked_to_villager":4,"minecraft:play_time":379382,"minecraft:deaths":15,"minecraft:jump":4963,"minecraft:walk_on_water_one_cm":78814,"minecraft:interact_with_furnace":59,"minecraft:interact_with_cartography_table":1,"minecraft:interact_with_loom":1,"minecraft:sleep_in_bed":29,"minecraft:damage_dealt":14907,"minecraft:player_kills":1,"minecraft:crouch_one_cm":20110,"minecraft:interact_with_smoker":6,"minecraft:interact_with_smithing_table":2,"minecraft:mob_kills":81,"minecraft:interact_with_anvil":1,"minecraft:climb_one_cm":28010,"minecraft:walk_one_cm":1508372,"minecraft:sneak_time":7614,"minecraft:walk_under_water_one_cm":25001,"minecraft:interact_with_blast_furnace":60,"minecraft:total_world_time":379382,"minecraft:tune_noteblock":88,"minecraft:time_since_rest":4389,"minecraft:damage_taken":8109,"minecraft:trigger_trapped_chest":3,"minecraft:swim_one_cm":50286,"minecraft:fly_one_cm":656991,"minecraft:open_chest":153,"minecraft:fall_one_cm":133899},"minecraft:used":{"alexsmobs:emu_egg":1,"minecraft:iron_shovel":2,"minecraft:chest":2,"minecraft:iron_sword":298,"minecraft:carrot":1,"minecraft:tuff":16,"minecraft:polished_deepslate_stairs":2,"minecraft:spruce_wood":1,"minecraft:written_book":1,"minecraft:furnace":2,"minecraft:oak_sapling":1,"minecraft:egg":34,"minecraft:diorite":1,"minecraft:stone_pickaxe":117,"minecraft:oak_planks":31,"horror_element_mod:impaled_head":2,"minecraft:wooden_pickaxe":59,"minecraft:golden_apple":1,"minecraft:note_block":4,"minecraft:deepslate_brick_stairs":1,"minecraft:deepslate_tiles":1,"minecraft:cyan_bed":2,"minecraft:bread":99,"minecraft:gravel":1,"minecraft:soul_lantern":1,"minecraft:cobweb":28,"minecraft:oak_fence":2,"minecraft:redstone":2,"graveyard:dark_oak_coffin":3,"minecraft:wooden_shovel":27,"minecraft:cooked_chicken":3,"minecraft:torch":81,"minecraft:dirt":36,"minecraft:iron_axe":73,"minecraft:cooked_beef":1,"minecraft:cobbled_deepslate":14,"minecraft:iron_leggings":1,"minecraft:cooked_mutton":1,"minecraft:wheat_seeds":4,"minecraft:water_bucket":18,"minecraft:green_bed":20,"minecraft:tnt":6,"minecraft:crafting_table":8,"minecraft:spruce_log":2,"minecraft:apple":3,"minecraft:oak_button":1,"minecraft:iron_pickaxe":133,"minecraft:stone_axe":31,"minecraft:cobblestone":1,"minecraft:white_banner":2,"minecraft:cooked_porkchop":8,"minecraft:bucket":18,"alexsmobs:animal_dictionary":2,"minecraft:jukebox":1,"securitycraft:glow_display_case":1},"minecraft:mined":{"minecraft:sculk_vein":1,"minecraft:jungle_leaves":1,"minecraft:grass_block":24,"minecraft:spawner":1,"minecraft:iron_ore":13,"minecraft:cobbled_deepslate":6,"minecraft:fire":1,"minecraft:deepslate_lapis_ore":2,"minecraft:pointed_dripstone":1,"horror_element_mod:crucified_body":1,"minecraft:spruce_wood":22,"minecraft:white_banner":1,"minecraft:player_head":1,"minecraft:green_bed":14,"minecraft:deepslate_redstone_ore":9,"minecraft:polished_deepslate_stairs":2,"minecraft:deepslate_tile_slab":2,"minecraft:torch":1,"minecraft:note_block":4,"minecraft:poppy":1,"minecraft:chest":4,"minecraft:dead_bush":8,"minecraft:cobblestone":13,"spelunkers_charm:deepslate_geyser":1,"minecraft:cyan_bed":1,"minecraft:sugar_cane":14,"minecraft:oak_planks":9,"minecraft:wall_torch":3,"minecraft:seagrass":1,"minecraft:birch_log":5,"minecraft:wheat":4,"minecraft:tnt":4,"graveyard:dark_oak_coffin":2,"minecraft:grass":51,"minecraft:cracked_deepslate_tiles":4,"minecraft:oak_log":59,"minecraft:sand":4,"minecraft:dirt":14,"minecraft:oak_leaves":12,"minecraft:deepslate":50,"minecraft:deepslate_tiles":1,"minecraft:tuff":17,"horror_element_mod:blood_3":1,"minecraft:mossy_cobblestone":1,"minecraft:deepslate_diamond_ore":4,"minecraft:mangrove_roots":6,"graveyard:tg_deepslate":4,"minecraft:redstone_wire":2,"alexsmobs:leafcutter_ant_chamber":1,"minecraft:moss_block":1,"minecraft:large_fern":1,"minecraft:hay_block":15,"minecraft:furnace":1,"minecraft:deepslate_iron_ore":29,"minecraft:stone":67,"horror_element_mod:spider_head":1,"minecraft:crafting_table":8,"minecraft:lectern":2,"minecraft:tall_grass":2,"minecraft:deepslate_gold_ore":8,"minecraft:cracked_deepslate_bricks":1,"minecraft:diorite":1,"minecraft:lime_bed":1,"minecraft:spruce_log":2,"minecraft:birch_leaves":1,"minecraft:coal_ore":57,"minecraft:gravel":1,"minecraft:dripstone_block":6,"minecraft:cobweb":15,"minecraft:fern":2},"minecraft:picked_up":{"minecraft:iron_chestplate":3,"minecraft:wheat":4,"securitycraft:taser":2,"minecraft:enchanted_book":3,"minecraft:amethyst_block":6,"minecraft:string":21,"horror_element_mod:blood_3":1,"minecraft:iron_leggings":2,"minecraft:deepslate_tiles":6,"minecraft:cobbled_deepslate":71,"minecraft:bucket":1,"minecraft:written_book":3,"minecraft:wooden_shovel":9,"minecraft:iron_pickaxe":3,"minecraft:melon_slice":4,"minecraft:furnace":1,"minecraft:iron_boots":2,"minecraft:stick":104,"horror_element_mod:slashed_skull":6,"minecraft:polished_deepslate_stairs":2,"minecraft:acacia_log":19,"minecraft:torch":96,"minecraft:green_bed":21,"minecraft:porkchop":16,"minecraft:pointed_dripstone":17,"minecraft:diorite":1,"minecraft:cactus":32,"minecraft:rotten_flesh":69,"alexsmobs:emu_egg":1,"minecraft:mangrove_roots":25,"minecraft:deepslate_brick_stairs":1,"minecraft:cobblestone":294,"minecraft:birch_log":5,"minecraft:feather":3,"minecraft:water_bucket":1,"minecraft:flint":4,"minecraft:tuff":28,"minecraft:lapis_lazuli":33,"minecraft:dirt":64,"minecraft:bone":14,"minecraft:bow":1,"minecraft:wheat_seeds":39,"minecraft:deepslate_brick_slab":2,"minecraft:raw_gold":16,"horror_element_mod:spider_head":8,"minecraft:oak_planks":23,"minecraft:cooked_porkchop":8,"minecraft:sand":5,"minecraft:loom":3,"minecraft:cyan_bed":2,"minecraft:mossy_cobblestone":1,"alexsmobs:animal_dictionary":6,"alexsmobs:kangaroo_hide":5,"minecraft:diamond":5,"minecraft:soul_lantern":1,"minecraft:writable_book":1,"minecraft:bread":304,"minecraft:oak_sapling":27,"minecraft:crafting_table":13,"minecraft:chicken":1,"mcwpaths:blackstone_crystal_floor_slab":1,"minecraft:wooden_pickaxe":1,"minecraft:shield":1,"minecraft:iron_axe":3,"minecraft:iron_shovel":3,"graveyard:corruption":2,"minecraft:detector_rail":2,"minecraft:beef":6,"graveyard:dark_oak_coffin":3,"minecraft:player_head":7,"minecraft:iron_nugget":1,"minecraft:poppy":2,"minecraft:lectern":5,"minecraft:sugar_cane":82,"minecraft:chest":12,"minecraft:egg":36,"minecraft:raw_iron":41,"minecraft:note_block":4,"minecraft:carrot":2,"minecraft:redstone":66,"minecraft:dark_oak_planks":7,"minecraft:tnt":5,"minecraft:arrow":37,"minecraft:deepslate_bricks":2,"minecraft:hay_block":15,"minecraft:gold_ingot":8,"minecraft:mutton":12,"minecraft:white_wool":2,"minecraft:skeleton_skull":8,"minecraft:rail":7,"minecraft:cracked_deepslate_tiles":7,"minecraft:lime_bed":1,"minecraft:glow_ink_sac":4,"spelunkers_charm:old_miners_bundle":1,"minecraft:oak_log":59,"minecraft:gunpowder":4,"minecraft:deepslate_tile_slab":2,"minecraft:white_banner":2,"securitycraft:glow_display_case":1,"minecraft:apple":3,"minecraft:spruce_wood":79,"minecraft:iron_ingot":6,"minecraft:stone_pickaxe":6,"minecraft:cooked_chicken":5,"minecraft:cobweb":15,"minecraft:iron_sword":15,"minecraft:green_dye":1,"minecraft:book":11,"minecraft:black_candle":2,"minecraft:quartz":1,"minecraft:dripstone_block":3,"minecraft:gravel":1,"minecraft:spruce_log":2,"minecraft:stone_axe":4,"minecraft:iron_helmet":2,"graveyard:incarnated_evil_music_disc":1,"minecraft:coal":200,"minecraft:smooth_quartz_slab":1},"minecraft:killed_by":{"alexsmobs:elephant":1,"minecraft:zombie_horse":2,"minecraft:player":3,"whisperwoods:zotzpyre":5,"screaming_villager:screaming_sheep":1},"minecraft:broken":{"minecraft:iron_sword":1,"minecraft:wooden_pickaxe":1,"minecraft:iron_axe":1},"minecraft:killed":{"graveyard:skeleton_creeper":1,"minecraft:spider":2,"graveyard:wraith":6,"minecraft:zombie_horse":1,"minecraft:skeleton":12,"graveyard:acolyte":1,"alexsmobs:leafcutter_ant":3,"minecraft:chicken":1,"alexsmobs:kangaroo":1,"minecraft:pig":3,"minecraft:creeper":3,"kevin_trophy:blister_zombie":2,"minecraft:sheep":2,"minecraft:pillager":2,"minecraft:zombie":17,"minecraft:glow_squid":1,"whisperwoods:moth":1,"endofherobrine:pigman":1,"graveyard:corrupted_pillager":1,"minecraft:cow":1,"alexsmobs:blue_jay":1,"minecraft:husk":4,"graveyard:ghoul":1,"kevin_trophy:crawler_zombie":1,"endofherobrine:sheep":1},"minecraft:dropped":{"minecraft:iron_sword":3,"minecraft:glow_ink_sac":2,"horror_element_mod:spider_head":2,"minecraft:flint":2,"minecraft:sand":5,"minecraft:iron_pickaxe":2,"minecraft:dark_oak_planks":2,"minecraft:bone":2,"minecraft:mangrove_roots":5,"minecraft:iron_nugget":1,"minecraft:cooked_chicken":2,"alexsmobs:animal_dictionary":2,"minecraft:pointed_dripstone":6,"minecraft:rotten_flesh":30,"minecraft:oak_planks":1,"minecraft:carrot":1,"minecraft:poppy":1,"minecraft:lime_bed":1,"minecraft:gunpowder":1,"minecraft:skeleton_skull":4,"horror_element_mod:blood_3":1,"minecraft:spruce_wood":20,"minecraft:arrow":7,"minecraft:glass":4,"minecraft:lectern":1,"minecraft:egg":1,"minecraft:wheat_seeds":1,"minecraft:mossy_cobblestone":1,"minecraft:iron_helmet":1,"minecraft:feather":2,"minecraft:book":2,"minecraft:amethyst_block":1,"minecraft:deepslate_tile_slab":2,"horror_element_mod:slashed_skull":1,"minecraft:cobweb":3,"minecraft:torch":27,"minecraft:green_dye":1,"minecraft:melon_slice":4,"minecraft:iron_leggings":1,"minecraft:iron_axe":2,"minecraft:iron_shovel":1,"minecraft:string":1,"minecraft:player_head":2,"minecraft:iron_boots":1,"minecraft:shield":1,"graveyard:incarnated_evil_music_disc":1,"minecraft:iron_chestplate":1,"mcwpaths:blackstone_crystal_floor_slab":1,"minecraft:wooden_shovel":3},"minecraft:crafted":{"minecraft:oak_planks":28,"minecraft:cooked_mutton":4,"minecraft:glass":19,"minecraft:iron_boots":1,"minecraft:oak_button":1,"minecraft:oak_fence":6,"minecraft:wooden_shovel":1,"minecraft:cooked_porkchop":8,"minecraft:crafting_table":1,"minecraft:spruce_planks":40,"minecraft:wooden_pickaxe":1,"minecraft:iron_helmet":1,"minecraft:birch_planks":20,"minecraft:tnt":1,"minecraft:iron_chestplate":1,"minecraft:birch_fence":15,"minecraft:stick":44,"minecraft:iron_ingot":118,"minecraft:iron_pickaxe":1,"minecraft:gold_ingot":57,"minecraft:jukebox":1,"minecraft:furnace":2,"minecraft:spruce_fence":24,"minecraft:iron_axe":1,"minecraft:stone_pickaxe":1,"minecraft:wheat":198,"minecraft:cooked_beef":1,"minecraft:bucket":1,"minecraft:stone_axe":1,"minecraft:bread":72,"minecraft:air":0,"minecraft:golden_apple":1,"minecraft:iron_leggings":1,"minecraft:acacia_planks":4,"minecraft:torch":140}},"DataVersion":3120}