{"stats":{"minecraft:custom":{"minecraft:jump":16,"minecraft:time_since_rest":1303,"minecraft:leave_game":3,"minecraft:play_time":1303,"minecraft:sprint_one_cm":1595,"minecraft:time_since_death":1303,"minecraft:walk_on_water_one_cm":396,"minecraft:walk_one_cm":4841,"minecraft:total_world_time":1303,"minecraft:walk_under_water_one_cm":528,"minecraft:swim_one_cm":1468,"minecraft:fall_one_cm":269,"minecraft:fly_one_cm":2128},"minecraft:used":{"minecraft:sand":1},"minecraft:mined":{"minecraft:sand":1},"minecraft:picked_up":{"minecraft:sand":1}},"DataVersion":3120}