{"stats":{"minecraft:dropped":{"minecraft:iron_ingot":15,"minecraft:iron_sword":1,"minecraft:wheat_seeds":5,"minecraft:lapis_lazuli":26,"minecraft:oak_pressure_plate":1,"minecraft:diamond":4,"minecraft:crafting_table":1,"minecraft:dripstone_block":3,"minecraft:feather":4,"graveyard:corruption":2,"minecraft:emerald":33,"minecraft:stick":20,"minecraft:iron_block":8,"minecraft:dirt":67,"minecraft:polished_blackstone_pressure_plate":1,"minecraft:brown_wool":1,"minecraft:wither_rose":1,"minecraft:iron_pickaxe":2,"minecraft:string":8,"minecraft:white_wool":2,"minecraft:redstone":2,"minecraft:bone":16,"minecraft:gold_ingot":34,"minecraft:furnace":2,"minecraft:stone_axe":1,"alexsmobs:maggot":2,"minecraft:stone_sword":1,"minecraft:sticky_piston":1,"minecraft:pink_dye":4,"minecraft:wheat":1,"minecraft:pointed_dripstone":30,"minecraft:rotten_flesh":3,"minecraft:blast_furnace":5,"minecraft:poppy":1,"minecraft:gunpowder":1,"spelunkers_charm:rock":3,"minecraft:wooden_pickaxe":1,"minecraft:stone_pickaxe":1,"minecraft:cracked_deepslate_bricks":2,"minecraft:egg":1},"minecraft:used":{"alexsmobs:emu_egg":1,"travelersbackpack:skeleton":2,"minecraft:iron_bars":2,"minecraft:stone_sword":64,"minecraft:iron_shovel":227,"minecraft:poppy":1,"minecraft:chest":10,"minecraft:shield":15,"minecraft:iron_sword":186,"minecraft:cooked_chicken":4,"minecraft:iron_chestplate":1,"minecraft:torch":75,"minecraft:dirt":105,"minecraft:deepslate_tile_slab":35,"minecraft:cracked_deepslate_tiles":1,"minecraft:deepslate_brick_slab":38,"minecraft:iron_axe":661,"minecraft:iron_boots":1,"minecraft:hay_block":1,"minecraft:oak_sapling":1,"minecraft:furnace":18,"minecraft:egg":3,"minecraft:cooked_beef":1,"minecraft:cobbled_deepslate":323,"minecraft:iron_leggings":1,"minecraft:cooked_mutton":15,"minecraft:water_bucket":13,"minecraft:birch_planks":240,"minecraft:stone_pickaxe":222,"minecraft:oak_planks":107,"minecraft:ender_pearl":1,"minecraft:wooden_pickaxe":3,"minecraft:green_bed":26,"minecraft:stonecutter":2,"minecraft:deepslate_bricks":4,"minecraft:white_wool":1,"minecraft:golden_apple":1,"minecraft:polished_deepslate_slab":11,"minecraft:sand":2,"minecraft:blast_furnace":18,"minecraft:crafting_table":15,"minecraft:dripstone_block":1,"alexsmobs:leafcutter_ant_pupa":1,"minecraft:deepslate_tiles":1,"minecraft:oak_log":78,"minecraft:bread":36,"minecraft:string":7,"minecraft:iron_pickaxe":611,"minecraft:stone_axe":48,"minecraft:soul_lantern":1,"minecraft:cobbled_deepslate_slab":191,"minecraft:cobblestone":41,"minecraft:cooked_porkchop":6,"minecraft:bucket":14,"minecraft:birch_log":1,"minecraft:stripped_oak_log":1,"minecraft:polished_blackstone_button":4,"minecraft:experience_bottle":6},"minecraft:broken":{"minecraft:stone_pickaxe":1,"minecraft:iron_axe":3},"minecraft:killed_by":{"minecraft:player":2,"hordes:zombie_player":1,"cave_dweller:cave_dweller":1},"minecraft:custom":{"minecraft:interact_with_anvil":6,"minecraft:mob_kills":69,"minecraft:interact_with_crafting_table":59,"minecraft:open_barrel":32,"minecraft:leave_game":17,"minecraft:time_since_death":135243,"minecraft:climb_one_cm":8829,"minecraft:sprint_one_cm":907940,"minecraft:walk_one_cm":956735,"minecraft:damage_blocked_by_shield":570,"minecraft:drop":109,"minecraft:play_noteblock":2,"minecraft:play_time":322058,"minecraft:sneak_time":6610,"minecraft:deaths":4,"minecraft:walk_under_water_one_cm":10601,"minecraft:jump":3553,"minecraft:interact_with_blast_furnace":59,"minecraft:walk_on_water_one_cm":39784,"minecraft:total_world_time":322058,"minecraft:interact_with_furnace":114,"minecraft:interact_with_loom":1,"minecraft:interact_with_stonecutter":7,"minecraft:sleep_in_bed":25,"minecraft:time_since_rest":91702,"minecraft:damage_taken":3829,"minecraft:damage_absorbed":32,"minecraft:trigger_trapped_chest":1,"minecraft:damage_dealt":12156,"minecraft:swim_one_cm":39676,"minecraft:player_kills":2,"minecraft:fly_one_cm":456118,"minecraft:crouch_one_cm":11112,"minecraft:open_chest":102,"minecraft:fall_one_cm":66286},"minecraft:killed":{"hordes:zombie_player":2,"graveyard:corrupted_vindicator":2,"minecraft:spider":2,"graveyard:wraith":27,"minecraft:skeleton":3,"graveyard:acolyte":3,"alexsmobs:leafcutter_ant":3,"minecraft:chicken":4,"screaming_villager:screaming_sheep":2,"minecraft:pig":2,"graveyard:ghoul":1,"minecraft:creeper":1,"whisperwoods:zotzpyre":1,"minecraft:sheep":8,"minecraft:zombie":8,"endofherobrine:sheep":2,"minecraft:cow":1},"minecraft:crafted":{"minecraft:oak_planks":104,"minecraft:coal":261,"minecraft:cooked_chicken":4,"minecraft:furnace":2,"minecraft:stone":3,"minecraft:pink_dye":2,"minecraft:cooked_mutton":14,"minecraft:glass":12,"travelersbackpack:white_sleeping_bag":1,"minecraft:bow":1,"minecraft:iron_boots":1,"minecraft:iron_axe":3,"minecraft:stone_pickaxe":2,"minecraft:chest":4,"minecraft:wheat":135,"minecraft:cooked_beef":1,"minecraft:coal_block":10,"minecraft:cooked_porkchop":6,"minecraft:crafting_table":2,"minecraft:iron_helmet":1,"travelersbackpack:backpack_tank":2,"travelersbackpack:standard":1,"minecraft:wooden_pickaxe":1,"minecraft:deepslate_brick_slab":22,"minecraft:bucket":1,"minecraft:birch_planks":400,"travelersbackpack:skeleton":1,"minecraft:stone_axe":1,"minecraft:polished_deepslate_slab":8,"minecraft:bread":45,"minecraft:air":0,"minecraft:iron_chestplate":1,"minecraft:stick":56,"minecraft:iron_ingot":183,"minecraft:iron_pickaxe":2,"minecraft:iron_block":8,"minecraft:stone_sword":1,"minecraft:iron_shovel":1,"minecraft:iron_leggings":1,"minecraft:gold_ingot":14,"minecraft:stonecutter":1,"minecraft:acacia_planks":88,"minecraft:torch":76,"minecraft:shears":1,"minecraft:lapis_lazuli":18,"minecraft:deepslate_tile_slab":22,"minecraft:lapis_block":2},"minecraft:picked_up":{"minecraft:charcoal":19,"minecraft:crafting_table":18,"minecraft:wheat":1,"minecraft:chicken":4,"minecraft:wooden_pickaxe":1,"spelunkers_charm:deepslate_rock":7,"minecraft:wither_rose":1,"minecraft:enchanted_book":5,"minecraft:shield":3,"minecraft:stripped_mangrove_log":6,"minecraft:string":25,"minecraft:iron_axe":2,"graveyard:candle_holder":1,"minecraft:iron_leggings":1,"minecraft:netherite_scrap":1,"minecraft:sticky_piston":2,"minecraft:iron_shovel":1,"minecraft:experience_bottle":4,"graveyard:corruption":11,"minecraft:deepslate_tiles":1,"minecraft:candle":2,"minecraft:cobbled_deepslate":323,"minecraft:beef":1,"minecraft:poppy":3,"minecraft:iron_pickaxe":6,"minecraft:enchanted_golden_apple":1,"minecraft:coal_block":63,"minecraft:chest":9,"minecraft:birch_sapling":2,"minecraft:egg":9,"minecraft:iron_boots":1,"minecraft:furnace":23,"minecraft:raw_iron":126,"minecraft:stick":12,"minecraft:polished_deepslate_slab":4,"minecraft:copper_ingot":14,"minecraft:polished_deepslate_stairs":1,"minecraft:torch":114,"minecraft:acacia_log":39,"minecraft:green_bed":29,"minecraft:note_block":2,"minecraft:porkchop":6,"minecraft:pointed_dripstone":30,"minecraft:redstone":65,"alexsmobs:leafcutter_ant_pupa":4,"minecraft:stone_sword":1,"minecraft:arrow":50,"minecraft:rotten_flesh":7,"minecraft:diamond_chestplate":1,"minecraft:peony":3,"minecraft:deepslate_bricks":4,"minecraft:hay_block":10,"minecraft:stripped_oak_log":1,"minecraft:cracked_deepslate_bricks":4,"alexsmobs:emu_egg":1,"minecraft:mangrove_roots":45,"minecraft:gold_ingot":25,"minecraft:mutton":29,"minecraft:iron_bars":3,"minecraft:skeleton_skull":3,"minecraft:white_wool":32,"minecraft:cobblestone":165,"minecraft:birch_log":114,"minecraft:cracked_deepslate_tiles":1,"minecraft:feather":4,"minecraft:water_bucket":2,"minecraft:leather":12,"minecraft:brown_wool":2,"minecraft:birch_planks":205,"minecraft:oak_log":135,"minecraft:gunpowder":2,"minecraft:deepslate_tile_slab":13,"minecraft:lapis_lazuli":120,"minecraft:stripped_birch_log":1,"minecraft:dirt":315,"minecraft:name_tag":3,"minecraft:cooked_mutton":24,"minecraft:bone":110,"minecraft:acacia_planks":125,"minecraft:apple":3,"minecraft:cobbled_deepslate_slab":7,"minecraft:stonecutter":1,"minecraft:wheat_seeds":8,"minecraft:deepslate_brick_slab":17,"minecraft:raw_gold":33,"minecraft:iron_ingot":6,"minecraft:stone_pickaxe":1,"travelersbackpack:skeleton":1,"minecraft:oak_planks":106,"minecraft:iron_sword":3,"minecraft:emerald_block":2,"minecraft:cooked_porkchop":4,"minecraft:oak_pressure_plate":2,"minecraft:dripstone_block":4,"minecraft:sand":14,"minecraft:blast_furnace":23,"minecraft:diamond":4,"minecraft:polished_blackstone_pressure_plate":2,"minecraft:stone_axe":2,"minecraft:soul_lantern":2,"minecraft:polished_blackstone_button":4,"minecraft:iron_helmet":1,"minecraft:bread":15,"alexsmobs:maggot":4,"minecraft:oak_sapling":12,"spelunkers_charm:rock":3,"minecraft:coal":1265,"minecraft:pink_dye":2,"minecraft:ender_pearl":17},"minecraft:mined":{"minecraft:deepslate_tiles":3,"minecraft:tuff":1,"minecraft:stone_pressure_plate":6,"horror_element_mod:blood_3":2,"minecraft:stripped_mangrove_log":2,"minecraft:deepslate_diamond_ore":4,"minecraft:stripped_birch_log":1,"minecraft:cobbled_deepslate_slab":8,"minecraft:grass_block":170,"graveyard:tg_deepslate":2,"minecraft:redstone_wire":2,"minecraft:deepslate_bricks":1,"minecraft:oak_pressure_plate":1,"minecraft:coal_block":22,"minecraft:polished_blackstone_pressure_plate":1,"minecraft:spawner":1,"minecraft:tall_seagrass":1,"minecraft:large_fern":2,"minecraft:hay_block":1,"minecraft:deepslate_brick_slab":14,"minecraft:furnace":18,"minecraft:iron_ore":9,"minecraft:sticky_piston":1,"minecraft:cobbled_deepslate":233,"graveyard:leaning_wither_skeleton":1,"minecraft:deepslate_lapis_ore":7,"minecraft:peony":3,"minecraft:pointed_dripstone":3,"minecraft:deepslate_iron_ore":81,"minecraft:polished_deepslate_slab":3,"minecraft:iron_bars":2,"minecraft:stripped_oak_log":1,"minecraft:deepslate_brick_stairs":1,"minecraft:stone":72,"minecraft:white_wool":1,"minecraft:green_bed":20,"minecraft:podzol":9,"travelersbackpack:skeleton":1,"minecraft:deepslate_redstone_ore":15,"minecraft:polished_deepslate_stairs":1,"minecraft:deepslate_tile_slab":12,"minecraft:crafting_table":15,"minecraft:torch":2,"minecraft:note_block":1,"dynamictrees:acacia_leaves":1,"minecraft:blast_furnace":22,"minecraft:chest":7,"minecraft:tall_grass":7,"minecraft:smooth_quartz_slab":1,"minecraft:cobblestone":17,"minecraft:deepslate_gold_ore":16,"minecraft:lapis_ore":1,"minecraft:oak_planks":107,"minecraft:cracked_deepslate_bricks":1,"minecraft:birch_planks":205,"minecraft:birch_log":114,"minecraft:birch_leaves":3,"minecraft:cracked_deepslate_tiles":4,"minecraft:grass":44,"graveyard:creeper_skeleton":1,"minecraft:coal_ore":125,"minecraft:oak_log":136,"minecraft:dirt":77,"minecraft:sand":14,"minecraft:dripstone_block":5,"minecraft:cobweb":14,"minecraft:stonecutter":1,"minecraft:deepslate":69,"minecraft:oak_leaves":40,"minecraft:emerald_block":2,"minecraft:fern":5}},"DataVersion":3120}