{"stats":{"minecraft:dropped":{"minecraft:iron_sword":2,"minecraft:birch_planks":556,"minecraft:lapis_lazuli":26,"minecraft:oak_pressure_plate":1,"minecraft:oak_log":62,"minecraft:diamond":4,"minecraft:crafting_table":4,"minecraft:dark_oak_sapling":6,"graveyard:corruption":2,"minecraft:flint":1,"minecraft:emerald":33,"minecraft:dirt":141,"minecraft:polished_blackstone_pressure_plate":1,"minecraft:bone_meal":164,"minecraft:sand":9,"minecraft:iron_pickaxe":2,"minecraft:white_wool":11,"minecraft:gold_ingot":43,"minecraft:bone":54,"minecraft:stone_axe":1,"minecraft:mangrove_roots":90,"minecraft:pink_dye":4,"minecraft:wheat":1,"minecraft:birch_sapling":2,"minecraft:pointed_dripstone":30,"minecraft:deepslate_brick_slab":51,"minecraft:rotten_flesh":8,"securitycraft:taser":1,"minecraft:oak_planks":179,"minecraft:poppy":2,"minecraft:gunpowder":1,"minecraft:skeleton_skull":1,"spelunkers_charm:rock":3,"minecraft:arrow":10,"mcwfences:railing_deepslate_brick_wall":1,"minecraft:egg":3,"minecraft:enchanted_book":2,"minecraft:iron_ingot":143,"minecraft:oak_slab":302,"minecraft:wheat_seeds":11,"minecraft:dripstone_block":3,"minecraft:feather":4,"minecraft:apple":2,"minecraft:deepslate_tile_slab":2,"minecraft:stick":22,"minecraft:iron_block":8,"minecraft:melon_slice":44,"minecraft:brown_wool":1,"minecraft:iron_leggings":1,"minecraft:wither_rose":1,"minecraft:iron_shovel":1,"minecraft:string":9,"minecraft:spruce_sapling":24,"minecraft:redstone":2,"minecraft:furnace":2,"minecraft:sweet_berries":2,"alexsmobs:maggot":2,"minecraft:stone_sword":1,"minecraft:sticky_piston":1,"minecraft:experience_bottle":4,"minecraft:polished_deepslate_slab":2,"minecraft:name_tag":3,"minecraft:cobbled_deepslate_slab":128,"minecraft:shears":3,"minecraft:lily_of_the_valley":2,"minecraft:blast_furnace":5,"minecraft:peony":2,"minecraft:spruce_planks":64,"minecraft:oak_boat":1,"minecraft:oak_sapling":24,"minecraft:spruce_log":44,"minecraft:stone_pickaxe":1,"minecraft:wooden_pickaxe":1,"minecraft:cracked_deepslate_bricks":2},"minecraft:used":{"alexsmobs:emu_egg":1,"minecraft:peony":6,"minecraft:iron_shovel":591,"minecraft:chiseled_deepslate":1,"minecraft:poppy":1,"minecraft:chest":40,"minecraft:shield":36,"minecraft:iron_sword":533,"minecraft:iron_chestplate":1,"minecraft:mutton":1,"minecraft:lily_of_the_valley":31,"minecraft:deepslate_tile_slab":35,"minecraft:cracked_deepslate_tiles":1,"minecraft:deepslate_brick_slab":161,"minecraft:lantern":15,"minecraft:golden_sword":58,"minecraft:hay_block":1,"minecraft:mangrove_roots":1,"minecraft:oak_sapling":1,"minecraft:furnace":26,"minecraft:egg":7,"twilightforest:oak_banister":1,"minecraft:spruce_door":10,"minecraft:oak_planks":258,"minecraft:stone_pickaxe":222,"horror_element_mod:impaled_head":1,"minecraft:ender_pearl":1,"graveyard:dark_iron_bars":9,"minecraft:wooden_pickaxe":3,"minecraft:oak_leaves":2,"minecraft:golden_apple":4,"minecraft:white_wool":4,"minecraft:sand":12,"minecraft:blast_furnace":27,"minecraft:note_block":1,"minecraft:dripstone_block":1,"minecraft:shears":2,"minecraft:deepslate_tiles":1,"minecraft:melon_slice":25,"minecraft:string":7,"minecraft:bread":70,"minecraft:oak_pressure_plate":3,"minecraft:gravel":2,"minecraft:soul_lantern":1,"minecraft:dark_oak_fence":9,"minecraft:birch_log":1,"minecraft:oak_boat":1,"minecraft:bone_meal":50,"minecraft:experience_bottle":6,"travelersbackpack:skeleton":3,"mcwfences:railing_deepslate_brick_wall":1,"minecraft:iron_bars":2,"minecraft:stone_sword":64,"minecraft:armor_stand":4,"minecraft:spruce_planks":261,"mcwfences:deepslate_brick_railing_gate":2,"minecraft:cooked_chicken":4,"minecraft:torch":80,"minecraft:dirt":320,"minecraft:anvil":2,"minecraft:spruce_stairs":257,"minecraft:iron_hoe":38,"vtaw_mw:iron_greatsword":8,"minecraft:iron_axe":1659,"minecraft:oak_stairs":12,"minecraft:iron_boots":1,"mcwfences:spruce_picket_fence":28,"minecraft:barrel":38,"minecraft:cooked_beef":1,"minecraft:cobbled_deepslate":327,"minecraft:iron_leggings":1,"minecraft:wheat_seeds":48,"minecraft:cooked_mutton":15,"minecraft:water_bucket":57,"minecraft:birch_planks":269,"minecraft:stonecutter":8,"minecraft:green_bed":32,"minecraft:deepslate_bricks":133,"minecraft:polished_deepslate_slab":11,"minecraft:oak_slab":190,"minecraft:crafting_table":26,"minecraft:painting":53,"minecraft:spruce_log":212,"alexsmobs:leafcutter_ant_pupa":1,"minecraft:smoker":9,"minecraft:oak_log":78,"minecraft:flower_pot":4,"minecraft:chicken":1,"minecraft:iron_pickaxe":996,"minecraft:spruce_trapdoor":9,"minecraft:spruce_sapling":21,"minecraft:stone_axe":48,"minecraft:cobblestone":76,"minecraft:cobbled_deepslate_slab":191,"minecraft:cooked_porkchop":11,"minecraft:bucket":58,"minecraft:glass_pane":275,"minecraft:polished_blackstone_button":4,"minecraft:stripped_oak_log":1,"mcwfences:spruce_highley_gate":5},"minecraft:killed_by":{"minecraft:player":2,"hordes:zombie_player":1,"cave_dweller:cave_dweller":1},"minecraft:broken":{"minecraft:stone_pickaxe":1,"minecraft:golden_sword":2,"minecraft:iron_sword":2,"minecraft:iron_axe":6,"minecraft:iron_pickaxe":1},"minecraft:custom":{"minecraft:interact_with_crafting_table":141,"minecraft:open_barrel":140,"minecraft:leave_game":37,"minecraft:time_since_death":102014,"minecraft:sprint_one_cm":1757961,"minecraft:damage_blocked_by_shield":960,"minecraft:drop":207,"minecraft:play_noteblock":2,"minecraft:play_time":669201,"minecraft:deaths":6,"minecraft:jump":6420,"minecraft:walk_on_water_one_cm":79341,"minecraft:interact_with_furnace":181,"minecraft:interact_with_loom":1,"minecraft:sleep_in_bed":35,"minecraft:damage_dealt":29191,"minecraft:player_kills":2,"minecraft:crouch_one_cm":57686,"minecraft:interact_with_smoker":2,"minecraft:interact_with_anvil":10,"minecraft:mob_kills":233,"minecraft:climb_one_cm":12283,"minecraft:walk_one_cm":2089674,"minecraft:sneak_time":26529,"minecraft:walk_under_water_one_cm":28939,"minecraft:boat_one_cm":556,"minecraft:interact_with_blast_furnace":68,"minecraft:total_world_time":669201,"minecraft:pot_flower":4,"minecraft:interact_with_stonecutter":14,"minecraft:time_since_rest":43199,"minecraft:damage_taken":5486,"minecraft:damage_absorbed":32,"minecraft:trigger_trapped_chest":1,"minecraft:swim_one_cm":55050,"minecraft:fly_one_cm":818003,"minecraft:open_chest":403,"minecraft:fall_one_cm":133108},"minecraft:killed":{"minecraft:spider":4,"graveyard:wraith":27,"minecraft:zombie_horse":3,"minecraft:skeleton":3,"graveyard:acolyte":3,"alexsmobs:leafcutter_ant":3,"minecraft:chicken":5,"screaming_villager:screaming_sheep":2,"minecraft:pig":6,"minecraft:zombie_villager":3,"minecraft:creeper":1,"minecraft:sheep":9,"minecraft:zombie":115,"endofherobrine:cow":1,"minecraft:cow":1,"hordes:zombie_player":2,"graveyard:corrupted_vindicator":2,"minecraft:husk":37,"graveyard:ghoul":2,"whisperwoods:zotzpyre":1,"endofherobrine:sheep":2},"minecraft:picked_up":{"minecraft:chiseled_deepslate":3,"minecraft:wheat":43,"minecraft:flower_pot":1,"securitycraft:taser":1,"minecraft:oak_stairs":4,"minecraft:wither_rose":1,"minecraft:enchanted_book":27,"minecraft:string":30,"graveyard:candle_holder":1,"minecraft:iron_leggings":4,"minecraft:sticky_piston":2,"minecraft:armor_stand":3,"minecraft:experience_bottle":24,"minecraft:deepslate_tiles":1,"minecraft:cobbled_deepslate":417,"minecraft:spruce_planks":155,"minecraft:iron_pickaxe":8,"minecraft:enchanted_golden_apple":6,"minecraft:melon_slice":289,"minecraft:coal_block":63,"minecraft:furnace":29,"minecraft:iron_boots":4,"minecraft:stick":32,"twilightforest:oak_banister":13,"minecraft:polished_deepslate_stairs":1,"minecraft:torch":143,"minecraft:acacia_log":39,"minecraft:green_bed":34,"minecraft:spruce_stairs":109,"minecraft:porkchop":11,"minecraft:pointed_dripstone":30,"mcwfences:railing_deepslate_brick_wall":5,"mcwfences:spruce_picket_fence":16,"minecraft:stone_sword":1,"minecraft:rotten_flesh":58,"alexsmobs:emu_egg":1,"minecraft:mangrove_roots":225,"mcwfences:deepslate_brick_railing_gate":5,"minecraft:iron_bars":3,"minecraft:cobblestone":212,"minecraft:birch_log":156,"minecraft:feather":10,"minecraft:water_bucket":3,"minecraft:brown_wool":2,"minecraft:smoker":8,"minecraft:flint":3,"minecraft:lantern":3,"minecraft:lapis_lazuli":120,"minecraft:stripped_birch_log":1,"minecraft:dirt":670,"minecraft:name_tag":11,"minecraft:glass":10,"minecraft:bone":287,"minecraft:acacia_planks":125,"minecraft:stonecutter":7,"minecraft:wheat_seeds":86,"minecraft:deepslate_brick_slab":263,"minecraft:raw_gold":33,"minecraft:cobbled_deepslate_slab":931,"minecraft:oak_planks":715,"minecraft:cooked_porkchop":4,"minecraft:oak_pressure_plate":2,"minecraft:sand":237,"minecraft:lily_of_the_valley":40,"minecraft:dark_oak_log":1,"minecraft:barrel":23,"securitycraft:universal_block_remover":4,"minecraft:iron_hoe":2,"minecraft:diamond":4,"minecraft:polished_blackstone_pressure_plate":2,"minecraft:soul_lantern":2,"minecraft:polished_blackstone_button":4,"vtaw_mw:iron_greatsword":2,"minecraft:bone_meal":337,"minecraft:golden_apple":2,"minecraft:bread":15,"alexsmobs:maggot":4,"minecraft:oak_sapling":91,"minecraft:dark_oak_fence":5,"minecraft:oak_leaves":2,"minecraft:charcoal":22,"minecraft:crafting_table":32,"minecraft:chicken":5,"minecraft:clay_ball":61,"minecraft:wooden_pickaxe":1,"spelunkers_charm:deepslate_rock":7,"minecraft:brick":14,"minecraft:shield":5,"minecraft:stripped_mangrove_log":6,"minecraft:iron_axe":7,"minecraft:netherite_scrap":1,"minecraft:iron_shovel":11,"minecraft:glass_pane":15,"graveyard:corruption":11,"minecraft:candle":2,"minecraft:beef":1,"minecraft:oak_boat":4,"minecraft:iron_nugget":5,"minecraft:poppy":8,"minecraft:chest":29,"minecraft:birch_sapling":12,"minecraft:spruce_trapdoor":1,"minecraft:egg":20,"minecraft:dark_oak_sapling":16,"minecraft:raw_iron":126,"minecraft:polished_deepslate_slab":25,"minecraft:copper_ingot":14,"minecraft:note_block":2,"graveyard:dark_iron_bars":24,"minecraft:redstone":65,"alexsmobs:leafcutter_ant_pupa":4,"minecraft:dark_oak_planks":8,"horror_element_mod:impaled_head":1,"minecraft:arrow":100,"minecraft:diamond_chestplate":3,"minecraft:peony":11,"minecraft:shears":7,"minecraft:deepslate_bricks":20,"minecraft:hay_block":10,"minecraft:cracked_deepslate_bricks":4,"minecraft:gold_ingot":46,"minecraft:mutton":30,"minecraft:skeleton_skull":8,"minecraft:white_wool":47,"minecraft:cracked_deepslate_tiles":1,"minecraft:stripped_oak_log":61,"minecraft:leather":12,"minecraft:birch_planks":2080,"minecraft:oak_log":290,"minecraft:gunpowder":2,"minecraft:deepslate_tile_slab":30,"minecraft:cooked_mutton":24,"minecraft:apple":6,"mcwfences:spruce_highley_gate":2,"minecraft:iron_ingot":341,"minecraft:stone_pickaxe":1,"securitycraft:universal_block_reinforcer_lvl1":4,"travelersbackpack:skeleton":3,"minecraft:iron_sword":6,"minecraft:oak_slab":648,"minecraft:emerald_block":2,"minecraft:sweet_berries":10,"minecraft:dripstone_block":4,"minecraft:gravel":6,"minecraft:spruce_sapling":92,"minecraft:blast_furnace":39,"minecraft:spruce_log":596,"minecraft:spruce_door":7,"xpbook:xp_tome":1,"minecraft:stone_axe":2,"minecraft:iron_helmet":3,"minecraft:painting":45,"minecraft:baked_potato":17,"spelunkers_charm:rock":3,"minecraft:pink_dye":2,"minecraft:coal":1454,"minecraft:ender_pearl":17},"minecraft:crafted":{"minecraft:brick":38,"minecraft:smooth_stone":5,"minecraft:oak_planks":344,"minecraft:barrel":15,"minecraft:oak_pressure_plate":4,"minecraft:cooked_chicken":4,"minecraft:stone":11,"minecraft:cooked_mutton":14,"minecraft:glass":169,"minecraft:bow":1,"minecraft:iron_boots":1,"minecraft:chest":14,"minecraft:golden_sword":2,"minecraft:flower_pot":3,"minecraft:smoker":4,"minecraft:oak_slab":210,"minecraft:cooked_porkchop":11,"minecraft:crafting_table":5,"mcwfences:spruce_picket_fence":12,"minecraft:spruce_planks":792,"travelersbackpack:standard":1,"minecraft:iron_helmet":1,"minecraft:wooden_pickaxe":1,"minecraft:spruce_door":3,"minecraft:birch_planks":400,"travelersbackpack:skeleton":1,"minecraft:polished_deepslate_slab":8,"minecraft:painting":8,"minecraft:spruce_trapdoor":8,"minecraft:iron_chestplate":2,"minecraft:diamond_pickaxe":1,"minecraft:chiseled_deepslate":1,"minecraft:stick":168,"minecraft:iron_ingot":183,"minecraft:iron_pickaxe":3,"minecraft:iron_block":8,"minecraft:stone_sword":1,"minecraft:gold_ingot":14,"mcwfences:spruce_highley_gate":3,"minecraft:shears":1,"minecraft:deepslate_tile_slab":22,"minecraft:coal":261,"minecraft:iron_nugget":99,"mcwfences:deepslate_brick_railing_gate":1,"minecraft:furnace":4,"mcwfences:railing_deepslate_brick_wall":1,"minecraft:bone_meal":90,"minecraft:pink_dye":2,"minecraft:glass_pane":304,"minecraft:lantern":12,"minecraft:spruce_stairs":344,"minecraft:dark_oak_fence":6,"travelersbackpack:white_sleeping_bag":1,"minecraft:iron_axe":7,"minecraft:iron_hoe":1,"minecraft:stone_pickaxe":2,"minecraft:dark_oak_planks":16,"minecraft:wheat":207,"minecraft:cooked_beef":1,"minecraft:coal_block":10,"travelersbackpack:backpack_tank":2,"minecraft:deepslate_brick_slab":22,"minecraft:iron_sword":1,"minecraft:bucket":1,"minecraft:stone_axe":1,"minecraft:bread":74,"minecraft:air":0,"minecraft:oak_boat":1,"minecraft:golden_apple":3,"minecraft:oak_stairs":12,"minecraft:iron_shovel":3,"minecraft:iron_leggings":1,"minecraft:stonecutter":2,"minecraft:armor_stand":1,"minecraft:acacia_planks":88,"minecraft:torch":104,"minecraft:lapis_lazuli":18,"minecraft:lapis_block":2},"minecraft:mined":{"minecraft:spruce_planks":42,"minecraft:stone_pressure_plate":6,"twilightforest:oak_banister":1,"minecraft:spruce_trapdoor":1,"minecraft:grass_block":218,"minecraft:oak_pressure_plate":1,"minecraft:coal_block":22,"minecraft:deepslate_bricks":17,"minecraft:polished_blackstone_pressure_plate":1,"minecraft:spawner":1,"minecraft:tall_seagrass":1,"minecraft:iron_ore":9,"minecraft:barrel":23,"minecraft:cobbled_deepslate":327,"minecraft:sticky_piston":1,"minecraft:fire":2,"graveyard:leaning_wither_skeleton":1,"minecraft:deepslate_lapis_ore":7,"minecraft:pointed_dripstone":3,"minecraft:polished_deepslate_slab":10,"minecraft:iron_bars":2,"minecraft:oak_stairs":2,"minecraft:deepslate_brick_stairs":1,"minecraft:green_bed":24,"travelersbackpack:skeleton":2,"minecraft:deepslate_redstone_ore":15,"minecraft:polished_deepslate_stairs":1,"minecraft:smoker":8,"minecraft:deepslate_tile_slab":22,"minecraft:clay":13,"minecraft:torch":2,"minecraft:note_block":1,"minecraft:blast_furnace":38,"minecraft:melon":15,"minecraft:chest":27,"mcwfences:spruce_highley_gate":2,"minecraft:mushroom_stem":3,"minecraft:smooth_quartz_slab":1,"minecraft:cobblestone":25,"minecraft:oak_planks":146,"minecraft:wall_torch":3,"minecraft:seagrass":2,"minecraft:birch_log":114,"minecraft:wheat":25,"minecraft:grass":52,"minecraft:cracked_deepslate_tiles":4,"graveyard:creeper_skeleton":1,"minecraft:oak_log":136,"minecraft:dirt":217,"minecraft:sand":180,"minecraft:stonecutter":7,"mcwfences:spruce_picket_fence":17,"minecraft:oak_leaves":99,"minecraft:deepslate":69,"minecraft:emerald_block":2,"minecraft:deepslate_tiles":3,"minecraft:tuff":1,"horror_element_mod:blood_3":2,"minecraft:stripped_mangrove_log":2,"minecraft:dark_oak_leaves":20,"minecraft:deepslate_diamond_ore":4,"minecraft:stripped_birch_log":1,"minecraft:dark_oak_fence":3,"minecraft:cobbled_deepslate_slab":96,"graveyard:tg_deepslate":2,"minecraft:redstone_wire":2,"minecraft:spruce_leaves":67,"minecraft:large_fern":2,"minecraft:hay_block":1,"minecraft:deepslate_brick_slab":80,"minecraft:furnace":25,"minecraft:chiseled_deepslate":1,"mcwfences:railing_deepslate_brick_wall":1,"minecraft:peony":6,"minecraft:deepslate_iron_ore":81,"minecraft:lantern":2,"minecraft:stripped_oak_log":61,"mcwfences:deepslate_brick_railing_gate":2,"minecraft:stone":88,"minecraft:white_wool":4,"minecraft:podzol":9,"minecraft:oak_slab":94,"minecraft:glass_pane":18,"minecraft:lily_of_the_valley":7,"minecraft:potted_lily_of_the_valley":1,"minecraft:spruce_door":7,"minecraft:crafting_table":24,"dynamictrees:acacia_leaves":1,"minecraft:tall_grass":12,"minecraft:lapis_ore":1,"minecraft:deepslate_gold_ore":16,"minecraft:cracked_deepslate_bricks":1,"minecraft:spruce_stairs":11,"minecraft:birch_planks":275,"minecraft:sweet_berry_bush":1,"minecraft:spruce_log":459,"minecraft:birch_leaves":3,"graveyard:dark_iron_bars":8,"minecraft:coal_ore":125,"minecraft:gravel":3,"minecraft:dripstone_block":5,"minecraft:cobweb":14,"minecraft:fern":6}},"DataVersion":3120}