{"stats":{"minecraft:picked_up":{"minecraft:charcoal":5,"minecraft:crafting_table":7,"minecraft:wheat":1,"minecraft:feather":4,"minecraft:chicken":4,"minecraft:brown_wool":2,"minecraft:leather":4,"minecraft:wooden_pickaxe":1,"minecraft:shield":2,"minecraft:gunpowder":2,"minecraft:stripped_mangrove_log":2,"minecraft:lapis_lazuli":26,"minecraft:dirt":44,"minecraft:cooked_mutton":4,"minecraft:sticky_piston":2,"minecraft:bone":6,"minecraft:acacia_planks":88,"minecraft:wheat_seeds":6,"minecraft:cobbled_deepslate":20,"minecraft:raw_gold":8,"minecraft:stone_pickaxe":1,"minecraft:beef":1,"minecraft:poppy":1,"minecraft:iron_sword":1,"minecraft:furnace":11,"minecraft:egg":1,"minecraft:raw_iron":25,"minecraft:stick":4,"minecraft:cooked_porkchop":4,"minecraft:torch":2,"minecraft:green_bed":13,"minecraft:acacia_log":27,"minecraft:oak_pressure_plate":2,"minecraft:dripstone_block":4,"minecraft:porkchop":6,"minecraft:pointed_dripstone":16,"minecraft:redstone":2,"alexsmobs:leafcutter_ant_pupa":2,"minecraft:stone_sword":1,"minecraft:arrow":10,"minecraft:rotten_flesh":3,"minecraft:stone_axe":1,"minecraft:polished_blackstone_pressure_plate":2,"minecraft:cracked_deepslate_bricks":4,"alexsmobs:emu_egg":1,"alexsmobs:maggot":4,"minecraft:iron_bars":2,"spelunkers_charm:rock":3,"minecraft:mutton":29,"minecraft:skeleton_skull":2,"minecraft:coal":751,"minecraft:white_wool":14,"minecraft:cobblestone":114},"minecraft:killed_by":{"hordes:zombie_player":1},"minecraft:custom":{"minecraft:interact_with_furnace":61,"minecraft:mob_kills":30,"minecraft:interact_with_crafting_table":15,"minecraft:open_barrel":2,"minecraft:leave_game":4,"minecraft:time_since_death":34474,"minecraft:sleep_in_bed":16,"minecraft:climb_one_cm":1530,"minecraft:time_since_rest":13413,"minecraft:sprint_one_cm":323909,"minecraft:damage_taken":922,"minecraft:walk_one_cm":256060,"minecraft:damage_blocked_by_shield":205,"minecraft:trigger_trapped_chest":1,"minecraft:drop":43,"minecraft:damage_dealt":3732,"minecraft:swim_one_cm":23640,"minecraft:fly_one_cm":245943,"minecraft:player_kills":2,"minecraft:open_chest":3,"minecraft:crouch_one_cm":5939,"minecraft:play_time":94519,"minecraft:deaths":1,"minecraft:sneak_time":3984,"minecraft:walk_under_water_one_cm":5382,"minecraft:jump":1674,"minecraft:walk_on_water_one_cm":28546,"minecraft:fall_one_cm":27958,"minecraft:total_world_time":94519},"minecraft:killed":{"minecraft:pig":2,"graveyard:ghoul":1,"hordes:zombie_player":2,"minecraft:creeper":1,"whisperwoods:zotzpyre":1,"minecraft:sheep":8,"minecraft:skeleton":1,"minecraft:zombie":3,"alexsmobs:leafcutter_ant":3,"minecraft:chicken":4,"screaming_villager:screaming_sheep":1,"endofherobrine:sheep":2,"minecraft:cow":1},"minecraft:dropped":{"minecraft:iron_sword":1,"alexsmobs:maggot":2,"minecraft:wheat_seeds":5,"minecraft:oak_pressure_plate":1,"minecraft:dripstone_block":3,"minecraft:sticky_piston":1,"minecraft:wheat":1,"minecraft:pointed_dripstone":10,"minecraft:feather":4,"minecraft:rotten_flesh":3,"minecraft:stick":20,"minecraft:poppy":1,"minecraft:gunpowder":1,"minecraft:polished_blackstone_pressure_plate":1,"minecraft:brown_wool":1,"spelunkers_charm:rock":3,"minecraft:wooden_pickaxe":1,"minecraft:cracked_deepslate_bricks":2,"minecraft:white_wool":2,"minecraft:egg":1,"minecraft:redstone":2},"minecraft:broken":{"minecraft:stone_pickaxe":1},"minecraft:crafted":{"minecraft:cooked_beef":1,"minecraft:cooked_porkchop":6,"minecraft:crafting_table":1,"minecraft:wooden_pickaxe":1,"minecraft:cooked_chicken":4,"minecraft:furnace":2,"minecraft:stone_axe":1,"minecraft:cooked_mutton":14,"minecraft:air":0,"minecraft:iron_boots":1,"minecraft:iron_chestplate":1,"minecraft:stick":48,"minecraft:iron_ingot":25,"minecraft:iron_pickaxe":1,"minecraft:stone_pickaxe":2,"minecraft:stone_sword":1,"minecraft:iron_leggings":1,"minecraft:gold_ingot":1,"minecraft:acacia_planks":60,"minecraft:torch":76},"minecraft:mined":{"minecraft:stripped_mangrove_log":2,"minecraft:crafting_table":7,"dynamictrees:acacia_leaves":1,"minecraft:grass_block":11,"minecraft:redstone_wire":2,"minecraft:smooth_quartz_slab":1,"minecraft:oak_pressure_plate":1,"minecraft:tall_grass":3,"minecraft:cobblestone":17,"minecraft:lapis_ore":1,"minecraft:deepslate_gold_ore":8,"minecraft:cracked_deepslate_bricks":1,"minecraft:polished_blackstone_pressure_plate":1,"minecraft:tall_seagrass":1,"minecraft:furnace":10,"minecraft:iron_ore":9,"minecraft:sticky_piston":1,"minecraft:cobbled_deepslate":3,"minecraft:deepslate_lapis_ore":3,"minecraft:grass":31,"minecraft:coal_ore":125,"minecraft:deepslate_iron_ore":16,"minecraft:iron_bars":1,"minecraft:dripstone_block":4,"minecraft:dirt":11,"minecraft:deepslate":13,"minecraft:stone":55,"minecraft:green_bed":6,"minecraft:fern":5},"minecraft:used":{"alexsmobs:emu_egg":1,"minecraft:cooked_mutton":3,"minecraft:iron_bars":1,"minecraft:stone_sword":64,"minecraft:stone_pickaxe":222,"minecraft:wooden_pickaxe":3,"minecraft:shield":8,"minecraft:iron_sword":21,"minecraft:green_bed":11,"minecraft:cooked_chicken":4,"minecraft:iron_chestplate":1,"minecraft:torch":22,"minecraft:crafting_table":7,"minecraft:dripstone_block":1,"alexsmobs:leafcutter_ant_pupa":1,"minecraft:iron_pickaxe":55,"minecraft:iron_boots":1,"minecraft:stone_axe":40,"minecraft:cobblestone":39,"minecraft:furnace":10,"minecraft:cooked_porkchop":6,"minecraft:iron_leggings":1,"minecraft:cooked_beef":1}},"DataVersion":3120}