{"stats":{"minecraft:picked_up":{"minecraft:iron_chestplate":4,"minecraft:flower_pot":7,"minecraft:anvil":3,"minecraft:smithing_table":2,"securitycraft:taser":1,"minecraft:diamond_sword":2,"minecraft:oak_stairs":14,"minecraft:wither_rose":17,"minecraft:enchanted_book":55,"minecraft:golden_sword":1,"minecraft:polished_deepslate":4,"minecraft:string":169,"minecraft:dark_oak_pressure_plate":4,"minecraft:gold_nugget":6,"minecraft:cobbled_deepslate":872,"vtaw_mw:iron_halberd":1,"mcwbridges:oak_log_bridge_middle":3,"minecraft:spruce_planks":438,"mcwbridges:bridge_torch":4,"mcwfences:oak_hedge":3,"mcwlights:wall_lantern":1,"minecraft:enchanted_golden_apple":12,"minecraft:melon_slice":375,"minecraft:coal_block":63,"minecraft:polished_blackstone_brick_slab":38,"mcwwindows:spruce_blinds":45,"twilightforest:oak_banister":26,"minecraft:green_bed":40,"minecraft:acacia_log":39,"mcwbridges:glass_bridge_stair":106,"securitycraft:camera_monitor":1,"mcwdoors:spruce_western_door":1,"minecraft:chiseled_nether_bricks":3,"travelersbackpack:iron":1,"minecraft:stone_sword":1,"minecraft:iron_block":15,"minecraft:bookshelf":6,"mcwlights:tavern_lantern":5,"minecraft:blaze_rod":9,"mcwfences:deepslate_brick_railing_gate":6,"minecraft:iron_bars":27,"minecraft:birch_log":318,"mcwbridges:spruce_log_bridge_middle":6,"minecraft:magma_block":8,"minecraft:feather":94,"minecraft:birch_slab":5,"minecraft:water_bucket":7,"minecraft:brown_wool":2,"minecraft:copper_block":21,"minecraft:smoker":41,"minecraft:flint":4,"mcwdoors:iron_portcullis":12,"minecraft:lantern":18,"minecraft:chipped_anvil":3,"minecraft:stonecutter":9,"minecraft:glowstone_dust":28,"mcwfurnitures:spruce_double_wardrobe":4,"graveyard:fire_brazier":9,"mcwdoors:spruce_japanese_door":10,"minecraft:stripped_spruce_log":2,"minecraft:loom":3,"minecraft:fermented_spider_eye":7,"minecraft:dark_oak_log":127,"minecraft:barrel":64,"securitycraft:universal_block_remover":4,"minecraft:iron_hoe":4,"minecraft:white_candle":14,"alexsmobs:kangaroo_hide":12,"mcwfurnitures:stripped_oak_triple_drawer":12,"vtaw_mw:iron_greatsword":7,"minecraft:bread":61,"alexsmobs:maggot":4,"minecraft:dark_oak_fence":16,"minecraft:diamond_pickaxe":1,"minecraft:crafting_table":72,"mcwlights:spruce_ceiling_fan_light":5,"minecraft:clay_ball":269,"mcwbridges:spruce_log_bridge_stair":2,"graveyard:dark_iron_ingot":28,"mcwpaths:blackstone_crystal_floor_slab":249,"minecraft:stripped_mangrove_log":6,"minecraft:heavy_weighted_pressure_plate":1,"minecraft:cornflower":3,"minecraft:flint_and_steel":2,"minecraft:netherite_scrap":7,"minecraft:iron_shovel":17,"graveyard:soul_fire_brazier":6,"minecraft:glass_pane":92,"travelersbackpack:lapis":3,"minecraft:beef":7,"minecraft:iron_nugget":24,"minecraft:poppy":14,"minecraft:spruce_slab":125,"minecraft:chest":67,"minecraft:birch_sapling":68,"minecraft:piston":2,"minecraft:egg":315,"minecraft:polished_deepslate_slab":33,"minecraft:stone":232,"minecraft:spruce_fence":13,"graveyard:dark_iron_bars":27,"minecraft:carrot":296,"vtaw_mw:iron_katana":1,"minecraft:redstone":108,"minecraft:prismarine_crystals":6,"minecraft:tnt":35,"horror_element_mod:impaled_head":2,"alexsmobs:kangaroo_burger":1,"minecraft:stone_shovel":1,"minecraft:diamond_chestplate":3,"mcwlights:bell_lantern":1,"minecraft:peony":24,"minecraft:shears":9,"minecraft:deepslate_bricks":43,"minecraft:hay_block":10,"minecraft:cracked_deepslate_bricks":5,"minecraft:gold_ingot":54,"minecraft:polished_blackstone":5,"minecraft:glow_berries":12,"minecraft:mutton":30,"alexsmobs:kangaroo_meat":7,"minecraft:white_wool":49,"minecraft:oxeye_daisy":3,"minecraft:stripped_oak_log":71,"minecraft:oak_log":908,"minecraft:ancient_debris":1,"minecraft:paper":4,"minecraft:white_banner":3,"minecraft:birch_pressure_plate":1,"minecraft:apple":13,"minecraft:stone_bricks":311,"mcwfences:spruce_highley_gate":2,"minecraft:stone_pickaxe":2,"travelersbackpack:skeleton":5,"minecraft:iron_sword":13,"minecraft:dark_oak_stairs":4,"minecraft:dark_oak_slab":35,"minecraft:sweet_berries":10,"mcwwindows:white_curtain":59,"minecraft:gravel":14,"mcwdoors:bamboo_japanese_door":46,"minecraft:spruce_sapling":118,"mcwfurnitures:spruce_glass_table":4,"minecraft:spruce_log":951,"minecraft:diamond_shovel":2,"minecraft:purple_bed":1,"minecraft:polished_diorite":5,"minecraft:stone_axe":2,"minecraft:painting":89,"minecraft:polished_blackstone_brick_wall":27,"minecraft:baked_potato":133,"minecraft:melon_seeds":31,"mcwbridges:glass_bridge":7,"minecraft:pink_dye":2,"minecraft:hopper":7,"minecraft:ender_pearl":51,"minecraft:chiseled_deepslate":4,"minecraft:wheat":294,"minecraft:nether_brick_fence":3,"minecraft:redstone_block":22,"mcwfurnitures:spruce_modern_chair":2,"mcwdoors:spruce_barn_glass_door":10,"minecraft:stone_brick_stairs":23,"travelersbackpack:spider":1,"minecraft:lapis_block":30,"alexsmobs:gazelle_horn":2,"minecraft:smooth_stone_slab":9,"graveyard:candle_holder":1,"minecraft:iron_leggings":9,"minecraft:armor_stand":5,"minecraft:sticky_piston":2,"minecraft:experience_bottle":24,"minecraft:oak_sign":10,"travelersbackpack:blaze":1,"minecraft:deepslate_tiles":10,"minecraft:tnt_minecart":1,"minecraft:smooth_stone":1,"minecraft:bucket":2,"minecraft:white_tulip":4,"mcwlights:white_lamp":13,"minecraft:rose_bush":2,"minecraft:cobblestone_slab":6,"minecraft:iron_pickaxe":20,"minecraft:iron_boots":10,"minecraft:furnace":98,"minecraft:stick":245,"minecraft:polished_deepslate_stairs":1,"minecraft:oak_fence":74,"mcwfurnitures:stripped_birch_counter":5,"minecraft:torch":304,"minecraft:spruce_stairs":328,"minecraft:porkchop":12,"minecraft:pointed_dripstone":104,"minecraft:diorite":4,"mcwfurnitures:oak_double_drawer":7,"mcwfences:railing_deepslate_brick_wall":6,"graveyard:dark_iron_trapdoor":2,"ecologics:walnut_button":1,"mcwfences:spruce_picket_fence":19,"minecraft:rotten_flesh":408,"alexsmobs:emu_egg":2,"minecraft:mangrove_roots":408,"mcwdoors:spruce_glass_door":229,"minecraft:deepslate_brick_stairs":15,"minecraft:obsidian":2,"minecraft:cobblestone":857,"ecologics:walnut_planks":2,"ecologics:walnut":12,"minecraft:lilac":26,"minecraft:andesite":2,"minecraft:potato":164,"minecraft:tuff":6,"graveyard:dark_iron_door":2,"alexsmobs:rocky_shell":1,"minecraft:lapis_lazuli":145,"minecraft:dirt":2450,"minecraft:stripped_birch_log":5,"minecraft:name_tag":18,"minecraft:glass":319,"minecraft:bone":453,"minecraft:acacia_planks":145,"minecraft:bow":10,"minecraft:wheat_seeds":711,"minecraft:deepslate_brick_slab":361,"minecraft:raw_gold":43,"minecraft:cobbled_deepslate_slab":1337,"minecraft:grindstone":4,"minecraft:bamboo":241,"minecraft:oak_planks":1020,"minecraft:stone_hoe":2,"minecraft:cooked_porkchop":6,"travelersbackpack:squid":1,"graveyard:bone_dagger":1,"minecraft:oak_pressure_plate":10,"minecraft:polished_blackstone_slab":4,"minecraft:sand":272,"minecraft:lily_of_the_valley":52,"mcwlights:square_wall_lamp":2,"minecraft:soul_lantern":2,"minecraft:diamond":97,"minecraft:polished_blackstone_pressure_plate":2,"minecraft:polished_blackstone_button":4,"graveyard:cyan_urn":3,"minecraft:crossbow":4,"minecraft:bone_meal":542,"minecraft:golden_apple":5,"minecraft:white_concrete":2,"minecraft:emerald":6,"minecraft:oak_sapling":370,"minecraft:netherrack":28,"minecraft:oak_leaves":8,"minecraft:charcoal":33,"mcwfurnitures:spruce_modern_desk":1,"minecraft:allium":13,"minecraft:azure_bluet":4,"minecraft:chicken":17,"minecraft:ladder":12,"securitycraft:panic_button":1,"minecraft:wooden_pickaxe":1,"spelunkers_charm:deepslate_rock":12,"minecraft:gold_block":29,"minecraft:diamond_horse_armor":1,"minecraft:chain":1,"minecraft:brick":120,"minecraft:shield":9,"minecraft:iron_axe":11,"minecraft:birch_fence":7,"minecraft:blackstone":12,"graveyard:corruption":68,"minecraft:candle":6,"minecraft:oak_boat":7,"alexsmobs:elastic_tendon":1,"minecraft:lectern":16,"minecraft:tinted_glass":2,"minecraft:sugar_cane":172,"minecraft:spruce_trapdoor":16,"minecraft:phantom_membrane":6,"minecraft:dark_oak_sapling":33,"mcwfurnitures:spruce_desk":3,"minecraft:raw_iron":166,"minecraft:copper_ingot":66,"minecraft:note_block":5,"minecraft:stone_button":1,"alexsmobs:leafcutter_ant_pupa":8,"minecraft:dark_oak_planks":53,"minecraft:arrow":111,"minecraft:nether_bricks":83,"minecraft:saddle":1,"minecraft:skeleton_skull":13,"minecraft:cracked_deepslate_tiles":11,"minecraft:basalt":2,"minecraft:golden_carrot":59,"minecraft:glow_ink_sac":6,"minecraft:leather":15,"minecraft:birch_planks":2156,"minecraft:gunpowder":181,"minecraft:cobblestone_stairs":99,"minecraft:wooden_hoe":1,"minecraft:deepslate_tile_slab":84,"minecraft:cooked_mutton":24,"travelersbackpack:cow":1,"mcwroofs:stone_attic_roof":2,"minecraft:iron_ingot":470,"minecraft:cooked_chicken":6,"securitycraft:universal_block_reinforcer_lvl1":6,"mcwlights:white_paper_lamp":7,"minecraft:book":1277,"minecraft:oak_slab":949,"minecraft:pink_bed":5,"minecraft:emerald_block":19,"minecraft:birch_boat":1,"minecraft:stone_brick_slab":1,"minecraft:quartz":27,"minecraft:dandelion":38,"minecraft:dripstone_block":15,"minecraft:amethyst_shard":28,"minecraft:soul_torch":1,"minecraft:blast_furnace":104,"minecraft:spruce_door":13,"minecraft:spider_eye":10,"minecraft:white_concrete_powder":68,"xpbook:xp_tome":2,"vtaw_mw:diamond_katana":1,"minecraft:iron_helmet":8,"spelunkers_charm:rock":9,"minecraft:acacia_slab":2,"mcwpaths:diorite_running_bond":3,"minecraft:coal":1941},"minecraft:broken":{"minecraft:golden_boots":1,"minecraft:iron_boots":3,"minecraft:golden_sword":2,"minecraft:iron_sword":3,"minecraft:shield":1,"minecraft:iron_axe":14,"minecraft:iron_pickaxe":1,"minecraft:iron_helmet":1,"minecraft:iron_shovel":3,"minecraft:stone_pickaxe":1},"minecraft:custom":{"minecraft:interact_with_crafting_table":349,"minecraft:open_barrel":523,"minecraft:leave_game":84,"minecraft:time_since_death":727288,"minecraft:damage_blocked_by_shield":8734,"minecraft:play_time":1966089,"minecraft:deaths":8,"minecraft:jump":18646,"minecraft:interact_with_furnace":385,"minecraft:sleep_in_bed":134,"minecraft:damage_dealt":56584,"minecraft:interact_with_smoker":58,"minecraft:interact_with_smithing_table":2,"minecraft:interact_with_anvil":18,"minecraft:sneak_time":77630,"minecraft:interact_with_blast_furnace":123,"minecraft:total_world_time":1966089,"minecraft:tune_noteblock":65,"minecraft:interact_with_stonecutter":35,"minecraft:time_since_rest":50027,"minecraft:swim_one_cm":131003,"minecraft:fly_one_cm":2766917,"minecraft:open_chest":1332,"minecraft:fall_one_cm":461586,"minecraft:animals_bred":11,"minecraft:sprint_one_cm":6007593,"minecraft:drop":361,"minecraft:play_noteblock":6,"minecraft:talked_to_villager":6,"minecraft:walk_on_water_one_cm":152991,"minecraft:interact_with_loom":1,"minecraft:player_kills":3,"minecraft:crouch_one_cm":167810,"minecraft:mob_kills":387,"minecraft:climb_one_cm":32690,"minecraft:walk_one_cm":5407552,"minecraft:walk_under_water_one_cm":78761,"minecraft:boat_one_cm":556,"minecraft:raid_trigger":1,"minecraft:pot_flower":11,"minecraft:damage_taken":16216,"minecraft:damage_absorbed":32,"minecraft:trigger_trapped_chest":1},"minecraft:dropped":{"mcwdoors:spruce_barn_glass_door":3,"minecraft:iron_sword":4,"minecraft:lapis_lazuli":26,"minecraft:oak_pressure_plate":1,"minecraft:glow_ink_sac":3,"minecraft:diamond":4,"minecraft:crafting_table":6,"twilightforest:oak_banister":12,"minecraft:glow_berries":2,"graveyard:corruption":4,"minecraft:emerald":33,"minecraft:dirt":218,"minecraft:bone_meal":188,"minecraft:phantom_membrane":1,"minecraft:sand":9,"minecraft:iron_pickaxe":4,"minecraft:white_wool":12,"minecraft:bone":63,"minecraft:stone_axe":1,"minecraft:sugar_cane":16,"mcwbridges:glass_bridge_stair":216,"minecraft:cobbled_deepslate":15,"minecraft:pink_dye":4,"minecraft:birch_sapling":7,"minecraft:wheat":50,"minecraft:deepslate_brick_slab":51,"minecraft:rotten_flesh":17,"minecraft:oak_planks":179,"minecraft:deepslate_tiles":3,"minecraft:glass":102,"minecraft:lectern":1,"minecraft:egg":83,"minecraft:enchanted_book":3,"minecraft:iron_ingot":146,"minecraft:wheat_seeds":81,"minecraft:tnt":1,"vtaw_mw:iron_greatsword":2,"minecraft:dripstone_block":5,"minecraft:feather":50,"minecraft:cobblestone":8,"minecraft:book":12,"minecraft:apple":2,"minecraft:deepslate_tile_slab":2,"minecraft:coal":64,"minecraft:golden_apple":1,"minecraft:oxeye_daisy":1,"minecraft:golden_carrot":2,"mcwbridges:spruce_log_bridge_middle":2,"minecraft:iron_shovel":1,"minecraft:string":11,"minecraft:spruce_sapling":29,"minecraft:furnace":2,"minecraft:stone_sword":1,"minecraft:sticky_piston":1,"minecraft:experience_bottle":4,"minecraft:stone_shovel":1,"minecraft:polished_deepslate_slab":2,"minecraft:clay_ball":200,"minecraft:name_tag":4,"minecraft:cobbled_deepslate_slab":128,"minecraft:shears":4,"minecraft:lily_of_the_valley":2,"minecraft:blast_furnace":5,"minecraft:diamond_sword":1,"minecraft:potato":31,"minecraft:allium":2,"minecraft:peony":6,"minecraft:spruce_planks":67,"minecraft:barrel":1,"minecraft:stone_bricks":128,"minecraft:bow":6,"minecraft:magma_block":1,"mcwwindows:hammer":2,"minecraft:birch_planks":556,"minecraft:oak_log":62,"minecraft:dark_oak_sapling":8,"minecraft:lantern":1,"minecraft:flint":2,"minecraft:polished_blackstone_pressure_plate":1,"minecraft:cornflower":1,"minecraft:amethyst_shard":7,"minecraft:gold_ingot":43,"minecraft:gravel":8,"minecraft:white_tulip":1,"minecraft:mangrove_roots":90,"mcwpaths:diorite_running_bond":3,"minecraft:pointed_dripstone":43,"securitycraft:taser":1,"minecraft:poppy":3,"minecraft:gunpowder":5,"minecraft:skeleton_skull":1,"spelunkers_charm:rock":3,"minecraft:arrow":10,"mcwfences:railing_deepslate_brick_wall":1,"minecraft:water_bucket":1,"minecraft:oak_slab":302,"minecraft:dark_oak_pressure_plate":2,"spelunkers_charm:deepslate_rock":3,"minecraft:stick":22,"minecraft:iron_block":8,"minecraft:torch":48,"minecraft:melon_slice":45,"minecraft:brown_wool":1,"minecraft:iron_leggings":1,"minecraft:wither_rose":9,"minecraft:iron_axe":2,"minecraft:dandelion":12,"minecraft:redstone":3,"minecraft:anvil":1,"alexsmobs:maggot":2,"minecraft:sweet_berries":2,"minecraft:blaze_rod":4,"minecraft:raw_iron":1,"minecraft:birch_pressure_plate":2,"minecraft:glass_pane":42,"securitycraft:universal_block_remover":1,"minecraft:shield":2,"vtaw_mw:iron_halberd":1,"minecraft:oak_boat":1,"minecraft:oak_sapling":59,"minecraft:spruce_log":44,"minecraft:stone_pickaxe":2,"minecraft:wooden_pickaxe":1,"minecraft:cracked_deepslate_bricks":2},"minecraft:killed":{"graveyard:wraith":38,"minecraft:zombie_horse":3,"minecraft:skeleton":17,"graveyard:acolyte":7,"alexsmobs:leafcutter_ant":3,"minecraft:chicken":14,"minecraft:magma_cube":13,"minecraft:pillager":7,"minecraft:zombie":133,"endofherobrine:chicken":2,"endofherobrine:pigman":3,"minecraft:cow":5,"graveyard:corrupted_vindicator":9,"minecraft:vindicator":2,"eyesinthedarkness:eyes":1,"minecraft:husk":40,"graveyard:ghoul":3,"whisperwoods:zotzpyre":2,"endofherobrine:silverfish":3,"endofherobrine:pig":1,"minecraft:zombified_piglin":4,"minecraft:spider":12,"screaming_villager:screaming_sheep":3,"alexsmobs:kangaroo":4,"minecraft:pig":6,"minecraft:zombie_villager":3,"minecraft:creeper":3,"minecraft:sheep":9,"endofherobrine:cow":2,"minecraft:blaze":22,"minecraft:phantom":1,"endofherobrine:villager":1,"endofherobrine:sheep":2,"minecraft:wither_skeleton":5},"minecraft:used":{"alexsmobs:emu_egg":2,"minecraft:peony":8,"minecraft:chiseled_deepslate":1,"minecraft:polished_blackstone":5,"mcwbridges:spruce_log_bridge_middle":4,"minecraft:spruce_slab":272,"minecraft:poppy":4,"minecraft:chest":75,"minecraft:lily_of_the_valley":37,"mcwdoors:iron_portcullis":12,"graveyard:dark_iron_trapdoor":2,"minecraft:cracked_deepslate_tiles":1,"minecraft:allium":5,"minecraft:deepslate_brick_slab":204,"minecraft:stripped_spruce_log":1,"mcwdoors:spruce_glass_door":15,"mcwbridges:glass_bridge_stair":37,"minecraft:dark_oak_slab":404,"minecraft:stone_brick_stairs":53,"mcwwindows:spruce_blinds":45,"minecraft:bow":8,"minecraft:sweet_berries":2,"minecraft:furnace":61,"minecraft:oak_sapling":3,"minecraft:egg":132,"minecraft:potato":77,"twilightforest:oak_banister":11,"minecraft:diorite":1,"minecraft:spruce_door":15,"minecraft:blackstone":4,"minecraft:wooden_pickaxe":3,"graveyard:dark_iron_bars":22,"minecraft:oak_leaves":27,"minecraft:golden_apple":4,"minecraft:glow_berries":9,"minecraft:sand":19,"mcwdoors:spruce_japanese_door":26,"minecraft:blast_furnace":89,"minecraft:birch_fence":8,"minecraft:deepslate_tiles":1,"minecraft:stone_button":1,"minecraft:lectern":15,"minecraft:oak_pressure_plate":7,"minecraft:lilac":4,"minecraft:soul_lantern":1,"minecraft:diamond_sword":315,"minecraft:smithing_table":2,"minecraft:dark_oak_fence":13,"minecraft:birch_log":1,"minecraft:oak_boat":1,"travelersbackpack:skeleton":19,"minecraft:iron_bars":2,"minecraft:polished_blackstone_brick_slab":20,"mcwfences:railing_deepslate_brick_wall":1,"minecraft:stone_sword":64,"minecraft:armor_stand":6,"mcwfurnitures:spruce_glass_table":10,"mcwlights:spruce_ceiling_fan_light":6,"mcwfences:deepslate_brick_railing_gate":2,"minecraft:netherrack":28,"mcwfurnitures:spruce_desk":5,"minecraft:torch":177,"minecraft:anvil":4,"minecraft:chipped_anvil":3,"vtaw_mw:iron_greatsword":65,"minecraft:iron_axe":4378,"travelersbackpack:squid":1,"mcwbridges:glass_bridge":7,"mcwfences:spruce_picket_fence":28,"minecraft:barrel":69,"minecraft:diamond_chestplate":1,"ecologics:walnut":12,"minecraft:cobbled_deepslate":335,"minecraft:pointed_dripstone":15,"minecraft:wheat_seeds":197,"minecraft:water_bucket":248,"minecraft:birch_planks":328,"mcwfurnitures:spruce_modern_chair":4,"minecraft:deepslate_bricks":133,"minecraft:cracked_stone_bricks":10,"graveyard:bone_dagger":1,"minecraft:polished_deepslate_slab":11,"minecraft:tnt":1,"minecraft:oak_slab":474,"minecraft:crafting_table":47,"mcwfurnitures:stripped_oak_triple_drawer":12,"minecraft:campfire":1,"alexsmobs:leafcutter_ant_pupa":1,"minecraft:spruce_log":410,"minecraft:oak_log":677,"mcwpaths:blackstone_crystal_floor_slab":96,"minecraft:diamond_pickaxe":1039,"minecraft:diamond_shovel":151,"minecraft:iron_pickaxe":1408,"mcwwindows:white_curtain":52,"minecraft:spruce_trapdoor":62,"minecraft:spruce_sapling":42,"minecraft:pink_bed":7,"minecraft:cobblestone":279,"minecraft:cooked_porkchop":13,"minecraft:glass_pane":570,"minecraft:stripped_oak_log":4,"minecraft:dandelion":2,"mcwfences:spruce_highley_gate":5,"mcwlights:wall_lantern":2,"minecraft:iron_shovel":1788,"travelersbackpack:lapis":9,"minecraft:oak_sign":3,"minecraft:shield":240,"minecraft:iron_sword":837,"minecraft:iron_chestplate":1,"minecraft:white_candle":18,"minecraft:mutton":1,"minecraft:nether_bricks":4,"minecraft:carrot":204,"minecraft:deepslate_tile_slab":50,"travelersbackpack:iron":1,"minecraft:tuff":3,"minecraft:glass":5,"minecraft:lantern":28,"minecraft:polished_blackstone_brick_wall":15,"minecraft:stone_bricks":1137,"mcwfurnitures:spruce_modern_desk":3,"minecraft:golden_sword":58,"minecraft:hay_block":1,"minecraft:mangrove_roots":7,"minecraft:dark_oak_sapling":7,"travelersbackpack:spider":1,"minecraft:golden_boots":1,"minecraft:dark_oak_stairs":39,"travelersbackpack:cow":1,"mcwlights:white_lamp":12,"minecraft:stone_pickaxe":222,"minecraft:oak_planks":285,"horror_element_mod:impaled_head":2,"minecraft:ender_pearl":7,"mcwroofs:stone_attic_roof":2,"minecraft:sugar_cane":9,"minecraft:white_wool":4,"graveyard:cyan_urn":2,"minecraft:loom":3,"mcwlights:square_wall_lamp":2,"minecraft:note_block":4,"minecraft:dripstone_block":3,"minecraft:shears":2,"minecraft:melon_slice":107,"minecraft:bread":84,"mcwfurnitures:oak_double_drawer":5,"minecraft:string":7,"graveyard:fire_brazier":8,"minecraft:gravel":2,"minecraft:grindstone":4,"minecraft:andesite":2,"minecraft:chain":4,"minecraft:white_concrete":2,"minecraft:bone_meal":123,"minecraft:cobweb":52,"minecraft:experience_bottle":16,"minecraft:oak_fence":33,"travelersbackpack:blaze":1,"mcwbridges:spruce_log_bridge_stair":9,"minecraft:flint_and_steel":4,"minecraft:redstone":3,"mcwlights:bell_lantern":2,"minecraft:spruce_planks":547,"mcwlights:white_paper_lamp":11,"minecraft:stone_hoe":25,"minecraft:cooked_chicken":20,"mcwdoors:spruce_barn_glass_door":7,"mcwfurnitures:spruce_double_wardrobe":8,"minecraft:dirt":1239,"minecraft:white_carpet":14,"minecraft:spruce_stairs":453,"alexsmobs:cooked_kangaroo_meat":7,"minecraft:spruce_fence":14,"minecraft:dark_oak_planks":42,"minecraft:iron_hoe":99,"minecraft:birch_door":3,"minecraft:stone_brick_slab":28,"mcwfences:oak_hedge":3,"minecraft:bookshelf":26,"mcwbridges:oak_log_bridge_middle":1,"minecraft:oak_stairs":13,"minecraft:iron_boots":1,"alexsmobs:kangaroo_burger":1,"minecraft:golden_carrot":20,"minecraft:dark_oak_pressure_plate":2,"mcwlights:tavern_lantern":5,"minecraft:cooked_beef":7,"minecraft:iron_leggings":1,"minecraft:cooked_mutton":15,"minecraft:baked_potato":91,"securitycraft:panic_button":2,"minecraft:birch_boat":1,"minecraft:chiseled_nether_bricks":1,"minecraft:stonecutter":11,"minecraft:green_bed":37,"minecraft:cobblestone_slab":20,"graveyard:soul_fire_brazier":6,"minecraft:painting":92,"minecraft:smoker":41,"minecraft:flower_pot":11,"minecraft:apple":6,"minecraft:chicken":1,"mcwbridges:bridge_torch":6,"minecraft:stone_axe":48,"minecraft:cobbled_deepslate_slab":321,"minecraft:white_banner":2,"minecraft:bucket":253,"minecraft:polished_blackstone_button":4,"mcwdoors:bamboo_japanese_door":40,"minecraft:soul_torch":1},"minecraft:crafted":{"minecraft:smooth_stone":6,"minecraft:dark_oak_pressure_plate":2,"minecraft:pink_bed":2,"minecraft:oak_pressure_plate":4,"minecraft:birch_boat":1,"minecraft:chain":3,"mcwdoors:spruce_barn_glass_door":3,"minecraft:bookshelf":34,"minecraft:cooked_mutton":14,"minecraft:iron_bars":8,"minecraft:glass":459,"minecraft:birch_door":3,"mcwfurnitures:spruce_coffee_table":6,"minecraft:flower_pot":4,"mcwfurnitures:spruce_end_table":6,"minecraft:cooked_porkchop":11,"mcwlights:tavern_lantern":5,"travelersbackpack:lapis":1,"travelersbackpack:standard":2,"minecraft:spruce_door":3,"travelersbackpack:skeleton":1,"minecraft:campfire":1,"minecraft:polished_deepslate_slab":8,"minecraft:painting":8,"minecraft:lectern":1,"mcwbridges:glass_bridge_stair":234,"minecraft:chiseled_deepslate":1,"minecraft:iron_pickaxe":4,"minecraft:iron_block":8,"minecraft:gold_ingot":17,"minecraft:iron_nugget":153,"mcwfences:deepslate_brick_railing_gate":1,"mcwfences:railing_deepslate_brick_wall":1,"mcwfurnitures:spruce_glass_table":6,"mcwfurnitures:spruce_desk":2,"minecraft:bone_meal":204,"minecraft:spruce_fence":36,"minecraft:pink_dye":6,"minecraft:white_carpet":15,"minecraft:lantern":13,"minecraft:dark_oak_fence":6,"minecraft:spruce_stairs":428,"travelersbackpack:white_sleeping_bag":1,"minecraft:spruce_slab":288,"minecraft:stone_pickaxe":2,"minecraft:dark_oak_planks":480,"minecraft:wheat":207,"minecraft:coal_block":10,"minecraft:polished_blackstone_brick_slab":18,"minecraft:deepslate_brick_slab":22,"mcwroofs:stone_attic_roof":1,"mcwbridges:bridge_torch":2,"mcwdoors:spruce_japanese_door":24,"mcwbridges:spruce_log_bridge_middle":16,"minecraft:polished_blackstone_brick_wall":12,"minecraft:golden_apple":3,"minecraft:birch_trapdoor":12,"minecraft:oak_stairs":16,"minecraft:iron_shovel":9,"minecraft:iron_leggings":3,"minecraft:armor_stand":1,"minecraft:white_bed":2,"minecraft:brick":38,"minecraft:oak_planks":448,"minecraft:cobblestone_slab":18,"minecraft:barrel":21,"mcwlights:wall_lantern":1,"mcwfurnitures:spruce_modern_chair":2,"minecraft:cooked_chicken":14,"minecraft:stone":1265,"minecraft:heavy_weighted_pressure_plate":1,"mcwwindows:hammer":2,"minecraft:stone_brick_slab":12,"minecraft:bow":2,"minecraft:iron_boots":1,"minecraft:chest":16,"mcwfurnitures:cabinet_door":2,"minecraft:stone_hoe":1,"minecraft:oak_fence":63,"minecraft:golden_sword":2,"minecraft:golden_boots":1,"minecraft:smoker":4,"minecraft:oak_slab":354,"minecraft:crafting_table":8,"minecraft:spruce_planks":1372,"minecraft:baked_potato":31,"mcwfences:spruce_picket_fence":12,"mcwbridges:glass_bridge":232,"minecraft:wooden_pickaxe":1,"minecraft:iron_helmet":3,"minecraft:birch_pressure_plate":1,"minecraft:birch_planks":680,"mcwdoors:bamboo_japanese_door":10,"mcwdoors:spruce_glass_door":96,"minecraft:spruce_trapdoor":56,"minecraft:dark_oak_slab":516,"minecraft:paper":129,"minecraft:iron_chestplate":2,"minecraft:diamond_pickaxe":2,"minecraft:shield":3,"minecraft:birch_fence":15,"mcwfurnitures:spruce_double_wardrobe":4,"minecraft:stick":360,"minecraft:iron_ingot":228,"minecraft:stone_sword":1,"mcwtrpdoors:print_classic":4,"mcwfences:spruce_highley_gate":3,"minecraft:shears":1,"minecraft:deepslate_tile_slab":22,"securitycraft:panic_button":1,"mcwlights:bell_lantern":1,"minecraft:coal":261,"minecraft:furnace":4,"minecraft:stone_button":1,"mcwwindows:spruce_blinds":33,"minecraft:oak_trapdoor":10,"minecraft:glass_pane":864,"minecraft:flint_and_steel":1,"mcwbridges:spruce_log_bridge_stair":12,"minecraft:iron_axe":22,"minecraft:iron_hoe":1,"mcwfurnitures:spruce_table":6,"minecraft:cooked_beef":7,"minecraft:diamond_sword":1,"minecraft:dark_oak_stairs":96,"travelersbackpack:backpack_tank":2,"alexsmobs:cooked_kangaroo_meat":7,"minecraft:iron_sword":3,"minecraft:bucket":2,"mcwlights:white_paper_lamp":4,"minecraft:stone_axe":1,"minecraft:bread":87,"minecraft:air":0,"minecraft:oak_boat":1,"minecraft:white_wool":16,"mcwlights:spruce_ceiling_fan_light":1,"mcwfurnitures:spruce_modern_desk":2,"minecraft:stonecutter":2,"minecraft:acacia_planks":88,"minecraft:torch":148,"minecraft:lapis_lazuli":18,"minecraft:lapis_block":2,"minecraft:diamond_chestplate":1},"minecraft:killed_by":{"cave_dweller:cave_dweller":1,"minecraft:player":3},"minecraft:mined":{"minecraft:dark_oak_planks":7,"mcwlights:square_wall_lamp":2,"minecraft:pink_bed":5,"minecraft:jungle_leaves":11,"twilightforest:oak_banister":11,"minecraft:obsidian":1,"minecraft:oak_pressure_plate":6,"minecraft:coal_block":22,"minecraft:deepslate_bricks":26,"minecraft:spawner":3,"minecraft:tall_seagrass":2,"minecraft:magma_block":6,"minecraft:fire":21,"minecraft:barrel":62,"minecraft:sticky_piston":1,"minecraft:cobbled_deepslate":334,"mcwdoors:bamboo_japanese_door":34,"minecraft:deepslate_lapis_ore":7,"mcwfurnitures:spruce_desk":3,"minecraft:oak_sign":4,"minecraft:polished_deepslate_slab":10,"minecraft:oak_stairs":11,"minecraft:deepslate_brick_stairs":2,"minecraft:piston_head":1,"graveyard:dark_iron_trapdoor":2,"minecraft:smoker":39,"graveyard:fire_brazier":8,"minecraft:amethyst_cluster":1,"minecraft:deepslate_tile_slab":37,"minecraft:torch":10,"minecraft:note_block":4,"minecraft:blast_furnace":90,"minecraft:melon":15,"mcwfences:spruce_highley_gate":2,"minecraft:smooth_quartz_slab":1,"minecraft:glass":14,"minecraft:white_candle":6,"minecraft:potted_oak_sapling":1,"minecraft:sugar_cane":84,"minecraft:chain":1,"minecraft:wheat":190,"minecraft:lilac":15,"mcwlights:bell_lantern":1,"mcwbridges:spruce_log_bridge_middle":4,"minecraft:stone_brick_stairs":26,"minecraft:grass":97,"minecraft:dark_oak_sapling":1,"minecraft:loom":3,"graveyard:cyan_urn":2,"minecraft:stonecutter":9,"mcwfences:spruce_picket_fence":17,"minecraft:deepslate":104,"minecraft:deepslate_tiles":9,"mcwfurnitures:spruce_glass_table":4,"horror_element_mod:blood_3":2,"minecraft:stripped_birch_log":5,"minecraft:dark_oak_log":84,"minecraft:cobbled_deepslate_slab":226,"minecraft:nether_bricks":96,"minecraft:dark_oak_fence":9,"minecraft:allium":7,"minecraft:spruce_fence":11,"graveyard:tg_deepslate":4,"mcwfurnitures:spruce_modern_chair":2,"minecraft:redstone_wire":2,"minecraft:andesite":2,"spelunkers_charm:deepslate_rock_pile_2":1,"mcwfences:railing_deepslate_brick_wall":1,"minecraft:potatoes":44,"minecraft:cobblestone_slab":2,"minecraft:bamboo":26,"minecraft:white_wool":4,"minecraft:smithing_table":2,"minecraft:oak_slab":361,"minecraft:glass_pane":113,"minecraft:chiseled_nether_bricks":2,"minecraft:lily_of_the_valley":8,"minecraft:potted_lily_of_the_valley":5,"minecraft:stone_brick_slab":1,"minecraft:polished_blackstone_brick_wall":15,"minecraft:dandelion":1,"minecraft:cornflower":1,"mcwlights:tavern_lantern":4,"dynamictrees:acacia_leaves":1,"minecraft:tall_grass":13,"minecraft:deepslate_gold_ore":19,"mcwbridges:oak_log_bridge_middle":3,"minecraft:cracked_deepslate_bricks":1,"minecraft:diorite":1,"mcwwindows:spruce_blinds":45,"graveyard:vase_block":1,"mcwroofs:stone_attic_roof":2,"mcwlights:white_paper_lamp":7,"minecraft:spruce_log":815,"minecraft:birch_leaves":11,"minecraft:gravel":6,"minecraft:dripstone_block":16,"minecraft:cobweb":88,"minecraft:oak_button":1,"minecraft:polished_blackstone":5,"minecraft:stone_bricks":234,"minecraft:chipped_anvil":3,"mcwlights:wall_lantern":1,"minecraft:fern":6,"minecraft:spruce_planks":304,"minecraft:stone_pressure_plate":6,"minecraft:farmland":2,"minecraft:spruce_trapdoor":13,"minecraft:grass_block":1064,"mcwbridges:glass_bridge":7,"mcwfences:oak_hedge":3,"minecraft:white_concrete":2,"minecraft:polished_blackstone_brick_slab":20,"minecraft:polished_blackstone_pressure_plate":1,"mcwfurnitures:spruce_double_wardrobe":4,"mcwdoors:spruce_japanese_door":8,"minecraft:glowstone":10,"minecraft:iron_ore":20,"graveyard:leaning_wither_skeleton":1,"minecraft:anvil":1,"minecraft:dark_oak_stairs":4,"minecraft:pointed_dripstone":3,"mcwbridges:bridge_torch":3,"minecraft:iron_bars":9,"mcwfurnitures:oak_double_drawer":7,"mcwdoors:spruce_barn_glass_door":7,"minecraft:spruce_slab":48,"travelersbackpack:skeleton":4,"minecraft:green_bed":28,"minecraft:deepslate_redstone_ore":21,"mcwlights:white_lamp":8,"minecraft:blackstone":4,"minecraft:polished_deepslate_stairs":1,"minecraft:clay":61,"mcwbridges:spruce_log_bridge_stair":2,"mcwfurnitures:stripped_oak_triple_drawer":12,"minecraft:poppy":3,"minecraft:chest":63,"minecraft:mushroom_stem":3,"minecraft:nether_quartz_ore":27,"minecraft:cobblestone":109,"mcwbridges:glass_bridge_stair":18,"minecraft:grindstone":4,"minecraft:oak_planks":255,"minecraft:wall_torch":17,"minecraft:seagrass":2,"minecraft:dark_oak_slab":24,"mcwfurnitures:spruce_modern_desk":1,"minecraft:birch_log":188,"minecraft:tnt":2,"minecraft:cracked_deepslate_tiles":6,"graveyard:creeper_skeleton":1,"minecraft:oak_log":647,"minecraft:sand":216,"minecraft:dirt":667,"minecraft:netherrack":30,"minecraft:oak_leaves":297,"minecraft:emerald_block":2,"minecraft:tuff":11,"travelersbackpack:lapis":2,"minecraft:stripped_mangrove_log":2,"minecraft:dark_oak_leaves":24,"minecraft:deepslate_diamond_ore":13,"minecraft:candle":1,"minecraft:mangrove_roots":7,"minecraft:ladder":3,"minecraft:dark_oak_pressure_plate":2,"mcwdoors:spruce_glass_door":9,"minecraft:spruce_leaves":96,"minecraft:large_fern":2,"minecraft:hay_block":1,"graveyard:soul_fire_brazier":6,"minecraft:deepslate_brick_slab":120,"minecraft:carrots":69,"minecraft:spruce_sapling":2,"minecraft:furnace":56,"mcwwindows:white_curtain":42,"minecraft:stripped_spruce_log":2,"minecraft:chiseled_deepslate":1,"minecraft:peony":8,"minecraft:nether_brick_fence":3,"minecraft:bookshelf":150,"minecraft:deepslate_iron_ore":92,"minecraft:lantern":6,"minecraft:stripped_oak_log":69,"minecraft:white_tulip":2,"mcwfences:deepslate_brick_railing_gate":2,"minecraft:stone":313,"minecraft:podzol":20,"minecraft:soul_torch":1,"minecraft:basalt":2,"minecraft:spruce_door":11,"minecraft:oak_fence":21,"minecraft:crafting_table":45,"mcwlights:spruce_ceiling_fan_light":5,"minecraft:lectern":14,"mcwpaths:blackstone_crystal_floor_slab":87,"minecraft:lapis_ore":1,"minecraft:spruce_stairs":154,"minecraft:birch_planks":308,"minecraft:polished_blackstone_slab":2,"minecraft:sweet_berry_bush":1,"minecraft:white_wall_banner":1,"graveyard:dark_iron_bars":9,"minecraft:coal_ore":143,"minecraft:flower_pot":1,"minecraft:cracked_stone_bricks":4,"mcwdoors:iron_portcullis":3}},"DataVersion":3120}