{"stats":{"minecraft:dropped":{"minecraft:iron_sword":1,"minecraft:birch_planks":556,"minecraft:lapis_lazuli":26,"minecraft:oak_pressure_plate":1,"minecraft:oak_log":62,"minecraft:diamond":4,"minecraft:crafting_table":4,"minecraft:dark_oak_sapling":6,"graveyard:corruption":2,"minecraft:emerald":33,"minecraft:dirt":140,"minecraft:polished_blackstone_pressure_plate":1,"minecraft:bone_meal":164,"minecraft:sand":9,"minecraft:iron_pickaxe":2,"minecraft:white_wool":11,"minecraft:gold_ingot":43,"minecraft:bone":54,"minecraft:stone_axe":1,"minecraft:mangrove_roots":90,"minecraft:pink_dye":4,"minecraft:wheat":1,"minecraft:birch_sapling":2,"minecraft:pointed_dripstone":30,"securitycraft:taser":1,"minecraft:deepslate_brick_slab":47,"minecraft:rotten_flesh":8,"minecraft:oak_planks":179,"minecraft:poppy":2,"minecraft:gunpowder":1,"minecraft:skeleton_skull":1,"spelunkers_charm:rock":3,"minecraft:arrow":10,"mcwfences:railing_deepslate_brick_wall":1,"minecraft:egg":3,"minecraft:enchanted_book":2,"minecraft:iron_ingot":143,"minecraft:oak_slab":302,"minecraft:wheat_seeds":11,"minecraft:dripstone_block":3,"minecraft:feather":4,"minecraft:apple":2,"minecraft:stick":22,"minecraft:iron_block":8,"minecraft:melon_slice":44,"minecraft:brown_wool":1,"minecraft:iron_leggings":1,"minecraft:wither_rose":1,"minecraft:iron_shovel":1,"minecraft:string":9,"minecraft:spruce_sapling":24,"minecraft:redstone":2,"minecraft:furnace":2,"minecraft:sweet_berries":2,"alexsmobs:maggot":2,"minecraft:stone_sword":1,"minecraft:sticky_piston":1,"minecraft:experience_bottle":4,"minecraft:polished_deepslate_slab":2,"minecraft:name_tag":3,"minecraft:cobbled_deepslate_slab":128,"minecraft:shears":3,"minecraft:lily_of_the_valley":2,"minecraft:blast_furnace":5,"minecraft:peony":2,"minecraft:spruce_planks":64,"minecraft:oak_boat":1,"minecraft:oak_sapling":24,"minecraft:spruce_log":44,"minecraft:stone_pickaxe":1,"minecraft:wooden_pickaxe":1,"minecraft:cracked_deepslate_bricks":2},"minecraft:used":{"alexsmobs:emu_egg":1,"minecraft:peony":2,"minecraft:iron_shovel":513,"minecraft:chiseled_deepslate":1,"minecraft:poppy":1,"minecraft:chest":40,"minecraft:shield":36,"minecraft:iron_sword":473,"minecraft:iron_chestplate":1,"minecraft:mutton":1,"minecraft:lily_of_the_valley":23,"minecraft:deepslate_tile_slab":35,"minecraft:cracked_deepslate_tiles":1,"minecraft:deepslate_brick_slab":117,"minecraft:lantern":12,"minecraft:golden_sword":58,"minecraft:hay_block":1,"minecraft:oak_sapling":1,"minecraft:furnace":26,"minecraft:egg":7,"minecraft:spruce_door":10,"minecraft:oak_planks":252,"minecraft:stone_pickaxe":222,"minecraft:ender_pearl":1,"minecraft:wooden_pickaxe":3,"minecraft:oak_leaves":2,"minecraft:golden_apple":4,"minecraft:white_wool":1,"minecraft:sand":10,"minecraft:blast_furnace":27,"minecraft:dripstone_block":1,"minecraft:shears":2,"minecraft:deepslate_tiles":1,"minecraft:melon_slice":25,"minecraft:bread":57,"minecraft:string":7,"minecraft:soul_lantern":1,"minecraft:dark_oak_fence":6,"minecraft:birch_log":1,"minecraft:oak_boat":1,"minecraft:bone_meal":50,"minecraft:experience_bottle":6,"travelersbackpack:skeleton":2,"mcwfences:railing_deepslate_brick_wall":1,"minecraft:iron_bars":2,"minecraft:stone_sword":64,"minecraft:armor_stand":4,"minecraft:spruce_planks":261,"mcwfences:deepslate_brick_railing_gate":2,"minecraft:cooked_chicken":4,"minecraft:torch":80,"minecraft:dirt":304,"minecraft:anvil":1,"minecraft:spruce_stairs":257,"minecraft:iron_hoe":22,"vtaw_mw:iron_greatsword":8,"minecraft:iron_axe":1597,"minecraft:oak_stairs":12,"minecraft:iron_boots":1,"minecraft:barrel":27,"minecraft:cooked_beef":1,"minecraft:cobbled_deepslate":327,"minecraft:iron_leggings":1,"minecraft:wheat_seeds":32,"minecraft:cooked_mutton":15,"minecraft:water_bucket":57,"minecraft:birch_planks":240,"minecraft:stonecutter":5,"minecraft:green_bed":32,"minecraft:deepslate_bricks":121,"minecraft:polished_deepslate_slab":11,"minecraft:oak_slab":188,"minecraft:crafting_table":24,"minecraft:painting":16,"minecraft:spruce_log":211,"alexsmobs:leafcutter_ant_pupa":1,"minecraft:smoker":9,"minecraft:oak_log":78,"minecraft:flower_pot":1,"minecraft:chicken":1,"minecraft:iron_pickaxe":932,"minecraft:spruce_sapling":21,"minecraft:stone_axe":48,"minecraft:cobblestone":53,"minecraft:cobbled_deepslate_slab":191,"minecraft:cooked_porkchop":11,"minecraft:bucket":58,"minecraft:glass_pane":236,"minecraft:polished_blackstone_button":4,"minecraft:stripped_oak_log":1},"minecraft:killed_by":{"minecraft:player":2,"hordes:zombie_player":1,"cave_dweller:cave_dweller":1},"minecraft:broken":{"minecraft:stone_pickaxe":1,"minecraft:golden_sword":2,"minecraft:iron_sword":2,"minecraft:iron_axe":6,"minecraft:iron_pickaxe":1},"minecraft:custom":{"minecraft:interact_with_crafting_table":120,"minecraft:open_barrel":98,"minecraft:leave_game":32,"minecraft:time_since_death":0,"minecraft:sprint_one_cm":1505670,"minecraft:damage_blocked_by_shield":960,"minecraft:drop":198,"minecraft:play_noteblock":2,"minecraft:play_time":567093,"minecraft:deaths":6,"minecraft:jump":5579,"minecraft:walk_on_water_one_cm":67632,"minecraft:interact_with_furnace":175,"minecraft:interact_with_loom":1,"minecraft:sleep_in_bed":32,"minecraft:damage_dealt":28588,"minecraft:player_kills":2,"minecraft:crouch_one_cm":54083,"minecraft:interact_with_smoker":2,"minecraft:interact_with_anvil":7,"minecraft:mob_kills":231,"minecraft:climb_one_cm":11087,"minecraft:walk_one_cm":1669935,"minecraft:sneak_time":24912,"minecraft:walk_under_water_one_cm":27634,"minecraft:boat_one_cm":556,"minecraft:interact_with_blast_furnace":68,"minecraft:total_world_time":567093,"minecraft:pot_flower":1,"minecraft:interact_with_stonecutter":14,"minecraft:time_since_rest":99,"minecraft:damage_taken":5205,"minecraft:damage_absorbed":32,"minecraft:trigger_trapped_chest":1,"minecraft:swim_one_cm":55050,"minecraft:fly_one_cm":755831,"minecraft:open_chest":316,"minecraft:fall_one_cm":115112},"minecraft:killed":{"minecraft:spider":4,"graveyard:wraith":27,"minecraft:zombie_horse":3,"minecraft:skeleton":3,"graveyard:acolyte":3,"alexsmobs:leafcutter_ant":3,"minecraft:chicken":5,"screaming_villager:screaming_sheep":2,"minecraft:pig":6,"minecraft:zombie_villager":3,"minecraft:creeper":1,"minecraft:sheep":9,"minecraft:zombie":114,"endofherobrine:cow":1,"minecraft:cow":1,"hordes:zombie_player":2,"graveyard:corrupted_vindicator":2,"minecraft:husk":37,"graveyard:ghoul":1,"whisperwoods:zotzpyre":1,"endofherobrine:sheep":2},"minecraft:picked_up":{"minecraft:chiseled_deepslate":3,"minecraft:wheat":19,"securitycraft:taser":1,"minecraft:oak_stairs":4,"minecraft:wither_rose":1,"minecraft:enchanted_book":27,"minecraft:string":30,"graveyard:candle_holder":1,"minecraft:iron_leggings":3,"minecraft:sticky_piston":2,"minecraft:armor_stand":3,"minecraft:experience_bottle":24,"minecraft:deepslate_tiles":1,"minecraft:cobbled_deepslate":417,"minecraft:spruce_planks":155,"minecraft:iron_pickaxe":7,"minecraft:enchanted_golden_apple":5,"minecraft:melon_slice":245,"minecraft:coal_block":63,"minecraft:furnace":27,"minecraft:iron_boots":2,"minecraft:stick":30,"minecraft:polished_deepslate_stairs":1,"minecraft:torch":128,"minecraft:acacia_log":39,"minecraft:green_bed":34,"minecraft:spruce_stairs":109,"minecraft:porkchop":11,"minecraft:pointed_dripstone":30,"mcwfences:railing_deepslate_brick_wall":5,"minecraft:stone_sword":1,"minecraft:rotten_flesh":54,"alexsmobs:emu_egg":1,"minecraft:mangrove_roots":180,"mcwfences:deepslate_brick_railing_gate":5,"minecraft:iron_bars":3,"minecraft:cobblestone":189,"minecraft:birch_log":156,"minecraft:feather":8,"minecraft:water_bucket":3,"minecraft:brown_wool":2,"minecraft:smoker":5,"minecraft:flint":1,"minecraft:lantern":1,"minecraft:lapis_lazuli":120,"minecraft:stripped_birch_log":1,"minecraft:dirt":650,"minecraft:name_tag":11,"minecraft:bone":287,"minecraft:glass":10,"minecraft:acacia_planks":125,"minecraft:stonecutter":3,"minecraft:wheat_seeds":47,"minecraft:deepslate_brick_slab":253,"minecraft:raw_gold":33,"minecraft:cobbled_deepslate_slab":931,"minecraft:oak_planks":715,"minecraft:cooked_porkchop":4,"minecraft:oak_pressure_plate":2,"minecraft:sand":214,"minecraft:lily_of_the_valley":30,"minecraft:dark_oak_log":1,"minecraft:barrel":18,"minecraft:iron_hoe":1,"securitycraft:universal_block_remover":4,"minecraft:diamond":4,"minecraft:soul_lantern":2,"minecraft:polished_blackstone_pressure_plate":2,"minecraft:polished_blackstone_button":4,"vtaw_mw:iron_greatsword":1,"minecraft:bone_meal":297,"minecraft:bread":15,"alexsmobs:maggot":4,"minecraft:oak_sapling":74,"minecraft:dark_oak_fence":4,"minecraft:oak_leaves":2,"minecraft:charcoal":19,"minecraft:crafting_table":31,"minecraft:chicken":5,"minecraft:clay_ball":61,"minecraft:wooden_pickaxe":1,"spelunkers_charm:deepslate_rock":7,"minecraft:brick":14,"minecraft:shield":4,"minecraft:stripped_mangrove_log":6,"minecraft:iron_axe":6,"minecraft:netherite_scrap":1,"minecraft:iron_shovel":11,"minecraft:glass_pane":15,"graveyard:corruption":11,"minecraft:candle":2,"minecraft:beef":1,"minecraft:oak_boat":4,"minecraft:iron_nugget":5,"minecraft:poppy":7,"minecraft:chest":29,"minecraft:birch_sapling":10,"minecraft:egg":16,"minecraft:dark_oak_sapling":14,"minecraft:raw_iron":126,"minecraft:polished_deepslate_slab":25,"minecraft:copper_ingot":14,"minecraft:note_block":2,"minecraft:redstone":65,"alexsmobs:leafcutter_ant_pupa":4,"minecraft:dark_oak_planks":8,"minecraft:arrow":100,"minecraft:diamond_chestplate":2,"minecraft:peony":7,"minecraft:shears":7,"minecraft:deepslate_bricks":5,"minecraft:hay_block":10,"minecraft:cracked_deepslate_bricks":4,"minecraft:gold_ingot":46,"minecraft:mutton":30,"minecraft:skeleton_skull":8,"minecraft:white_wool":42,"minecraft:cracked_deepslate_tiles":1,"minecraft:stripped_oak_log":61,"minecraft:leather":12,"minecraft:birch_planks":2052,"minecraft:oak_log":290,"minecraft:gunpowder":2,"minecraft:deepslate_tile_slab":27,"minecraft:cooked_mutton":24,"minecraft:apple":6,"minecraft:iron_ingot":329,"minecraft:stone_pickaxe":1,"securitycraft:universal_block_reinforcer_lvl1":4,"travelersbackpack:skeleton":2,"minecraft:iron_sword":4,"minecraft:oak_slab":646,"minecraft:emerald_block":2,"minecraft:sweet_berries":8,"minecraft:dripstone_block":4,"minecraft:gravel":4,"minecraft:spruce_sapling":76,"minecraft:blast_furnace":28,"minecraft:spruce_log":596,"minecraft:spruce_door":7,"minecraft:stone_axe":2,"minecraft:iron_helmet":2,"minecraft:painting":15,"spelunkers_charm:rock":3,"minecraft:pink_dye":2,"minecraft:coal":1348,"minecraft:ender_pearl":17},"minecraft:crafted":{"minecraft:brick":6,"minecraft:smooth_stone":5,"minecraft:oak_planks":344,"minecraft:barrel":15,"minecraft:cooked_chicken":4,"minecraft:stone":11,"minecraft:cooked_mutton":14,"minecraft:glass":148,"minecraft:bow":1,"minecraft:iron_boots":1,"minecraft:chest":14,"minecraft:golden_sword":2,"minecraft:flower_pot":1,"minecraft:smoker":4,"minecraft:oak_slab":210,"minecraft:cooked_porkchop":11,"minecraft:crafting_table":4,"minecraft:spruce_planks":772,"travelersbackpack:standard":1,"minecraft:iron_helmet":1,"minecraft:wooden_pickaxe":1,"minecraft:spruce_door":3,"minecraft:birch_planks":400,"travelersbackpack:skeleton":1,"minecraft:polished_deepslate_slab":8,"minecraft:painting":1,"minecraft:iron_chestplate":2,"minecraft:chiseled_deepslate":1,"minecraft:stick":84,"minecraft:iron_ingot":183,"minecraft:iron_pickaxe":3,"minecraft:iron_block":8,"minecraft:stone_sword":1,"minecraft:gold_ingot":14,"minecraft:shears":1,"minecraft:deepslate_tile_slab":22,"minecraft:coal":261,"minecraft:iron_nugget":90,"mcwfences:deepslate_brick_railing_gate":1,"minecraft:furnace":4,"mcwfences:railing_deepslate_brick_wall":1,"minecraft:bone_meal":90,"minecraft:pink_dye":2,"minecraft:glass_pane":240,"minecraft:lantern":11,"minecraft:spruce_stairs":344,"minecraft:dark_oak_fence":6,"travelersbackpack:white_sleeping_bag":1,"minecraft:iron_axe":7,"minecraft:iron_hoe":1,"minecraft:stone_pickaxe":2,"minecraft:dark_oak_planks":16,"minecraft:wheat":207,"minecraft:cooked_beef":1,"minecraft:coal_block":10,"travelersbackpack:backpack_tank":2,"minecraft:deepslate_brick_slab":22,"minecraft:iron_sword":1,"minecraft:bucket":1,"minecraft:stone_axe":1,"minecraft:bread":69,"minecraft:air":0,"minecraft:oak_boat":1,"minecraft:golden_apple":3,"minecraft:oak_stairs":12,"minecraft:iron_shovel":2,"minecraft:iron_leggings":1,"minecraft:stonecutter":2,"minecraft:armor_stand":1,"minecraft:acacia_planks":88,"minecraft:torch":104,"minecraft:lapis_lazuli":18,"minecraft:lapis_block":2},"minecraft:mined":{"minecraft:spruce_planks":42,"minecraft:stone_pressure_plate":6,"minecraft:grass_block":209,"minecraft:oak_pressure_plate":1,"minecraft:deepslate_bricks":2,"minecraft:coal_block":22,"minecraft:polished_blackstone_pressure_plate":1,"minecraft:spawner":1,"minecraft:tall_seagrass":1,"minecraft:fire":2,"minecraft:iron_ore":9,"minecraft:cobbled_deepslate":327,"minecraft:sticky_piston":1,"minecraft:barrel":18,"graveyard:leaning_wither_skeleton":1,"minecraft:deepslate_lapis_ore":7,"minecraft:pointed_dripstone":3,"minecraft:polished_deepslate_slab":10,"minecraft:oak_stairs":2,"minecraft:iron_bars":2,"minecraft:deepslate_brick_stairs":1,"travelersbackpack:skeleton":2,"minecraft:green_bed":24,"minecraft:deepslate_redstone_ore":15,"minecraft:polished_deepslate_stairs":1,"minecraft:smoker":5,"minecraft:deepslate_tile_slab":19,"minecraft:clay":13,"minecraft:torch":2,"minecraft:note_block":1,"minecraft:blast_furnace":27,"minecraft:melon":15,"minecraft:chest":27,"minecraft:mushroom_stem":3,"minecraft:smooth_quartz_slab":1,"minecraft:cobblestone":25,"minecraft:oak_planks":146,"minecraft:wall_torch":1,"minecraft:seagrass":2,"minecraft:birch_log":114,"minecraft:wheat":10,"minecraft:grass":52,"minecraft:cracked_deepslate_tiles":4,"graveyard:creeper_skeleton":1,"minecraft:oak_log":136,"minecraft:sand":180,"minecraft:dirt":213,"minecraft:stonecutter":3,"minecraft:oak_leaves":53,"minecraft:deepslate":69,"minecraft:emerald_block":2,"minecraft:deepslate_tiles":3,"minecraft:tuff":1,"horror_element_mod:blood_3":2,"minecraft:stripped_mangrove_log":2,"minecraft:dark_oak_leaves":20,"minecraft:deepslate_diamond_ore":4,"minecraft:stripped_birch_log":1,"minecraft:dark_oak_fence":2,"minecraft:cobbled_deepslate_slab":96,"graveyard:tg_deepslate":2,"minecraft:redstone_wire":2,"minecraft:spruce_leaves":67,"minecraft:large_fern":2,"minecraft:hay_block":1,"minecraft:deepslate_brick_slab":70,"minecraft:furnace":23,"minecraft:chiseled_deepslate":1,"mcwfences:railing_deepslate_brick_wall":1,"minecraft:peony":3,"minecraft:deepslate_iron_ore":81,"minecraft:stripped_oak_log":61,"mcwfences:deepslate_brick_railing_gate":2,"minecraft:stone":88,"minecraft:white_wool":1,"minecraft:podzol":9,"minecraft:oak_slab":93,"minecraft:glass_pane":16,"minecraft:lily_of_the_valley":3,"minecraft:spruce_door":7,"minecraft:crafting_table":23,"dynamictrees:acacia_leaves":1,"minecraft:tall_grass":12,"minecraft:lapis_ore":1,"minecraft:deepslate_gold_ore":16,"minecraft:cracked_deepslate_bricks":1,"minecraft:spruce_stairs":11,"minecraft:birch_planks":246,"minecraft:sweet_berry_bush":1,"minecraft:spruce_log":459,"minecraft:birch_leaves":3,"minecraft:coal_ore":125,"minecraft:gravel":2,"minecraft:dripstone_block":5,"minecraft:cobweb":14,"minecraft:fern":6}},"DataVersion":3120}