{"stats":{"minecraft:mined":{"minecraft:crafting_table":3,"dynamictrees:acacia_leaves":1,"minecraft:grass_block":11,"minecraft:redstone_wire":1,"minecraft:oak_pressure_plate":1,"minecraft:tall_grass":3,"minecraft:cobblestone":11,"minecraft:cracked_deepslate_bricks":1,"minecraft:tall_seagrass":1,"minecraft:furnace":4,"minecraft:sticky_piston":1,"minecraft:cobbled_deepslate":3,"minecraft:grass":19,"minecraft:coal_ore":124,"minecraft:iron_bars":1,"minecraft:dirt":10,"minecraft:stone":54,"minecraft:fern":1,"minecraft:green_bed":4},"minecraft:picked_up":{"minecraft:crafting_table":3,"minecraft:feather":4,"minecraft:chicken":4,"minecraft:brown_wool":1,"minecraft:leather":2,"minecraft:shield":1,"minecraft:gunpowder":1,"minecraft:dirt":17,"minecraft:cooked_mutton":1,"minecraft:sticky_piston":1,"minecraft:acacia_planks":45,"minecraft:wheat_seeds":5,"minecraft:cobbled_deepslate":3,"minecraft:beef":1,"minecraft:furnace":4,"minecraft:egg":1,"minecraft:stick":2,"minecraft:acacia_log":21,"minecraft:green_bed":10,"minecraft:oak_pressure_plate":1,"minecraft:porkchop":6,"dynamictrees:acacia_seed":5,"minecraft:rotten_flesh":2,"minecraft:cracked_deepslate_bricks":2,"alexsmobs:emu_egg":1,"alexsmobs:maggot":2,"minecraft:iron_bars":1,"minecraft:cobblestone":72,"spelunkers_charm:rock":3,"minecraft:mutton":19,"minecraft:coal":315,"minecraft:skeleton_skull":1,"minecraft:white_wool":8},"minecraft:crafted":{"minecraft:cooked_beef":1,"minecraft:cooked_porkchop":6,"minecraft:crafting_table":1,"minecraft:wooden_pickaxe":1,"minecraft:cooked_chicken":4,"minecraft:furnace":1,"minecraft:stone_axe":1,"minecraft:cooked_mutton":4,"minecraft:air":0,"minecraft:stick":12,"minecraft:stone_pickaxe":2,"minecraft:stone_sword":1,"minecraft:acacia_planks":60,"minecraft:torch":12},"minecraft:broken":{"minecraft:stone_pickaxe":1},"minecraft:dropped":{"minecraft:wheat_seeds":4,"minecraft:feather":4,"minecraft:rotten_flesh":2,"spelunkers_charm:rock":3,"minecraft:white_wool":2,"dynamictrees:acacia_seed":5,"minecraft:egg":1},"minecraft:killed":{"minecraft:pig":2,"minecraft:creeper":1,"minecraft:sheep":8,"minecraft:zombie":2,"minecraft:chicken":4,"screaming_villager:screaming_sheep":1,"endofherobrine:sheep":2,"minecraft:cow":1},"minecraft:used":{"alexsmobs:emu_egg":1,"minecraft:cooked_mutton":2,"minecraft:stone_sword":42,"minecraft:stone_pickaxe":205,"minecraft:wooden_pickaxe":3,"minecraft:green_bed":9,"minecraft:cooked_chicken":1,"minecraft:torch":11,"minecraft:crafting_table":3,"minecraft:stone_axe":22,"minecraft:cobblestone":18,"minecraft:furnace":4,"minecraft:cooked_porkchop":2,"minecraft:cooked_beef":1},"minecraft:custom":{"minecraft:interact_with_furnace":17,"minecraft:mob_kills":21,"minecraft:interact_with_crafting_table":5,"minecraft:open_barrel":1,"minecraft:leave_game":2,"minecraft:time_since_death":54111,"minecraft:sleep_in_bed":11,"minecraft:climb_one_cm":456,"minecraft:time_since_rest":6184,"minecraft:sprint_one_cm":221377,"minecraft:damage_taken":185,"minecraft:walk_one_cm":146098,"minecraft:trigger_trapped_chest":1,"minecraft:drop":13,"minecraft:damage_dealt":1986,"minecraft:swim_one_cm":21923,"minecraft:fly_one_cm":163199,"minecraft:open_chest":1,"minecraft:crouch_one_cm":3061,"minecraft:play_time":54111,"minecraft:sneak_time":2160,"minecraft:walk_under_water_one_cm":3227,"minecraft:jump":984,"minecraft:walk_on_water_one_cm":24155,"minecraft:total_world_time":54111,"minecraft:fall_one_cm":13428}},"DataVersion":3120}