{"stats":{"minecraft:mined":{"minecraft:furnace":1,"minecraft:crafting_table":2,"minecraft:grass":10,"minecraft:grass_block":2,"minecraft:coal_ore":64,"minecraft:stone":28,"minecraft:green_bed":1},"minecraft:crafted":{"minecraft:cooked_porkchop":6,"minecraft:crafting_table":1,"minecraft:stick":8,"minecraft:wooden_pickaxe":1,"minecraft:stone_pickaxe":1,"minecraft:stone_sword":1,"minecraft:furnace":1,"minecraft:acacia_planks":60,"minecraft:torch":12,"minecraft:stone_axe":1,"minecraft:air":0},"minecraft:picked_up":{"minecraft:stick":2,"minecraft:crafting_table":2,"minecraft:acacia_log":21,"minecraft:green_bed":2,"minecraft:porkchop":6,"dynamictrees:acacia_seed":3,"minecraft:shield":1,"minecraft:dirt":1,"minecraft:rotten_flesh":2,"minecraft:acacia_planks":45,"minecraft:wheat_seeds":2,"spelunkers_charm:rock":3,"minecraft:coal":63,"minecraft:skeleton_skull":1,"minecraft:white_wool":1,"minecraft:cobblestone":36,"minecraft:furnace":1},"minecraft:dropped":{"minecraft:wheat_seeds":1,"dynamictrees:acacia_seed":3},"minecraft:killed":{"minecraft:zombie":1,"minecraft:pig":2,"screaming_villager:screaming_sheep":1},"minecraft:used":{"minecraft:stone_sword":17,"minecraft:stone_pickaxe":93,"minecraft:wooden_pickaxe":3,"minecraft:green_bed":1,"minecraft:stone_axe":5,"minecraft:torch":1,"minecraft:crafting_table":2,"minecraft:cooked_porkchop":1,"minecraft:furnace":1},"minecraft:custom":{"minecraft:time_since_rest":11094,"minecraft:interact_with_furnace":5,"minecraft:sprint_one_cm":56804,"minecraft:walk_one_cm":36394,"minecraft:mob_kills":4,"minecraft:drop":4,"minecraft:damage_dealt":423,"minecraft:fly_one_cm":34514,"minecraft:swim_one_cm":6253,"minecraft:interact_with_crafting_table":4,"minecraft:open_barrel":1,"minecraft:crouch_one_cm":1817,"minecraft:play_time":14555,"minecraft:sneak_time":1354,"minecraft:walk_under_water_one_cm":331,"minecraft:jump":193,"minecraft:leave_game":1,"minecraft:walk_on_water_one_cm":3090,"minecraft:time_since_death":14555,"minecraft:sleep_in_bed":1,"minecraft:total_world_time":14555,"minecraft:fall_one_cm":1463}},"DataVersion":3120}