{"stats":{"minecraft:dropped":{"minecraft:iron_sword":1,"minecraft:lapis_lazuli":26,"minecraft:oak_pressure_plate":1,"minecraft:diamond":4,"minecraft:crafting_table":1,"graveyard:corruption":2,"minecraft:emerald":33,"minecraft:dirt":67,"minecraft:polished_blackstone_pressure_plate":1,"minecraft:iron_pickaxe":2,"minecraft:white_wool":2,"minecraft:gold_ingot":34,"minecraft:bone":16,"minecraft:stone_axe":1,"minecraft:pink_dye":4,"minecraft:wheat":1,"minecraft:pointed_dripstone":30,"minecraft:rotten_flesh":3,"minecraft:poppy":1,"minecraft:gunpowder":1,"spelunkers_charm:rock":3,"minecraft:egg":1,"minecraft:iron_ingot":15,"minecraft:wheat_seeds":5,"minecraft:dripstone_block":3,"minecraft:feather":4,"minecraft:stick":20,"minecraft:iron_block":8,"minecraft:brown_wool":1,"minecraft:wither_rose":1,"minecraft:string":8,"minecraft:redstone":2,"minecraft:furnace":2,"alexsmobs:maggot":2,"minecraft:stone_sword":1,"minecraft:sticky_piston":1,"minecraft:blast_furnace":5,"minecraft:stone_pickaxe":1,"minecraft:wooden_pickaxe":1,"minecraft:cracked_deepslate_bricks":2},"minecraft:used":{"alexsmobs:emu_egg":1,"minecraft:iron_shovel":306,"minecraft:chiseled_deepslate":1,"minecraft:poppy":1,"minecraft:chest":11,"minecraft:shield":19,"minecraft:iron_sword":197,"minecraft:iron_chestplate":1,"minecraft:mutton":1,"minecraft:lily_of_the_valley":23,"minecraft:deepslate_tile_slab":35,"minecraft:cracked_deepslate_tiles":1,"minecraft:deepslate_brick_slab":109,"minecraft:hay_block":1,"minecraft:furnace":18,"minecraft:oak_sapling":1,"minecraft:egg":6,"minecraft:stone_pickaxe":222,"minecraft:oak_planks":107,"minecraft:ender_pearl":1,"minecraft:wooden_pickaxe":3,"minecraft:white_wool":1,"minecraft:golden_apple":1,"minecraft:sand":7,"minecraft:blast_furnace":18,"minecraft:dripstone_block":1,"minecraft:deepslate_tiles":1,"minecraft:melon_slice":10,"minecraft:bread":42,"minecraft:string":7,"minecraft:soul_lantern":1,"minecraft:birch_log":1,"minecraft:oak_boat":1,"minecraft:bone_meal":10,"minecraft:experience_bottle":6,"travelersbackpack:skeleton":2,"mcwfences:railing_deepslate_brick_wall":1,"minecraft:iron_bars":2,"minecraft:stone_sword":64,"mcwfences:deepslate_brick_railing_gate":2,"minecraft:cooked_chicken":4,"minecraft:torch":75,"minecraft:dirt":109,"minecraft:iron_axe":1087,"minecraft:iron_boots":1,"minecraft:cooked_beef":1,"minecraft:cobbled_deepslate":327,"minecraft:iron_leggings":1,"minecraft:cooked_mutton":15,"minecraft:water_bucket":19,"minecraft:birch_planks":240,"minecraft:stonecutter":2,"minecraft:green_bed":28,"minecraft:deepslate_bricks":121,"minecraft:polished_deepslate_slab":11,"minecraft:crafting_table":16,"alexsmobs:leafcutter_ant_pupa":1,"minecraft:spruce_log":192,"minecraft:oak_log":78,"minecraft:iron_pickaxe":820,"minecraft:spruce_sapling":9,"minecraft:stone_axe":48,"minecraft:cobblestone":53,"minecraft:cobbled_deepslate_slab":191,"minecraft:cooked_porkchop":9,"minecraft:bucket":20,"minecraft:polished_blackstone_button":4,"minecraft:stripped_oak_log":1},"minecraft:killed_by":{"minecraft:player":2,"hordes:zombie_player":1,"cave_dweller:cave_dweller":1},"minecraft:broken":{"minecraft:stone_pickaxe":1,"minecraft:iron_sword":1,"minecraft:iron_axe":5,"minecraft:iron_pickaxe":1},"minecraft:custom":{"minecraft:interact_with_crafting_table":63,"minecraft:open_barrel":32,"minecraft:leave_game":26,"minecraft:time_since_death":202301,"minecraft:sprint_one_cm":1146252,"minecraft:damage_blocked_by_shield":710,"minecraft:drop":109,"minecraft:play_noteblock":2,"minecraft:play_time":389116,"minecraft:deaths":4,"minecraft:jump":4501,"minecraft:walk_on_water_one_cm":45495,"minecraft:interact_with_furnace":125,"minecraft:interact_with_loom":1,"minecraft:sleep_in_bed":25,"minecraft:damage_dealt":12984,"minecraft:player_kills":2,"minecraft:crouch_one_cm":20143,"minecraft:mob_kills":75,"minecraft:interact_with_anvil":6,"minecraft:climb_one_cm":9770,"minecraft:walk_one_cm":1138856,"minecraft:sneak_time":9683,"minecraft:walk_under_water_one_cm":14431,"minecraft:boat_one_cm":556,"minecraft:interact_with_blast_furnace":61,"minecraft:total_world_time":389116,"minecraft:interact_with_stonecutter":13,"minecraft:time_since_rest":158760,"minecraft:damage_taken":4201,"minecraft:damage_absorbed":32,"minecraft:trigger_trapped_chest":1,"minecraft:swim_one_cm":50137,"minecraft:fly_one_cm":610338,"minecraft:open_chest":114,"minecraft:fall_one_cm":91115},"minecraft:killed":{"minecraft:spider":2,"graveyard:wraith":27,"minecraft:skeleton":3,"graveyard:acolyte":3,"alexsmobs:leafcutter_ant":3,"minecraft:chicken":4,"screaming_villager:screaming_sheep":2,"minecraft:pig":6,"minecraft:creeper":1,"minecraft:sheep":9,"minecraft:zombie":8,"endofherobrine:cow":1,"minecraft:cow":1,"hordes:zombie_player":2,"graveyard:corrupted_vindicator":2,"graveyard:ghoul":1,"whisperwoods:zotzpyre":1,"endofherobrine:sheep":2},"minecraft:crafted":{"minecraft:oak_planks":116,"minecraft:cooked_chicken":4,"minecraft:stone":3,"minecraft:cooked_mutton":14,"minecraft:glass":12,"minecraft:bow":1,"minecraft:iron_boots":1,"minecraft:chest":4,"minecraft:cooked_porkchop":11,"minecraft:crafting_table":3,"minecraft:iron_helmet":1,"minecraft:wooden_pickaxe":1,"travelersbackpack:standard":1,"minecraft:birch_planks":400,"travelersbackpack:skeleton":1,"minecraft:polished_deepslate_slab":8,"minecraft:iron_chestplate":1,"minecraft:chiseled_deepslate":1,"minecraft:stick":60,"minecraft:iron_ingot":183,"minecraft:iron_pickaxe":3,"minecraft:iron_block":8,"minecraft:stone_sword":1,"minecraft:gold_ingot":14,"minecraft:shears":1,"minecraft:deepslate_tile_slab":22,"minecraft:coal":261,"mcwfences:deepslate_brick_railing_gate":1,"minecraft:furnace":2,"mcwfences:railing_deepslate_brick_wall":1,"minecraft:bone_meal":90,"minecraft:pink_dye":2,"travelersbackpack:white_sleeping_bag":1,"minecraft:iron_axe":4,"minecraft:stone_pickaxe":2,"minecraft:wheat":135,"minecraft:cooked_beef":1,"minecraft:coal_block":10,"travelersbackpack:backpack_tank":2,"minecraft:deepslate_brick_slab":22,"minecraft:bucket":1,"minecraft:stone_axe":1,"minecraft:bread":45,"minecraft:air":0,"minecraft:oak_boat":1,"minecraft:iron_shovel":1,"minecraft:iron_leggings":1,"minecraft:stonecutter":1,"minecraft:acacia_planks":88,"minecraft:torch":76,"minecraft:lapis_lazuli":18,"minecraft:lapis_block":2},"minecraft:picked_up":{"minecraft:chiseled_deepslate":1,"minecraft:wheat":1,"minecraft:wither_rose":1,"minecraft:enchanted_book":5,"minecraft:string":25,"graveyard:candle_holder":1,"minecraft:iron_leggings":1,"minecraft:sticky_piston":2,"minecraft:experience_bottle":4,"minecraft:deepslate_tiles":1,"minecraft:cobbled_deepslate":417,"minecraft:iron_pickaxe":6,"minecraft:enchanted_golden_apple":1,"minecraft:melon_slice":69,"minecraft:coal_block":63,"minecraft:furnace":23,"minecraft:iron_boots":1,"minecraft:stick":18,"minecraft:polished_deepslate_stairs":1,"minecraft:acacia_log":39,"minecraft:torch":114,"minecraft:green_bed":30,"minecraft:porkchop":11,"minecraft:pointed_dripstone":30,"mcwfences:railing_deepslate_brick_wall":1,"minecraft:stone_sword":1,"minecraft:rotten_flesh":7,"alexsmobs:emu_egg":1,"minecraft:mangrove_roots":45,"mcwfences:deepslate_brick_railing_gate":2,"minecraft:iron_bars":3,"minecraft:cobblestone":165,"minecraft:birch_log":114,"minecraft:feather":4,"minecraft:water_bucket":2,"minecraft:brown_wool":2,"minecraft:stripped_birch_log":1,"minecraft:lapis_lazuli":120,"minecraft:dirt":327,"minecraft:name_tag":3,"minecraft:bone":110,"minecraft:acacia_planks":125,"minecraft:stonecutter":1,"minecraft:wheat_seeds":8,"minecraft:deepslate_brick_slab":45,"minecraft:raw_gold":33,"minecraft:cobbled_deepslate_slab":186,"minecraft:oak_planks":106,"minecraft:cooked_porkchop":4,"minecraft:oak_pressure_plate":2,"minecraft:sand":74,"minecraft:lily_of_the_valley":23,"minecraft:diamond":4,"minecraft:soul_lantern":2,"minecraft:polished_blackstone_pressure_plate":2,"minecraft:polished_blackstone_button":4,"minecraft:bread":15,"alexsmobs:maggot":4,"minecraft:oak_sapling":13,"minecraft:charcoal":19,"minecraft:crafting_table":19,"minecraft:chicken":4,"minecraft:wooden_pickaxe":1,"spelunkers_charm:deepslate_rock":7,"minecraft:shield":3,"minecraft:stripped_mangrove_log":6,"minecraft:iron_axe":2,"minecraft:netherite_scrap":1,"minecraft:iron_shovel":1,"graveyard:corruption":11,"minecraft:candle":2,"minecraft:beef":1,"minecraft:oak_boat":1,"minecraft:poppy":3,"minecraft:chest":10,"minecraft:birch_sapling":2,"minecraft:egg":9,"minecraft:dark_oak_sapling":2,"minecraft:raw_iron":126,"minecraft:polished_deepslate_slab":4,"minecraft:copper_ingot":14,"minecraft:note_block":2,"minecraft:redstone":65,"alexsmobs:leafcutter_ant_pupa":4,"minecraft:arrow":50,"minecraft:diamond_chestplate":1,"minecraft:peony":3,"minecraft:deepslate_bricks":5,"minecraft:hay_block":10,"minecraft:cracked_deepslate_bricks":4,"minecraft:gold_ingot":25,"minecraft:mutton":30,"minecraft:white_wool":33,"minecraft:skeleton_skull":3,"minecraft:cracked_deepslate_tiles":1,"minecraft:stripped_oak_log":61,"minecraft:leather":12,"minecraft:birch_planks":246,"minecraft:oak_log":135,"minecraft:gunpowder":2,"minecraft:deepslate_tile_slab":13,"minecraft:cooked_mutton":24,"minecraft:apple":3,"minecraft:stone_pickaxe":1,"minecraft:iron_ingot":6,"travelersbackpack:skeleton":1,"minecraft:iron_sword":3,"minecraft:emerald_block":2,"minecraft:sweet_berries":2,"minecraft:dripstone_block":4,"minecraft:spruce_sapling":19,"minecraft:blast_furnace":23,"minecraft:spruce_log":243,"minecraft:stone_axe":2,"minecraft:iron_helmet":1,"spelunkers_charm:rock":3,"minecraft:pink_dye":2,"minecraft:coal":1265,"minecraft:ender_pearl":17},"minecraft:mined":{"minecraft:stone_pressure_plate":6,"minecraft:grass_block":179,"minecraft:oak_pressure_plate":1,"minecraft:coal_block":22,"minecraft:deepslate_bricks":2,"minecraft:polished_blackstone_pressure_plate":1,"minecraft:spawner":1,"minecraft:tall_seagrass":1,"minecraft:iron_ore":9,"minecraft:sticky_piston":1,"minecraft:cobbled_deepslate":327,"graveyard:leaning_wither_skeleton":1,"minecraft:deepslate_lapis_ore":7,"minecraft:pointed_dripstone":3,"minecraft:polished_deepslate_slab":3,"minecraft:iron_bars":2,"minecraft:deepslate_brick_stairs":1,"travelersbackpack:skeleton":1,"minecraft:green_bed":21,"minecraft:deepslate_redstone_ore":15,"minecraft:polished_deepslate_stairs":1,"minecraft:deepslate_tile_slab":12,"minecraft:torch":2,"minecraft:note_block":1,"minecraft:blast_furnace":22,"minecraft:melon":15,"minecraft:chest":8,"minecraft:mushroom_stem":3,"minecraft:smooth_quartz_slab":1,"minecraft:cobblestone":17,"minecraft:oak_planks":107,"minecraft:seagrass":1,"minecraft:birch_log":114,"minecraft:grass":51,"minecraft:cracked_deepslate_tiles":4,"graveyard:creeper_skeleton":1,"minecraft:oak_log":136,"minecraft:sand":77,"minecraft:dirt":80,"minecraft:stonecutter":1,"minecraft:oak_leaves":47,"minecraft:deepslate":69,"minecraft:emerald_block":2,"minecraft:deepslate_tiles":3,"minecraft:tuff":1,"horror_element_mod:blood_3":2,"minecraft:deepslate_diamond_ore":4,"minecraft:dark_oak_leaves":20,"minecraft:stripped_mangrove_log":2,"minecraft:stripped_birch_log":1,"minecraft:cobbled_deepslate_slab":92,"graveyard:tg_deepslate":2,"minecraft:redstone_wire":2,"minecraft:spruce_leaves":61,"minecraft:large_fern":2,"minecraft:hay_block":1,"minecraft:deepslate_brick_slab":39,"minecraft:furnace":18,"minecraft:chiseled_deepslate":1,"mcwfences:railing_deepslate_brick_wall":1,"minecraft:peony":3,"minecraft:deepslate_iron_ore":81,"minecraft:stripped_oak_log":61,"mcwfences:deepslate_brick_railing_gate":2,"minecraft:stone":72,"minecraft:white_wool":1,"minecraft:podzol":9,"minecraft:lily_of_the_valley":3,"minecraft:crafting_table":16,"dynamictrees:acacia_leaves":1,"minecraft:tall_grass":12,"minecraft:lapis_ore":1,"minecraft:deepslate_gold_ore":16,"minecraft:cracked_deepslate_bricks":1,"minecraft:birch_planks":246,"minecraft:sweet_berry_bush":1,"minecraft:spruce_log":243,"minecraft:birch_leaves":3,"minecraft:coal_ore":125,"minecraft:dripstone_block":5,"minecraft:cobweb":14,"minecraft:fern":5}},"DataVersion":3120}