{"stats":{"minecraft:dropped":{"minecraft:iron_sword":1,"minecraft:ender_pearl":1,"minecraft:leather":4,"minecraft:jungle_planks":7,"travelersbackpack:standard":1,"minecraft:deepslate_tile_stairs":2,"minecraft:dirt":28,"minecraft:polished_blackstone_pressure_plate":1,"minecraft:cracked_deepslate_tiles":1,"minecraft:gold_nugget":3,"minecraft:iron_pickaxe":3,"minecraft:gold_ingot":1,"minecraft:bone":11,"minecraft:stone_axe":1,"minecraft:mangrove_roots":4,"minecraft:iron_nugget":2,"minecraft:cobbled_deepslate":78,"minecraft:wheat":1,"minecraft:soul_lantern":2,"minecraft:pointed_dripstone":101,"minecraft:rotten_flesh":41,"securitycraft:taser":1,"minecraft:oak_planks":6,"ecologics:prickly_pear":1,"alexsmobs:emu_egg":1,"minecraft:chiseled_deepslate":1,"minecraft:poppy":3,"minecraft:deepslate_tiles":1,"minecraft:charcoal":4,"horror_element_mod:blood_3":1,"minecraft:melon_seeds":1,"minecraft:arrow":2,"minecraft:beef":2,"minecraft:netherrack":2,"minecraft:stone_hoe":1,"minecraft:bread":15,"minecraft:wheat_seeds":3,"minecraft:feather":1,"minecraft:acacia_log":15,"minecraft:coal_block":6,"minecraft:coal":65,"spelunkers_charm:deepslate_rock":15,"minecraft:black_candle":1,"minecraft:diorite":2,"minecraft:torch":2,"alexsmobs:leafcutter_ant_chamber":1,"minecraft:dead_bush":2,"minecraft:cactus":18,"minecraft:iron_shovel":2,"minecraft:string":2,"minecraft:acacia_planks":43,"minecraft:redstone":1,"alexsmobs:maggot":4,"travelersbackpack:diamond":1,"minecraft:player_head":1,"minecraft:coarse_dirt":1,"minecraft:stone_sword":1,"graveyard:middle_bone_staff":1,"minecraft:green_bed":2,"graveyard:dark_oak_coffin":2,"minecraft:cobbled_deepslate_slab":106,"minecraft:polished_deepslate_stairs":2,"securitycraft:universal_block_remover":1,"minecraft:potato":1,"minecraft:hay_block":9,"minecraft:shield":1,"minecraft:spruce_trapdoor":1,"minecraft:stone_pickaxe":2,"minecraft:wooden_pickaxe":1,"securitycraft:universal_block_reinforcer_lvl1":1,"minecraft:cyan_bed":1},"minecraft:used":{"minecraft:peony":1,"vtaw_mw:iron_katana":235,"minecraft:writable_book":2,"minecraft:iron_shovel":5,"minecraft:polished_deepslate":1,"minecraft:oak_sign":1,"minecraft:chest":12,"minecraft:shield":7,"minecraft:iron_sword":157,"securitycraft:security_camera":6,"travelersbackpack:diamond":1,"minecraft:bell":1,"minecraft:iron_chestplate":2,"minecraft:lily_of_the_valley":4,"minecraft:mutton":1,"securitycraft:keypad_item":2,"minecraft:jungle_planks":30,"minecraft:cracked_deepslate_tiles":1,"ecologics:prickly_pear":1,"minecraft:glass":297,"securitycraft:camera_monitor":6,"minecraft:iron_helmet":1,"minecraft:item_frame":4,"ecologics:walnut_planks":4,"minecraft:hay_block":6,"minecraft:oak_sapling":3,"minecraft:sweet_berries":8,"minecraft:furnace":12,"minecraft:skeleton_skull":1,"minecraft:egg":1,"minecraft:potato":2,"minecraft:dark_oak_sapling":4,"travelersbackpack:spider":20,"minecraft:dark_oak_stairs":244,"minecraft:oak_planks":363,"minecraft:stone_pickaxe":86,"minecraft:cactus":2,"minecraft:wooden_pickaxe":2,"securitycraft:keypad_frame":1,"minecraft:sandstone":10,"minecraft:redstone_block":3,"minecraft:golden_apple":2,"minecraft:blue_dye":1,"minecraft:sand":14,"minecraft:blast_furnace":17,"securitycraft:universal_block_remover":8,"minecraft:deepslate_tiles":4,"minecraft:chiseled_sandstone":1,"minecraft:dark_oak_log":2,"minecraft:melon_slice":9,"minecraft:string":2,"minecraft:bread":83,"minecraft:cyan_bed":38,"minecraft:gravel":4,"graveyard:dark_iron_door":5,"minecraft:smithing_table":1,"minecraft:chain":1,"minecraft:oak_boat":1,"minecraft:coarse_dirt":1,"minecraft:bone_meal":17,"minecraft:experience_bottle":12,"minecraft:cracked_deepslate_bricks":2,"minecraft:stone_shovel":23,"graveyard:dark_oak_coffin":1,"securitycraft:keypad_door_item":4,"minecraft:stone_hoe":82,"vtaw_mw:iron_halberd":111,"minecraft:torch":42,"minecraft:dirt":54,"minecraft:anvil":5,"minecraft:diamond_helmet":3,"minecraft:dark_oak_planks":112,"minecraft:iron_block":1,"minecraft:iron_axe":872,"minecraft:smooth_sandstone":1,"minecraft:iron_boots":1,"minecraft:barrel":1,"minecraft:stone_pressure_plate":1,"minecraft:cooked_beef":15,"minecraft:cobbled_deepslate":22,"minecraft:iron_leggings":1,"minecraft:pointed_dripstone":4,"minecraft:cooked_mutton":9,"minecraft:water_bucket":88,"minecraft:birch_planks":106,"horror_element_mod:slashed_skull":1,"minecraft:cut_sandstone":2,"minecraft:glow_ink_sac":1,"minecraft:green_bed":1,"minecraft:deepslate_bricks":1,"minecraft:crafting_table":23,"minecraft:oak_slab":207,"minecraft:white_bed":1,"minecraft:smoker":2,"minecraft:oak_log":284,"minecraft:diamond_shovel":463,"minecraft:iron_pickaxe":470,"minecraft:stone_axe":97,"minecraft:cobblestone":29,"minecraft:bucket":89,"minecraft:glass_pane":121,"alexsmobs:animal_dictionary":1,"minecraft:birch_stairs":4,"securitycraft:glow_display_case":2},"minecraft:broken":{"minecraft:stone_axe":1,"vtaw_mw:iron_katana":1,"minecraft:iron_axe":3},"minecraft:killed_by":{"man:managgresive":1,"the_one_who_watches:toww_running":1,"minecraft:player":2,"endofherobrine:lurker":1,"cave_dweller:cave_dweller":2},"minecraft:custom":{"minecraft:interact_with_crafting_table":101,"minecraft:open_barrel":43,"minecraft:leave_game":25,"minecraft:time_since_death":34500,"minecraft:sprint_one_cm":1013062,"minecraft:damage_blocked_by_shield":270,"minecraft:drop":140,"minecraft:play_time":546081,"minecraft:deaths":10,"minecraft:jump":7223,"minecraft:walk_on_water_one_cm":68542,"minecraft:interact_with_furnace":90,"minecraft:traded_with_villager":1,"minecraft:interact_with_loom":3,"minecraft:sleep_in_bed":64,"minecraft:damage_dealt":39438,"minecraft:player_kills":2,"minecraft:crouch_one_cm":97078,"minecraft:interact_with_smoker":13,"minecraft:interact_with_smithing_table":2,"minecraft:interact_with_anvil":7,"minecraft:mob_kills":241,"minecraft:climb_one_cm":19449,"minecraft:walk_one_cm":1733015,"minecraft:sneak_time":41016,"minecraft:walk_under_water_one_cm":47469,"minecraft:boat_one_cm":260,"minecraft:interact_with_lectern":3,"minecraft:interact_with_blast_furnace":96,"minecraft:total_world_time":546081,"minecraft:time_since_rest":8080,"minecraft:damage_taken":7894,"minecraft:trigger_trapped_chest":2,"minecraft:swim_one_cm":79270,"minecraft:fly_one_cm":1060347,"minecraft:open_chest":310,"minecraft:fall_one_cm":180960},"minecraft:killed":{"minecraft:witch":1,"minecraft:spider":3,"graveyard:wraith":40,"minecraft:skeleton":7,"graveyard:acolyte":2,"alexsmobs:leafcutter_ant":2,"screaming_villager:screaming_sheep":2,"hordes:husk_player":2,"alexsmobs:grizzly_bear":1,"minecraft:zombie_villager":4,"minecraft:iron_golem":5,"kevin_trophy:blister_zombie":1,"minecraft:sheep":7,"minecraft:zombie":98,"alexsmobs:fly":1,"whisperwoods:moth":1,"graveyard:corrupted_pillager":2,"minecraft:cow":9,"hordes:zombie_player":5,"graveyard:corrupted_vindicator":3,"minecraft:phantom":3,"minecraft:husk":25,"graveyard:ghoul":1,"whisperwoods:zotzpyre":3,"alexsmobs:gazelle":1,"endofherobrine:sheep":1},"minecraft:crafted":{"minecraft:ancient_debris":1,"minecraft:oak_planks":388,"ecologics:walnut_planks":4,"minecraft:stone":8,"securitycraft:keypad_item":1,"minecraft:diamond_shovel":1,"minecraft:heavy_weighted_pressure_plate":1,"graveyard:dark_iron_door":3,"minecraft:cooked_mutton":9,"securitycraft:laser_block":1,"minecraft:glass":334,"minecraft:bow":1,"minecraft:iron_boots":1,"minecraft:chest":5,"minecraft:iron_door":3,"minecraft:copper_block":21,"minecraft:stone_hoe":1,"securitycraft:keypad_door_item":1,"minecraft:item_frame":1,"minecraft:oak_slab":174,"vtaw_mw:wooden_rod":4,"minecraft:crafting_table":5,"minecraft:glow_item_frame":1,"travelersbackpack:standard":1,"minecraft:iron_helmet":1,"minecraft:smithing_table":1,"minecraft:copper_ingot":21,"minecraft:gold_block":20,"minecraft:birch_planks":112,"minecraft:iron_chestplate":1,"minecraft:emerald_block":15,"minecraft:shield":2,"minecraft:stick":4,"minecraft:iron_ingot":188,"securitycraft:security_camera":3,"minecraft:iron_pickaxe":1,"minecraft:iron_block":11,"securitycraft:camera_monitor":1,"minecraft:gold_ingot":116,"minecraft:birch_stairs":4,"minecraft:shears":1,"securitycraft:universal_block_reinforcer_lvl1":1,"minecraft:stone_shovel":1,"minecraft:stone_button":8,"graveyard:dark_oak_coffin":1,"minecraft:bone_meal":21,"securitycraft:keypad_frame":1,"minecraft:glass_pane":128,"travelersbackpack:white_sleeping_bag":1,"minecraft:polished_diorite":12,"securitycraft:glow_display_case":1,"minecraft:iron_axe":4,"securitycraft:universal_block_remover":1,"minecraft:stone_pickaxe":1,"minecraft:redstone_block":4,"minecraft:dark_oak_planks":444,"travelersbackpack:spider":2,"minecraft:wheat":441,"minecraft:cooked_beef":8,"minecraft:coal_block":6,"minecraft:dark_oak_stairs":224,"vtaw_mw:iron_halberd":1,"travelersbackpack:backpack_tank":2,"securitycraft:taser":1,"minecraft:bucket":1,"minecraft:stone_axe":2,"minecraft:bread":147,"minecraft:air":0,"minecraft:jungle_planks":84,"minecraft:blue_dye":1,"minecraft:oak_boat":1,"securitycraft:door_indestructible_iron_item":1,"minecraft:white_wool":3,"vtaw_mw:iron_katana":1,"minecraft:iron_leggings":1,"minecraft:white_bed":1,"minecraft:torch":52},"minecraft:picked_up":{"minecraft:chiseled_deepslate":1,"minecraft:iron_chestplate":6,"minecraft:wheat":1,"securitycraft:keypad_item":3,"minecraft:redstone_block":3,"minecraft:anvil":8,"minecraft:smithing_table":1,"securitycraft:taser":3,"minecraft:enchanted_book":16,"minecraft:amethyst_block":1,"minecraft:polished_deepslate":5,"minecraft:string":43,"minecraft:raw_copper":3,"travelersbackpack:diamond":2,"horror_element_mod:blood_3":1,"minecraft:iron_leggings":6,"minecraft:oak_sign":1,"vtaw_mw:iron_halberd":6,"minecraft:deepslate_tiles":6,"minecraft:tnt_minecart":1,"minecraft:gold_nugget":3,"minecraft:cobbled_deepslate":105,"minecraft:iron_pickaxe":12,"minecraft:enchanted_golden_apple":4,"minecraft:melon_slice":24,"minecraft:furnace":57,"minecraft:iron_boots":6,"alexsmobs:leafcutter_ant_chamber":18,"securitycraft:reinforced_redstone_block":3,"minecraft:stick":238,"ecologics:walnut_log":1,"horror_element_mod:slashed_skull":1,"minecraft:polished_deepslate_stairs":2,"minecraft:torch":21,"minecraft:acacia_log":15,"minecraft:green_bed":3,"securitycraft:camera_monitor":2,"minecraft:pointed_dripstone":106,"minecraft:diorite":2,"minecraft:deepslate_tile_stairs":2,"minecraft:stone_sword":1,"minecraft:cactus":20,"minecraft:rotten_flesh":195,"minecraft:iron_block":9,"alexsmobs:emu_egg":1,"minecraft:mangrove_roots":93,"minecraft:deepslate_brick_stairs":15,"minecraft:iron_bars":34,"minecraft:cobblestone":65,"minecraft:birch_log":130,"minecraft:feather":1,"minecraft:cooked_beef":18,"minecraft:water_bucket":6,"minecraft:jungle_log":104,"minecraft:smoker":5,"minecraft:potato":2,"graveyard:dark_iron_door":3,"minecraft:lapis_lazuli":70,"minecraft:dirt":114,"minecraft:glass":218,"minecraft:bone":71,"minecraft:acacia_planks":43,"minecraft:wheat_seeds":9,"minecraft:raw_gold":41,"minecraft:cobbled_deepslate_slab":106,"minecraft:bell":1,"minecraft:diamond_helmet":4,"minecraft:stone_hoe":1,"minecraft:oak_planks":99,"ecologics:prickly_pear":2,"minecraft:sand":564,"minecraft:jungle_planks":1,"minecraft:dead_bush":2,"minecraft:cyan_bed":40,"minecraft:fermented_spider_eye":5,"minecraft:lily_of_the_valley":4,"minecraft:dark_oak_log":157,"minecraft:chiseled_sandstone":1,"minecraft:barrel":1,"securitycraft:universal_block_remover":2,"minecraft:diamond":16,"minecraft:polished_blackstone_pressure_plate":1,"minecraft:soul_lantern":2,"minecraft:bone_meal":1,"minecraft:golden_apple":2,"minecraft:emerald":52,"minecraft:golden_horse_armor":1,"minecraft:bread":25,"alexsmobs:maggot":4,"minecraft:oak_sapling":49,"minecraft:netherrack":2,"minecraft:charcoal":243,"minecraft:coarse_dirt":2,"minecraft:crafting_table":31,"minecraft:clay_ball":16,"minecraft:wooden_pickaxe":1,"spelunkers_charm:deepslate_rock":21,"securitycraft:reinforced_glass_pane":2,"minecraft:chain":1,"minecraft:shield":8,"minecraft:iron_axe":6,"minecraft:netherite_scrap":1,"minecraft:item_frame":4,"minecraft:iron_shovel":8,"minecraft:glass_pane":16,"graveyard:corruption":62,"minecraft:beef":21,"minecraft:oak_boat":2,"graveyard:dark_oak_coffin":2,"minecraft:player_head":2,"minecraft:iron_nugget":2,"minecraft:poppy":3,"minecraft:sugar_cane":38,"minecraft:chest":8,"minecraft:birch_sapling":11,"minecraft:piston":1,"minecraft:spruce_trapdoor":1,"minecraft:phantom_membrane":2,"minecraft:egg":1,"minecraft:dark_oak_sapling":4,"minecraft:raw_iron":88,"minecraft:sandstone":10,"minecraft:copper_ingot":181,"minecraft:carrot":2,"minecraft:redstone":40,"vtaw_mw:iron_katana":5,"alexsmobs:leafcutter_ant_pupa":4,"minecraft:stone_pressure_plate":1,"minecraft:dark_oak_planks":58,"minecraft:tnt":11,"horror_element_mod:impaled_head":4,"minecraft:arrow":6,"minecraft:stone_shovel":1,"minecraft:peony":1,"minecraft:deepslate_bricks":2,"minecraft:hay_block":74,"minecraft:cracked_deepslate_bricks":6,"minecraft:saddle":1,"minecraft:gold_ingot":57,"minecraft:mutton":14,"securitycraft:keypad_door_item":5,"minecraft:skeleton_skull":4,"minecraft:white_wool":16,"minecraft:cracked_deepslate_tiles":9,"minecraft:glow_ink_sac":3,"minecraft:cut_sandstone":2,"minecraft:leather":12,"minecraft:birch_planks":12,"minecraft:oak_log":438,"minecraft:gunpowder":25,"securitycraft:reinforced_glass":3,"securitycraft:glow_display_case":1,"minecraft:smooth_sandstone":1,"minecraft:apple":9,"securitycraft:security_camera":6,"minecraft:iron_ingot":39,"minecraft:stone_pickaxe":2,"securitycraft:universal_block_reinforcer_lvl1":2,"minecraft:iron_sword":3,"minecraft:dark_oak_stairs":36,"minecraft:oak_slab":63,"vtaw_mw:wooden_rod":2,"minecraft:black_candle":1,"minecraft:sweet_berries":57,"minecraft:dripstone_block":1,"minecraft:gravel":4,"minecraft:birch_stairs":3,"minecraft:blast_furnace":34,"graveyard:middle_bone_staff":1,"minecraft:spider_eye":9,"minecraft:diamond_shovel":3,"minecraft:stone_axe":3,"minecraft:iron_helmet":1,"securitycraft:keypad":1,"minecraft:melon_seeds":1,"minecraft:coal":137},"minecraft:mined":{"minecraft:dark_oak_planks":28,"minecraft:stone_pressure_plate":1,"minecraft:sculk_vein":2,"alexsmobs:leafcutter_anthill":2,"minecraft:spruce_trapdoor":1,"minecraft:grass_block":8,"graveyard:dark_iron_door":3,"minecraft:deepslate_bricks":2,"minecraft:deepslate_tile_stairs":1,"ecologics:prickly_pear":1,"minecraft:spawner":7,"minecraft:iron_ore":23,"minecraft:barrel":2,"minecraft:cobbled_deepslate":1,"minecraft:anvil":8,"minecraft:deepslate_lapis_ore":3,"minecraft:dark_oak_stairs":20,"minecraft:sculk_shrieker":8,"minecraft:oak_sign":1,"minecraft:iron_bars":18,"minecraft:deepslate_brick_stairs":15,"horror_element_mod:crucified_body":1,"ecologics:walnut_log":1,"minecraft:iron_block":1,"minecraft:green_bed":2,"minecraft:piston_head":1,"horror_element_mod:spiked_body":1,"minecraft:deepslate_redstone_ore":8,"horror_element_mod:slashed_skull":1,"minecraft:cut_sandstone":2,"ecologics:pot":5,"graveyard:middle_bone_staff":1,"minecraft:smoker":5,"minecraft:crimson_nylium":2,"minecraft:clay":2,"minecraft:blast_furnace":30,"minecraft:melon":5,"minecraft:chest":8,"minecraft:dead_bush":3,"minecraft:glass":1,"minecraft:cyan_bed":20,"minecraft:oak_planks":71,"graveyard:lying_skeleton":1,"minecraft:sugar_cane":14,"minecraft:amethyst_block":1,"minecraft:birch_sapling":1,"minecraft:skeleton_skull":1,"minecraft:birch_log":44,"horror_element_mod:spiked_villager":1,"graveyard:dark_oak_coffin":1,"minecraft:tnt":9,"minecraft:grass":12,"minecraft:cracked_deepslate_tiles":7,"minecraft:oak_log":383,"minecraft:dirt":13,"minecraft:sand":474,"minecraft:oak_leaves":88,"minecraft:deepslate":77,"graveyard:torso_pile":2,"minecraft:deepslate_tiles":6,"minecraft:tuff":12,"horror_element_mod:blood_3":1,"minecraft:dark_oak_leaves":20,"minecraft:deepslate_diamond_ore":6,"minecraft:dark_oak_log":128,"minecraft:mangrove_roots":53,"minecraft:cobbled_deepslate_slab":95,"graveyard:tg_deepslate":2,"alexsmobs:leafcutter_ant_chamber":20,"minecraft:sandstone":10,"minecraft:hay_block":78,"minecraft:furnace":55,"minecraft:chiseled_sandstone":1,"minecraft:bell":1,"minecraft:polished_deepslate":5,"minecraft:deepslate_iron_ore":28,"minecraft:stone":44,"minecraft:smithing_table":1,"minecraft:birch_stairs":1,"minecraft:oak_slab":42,"minecraft:redstone_block":3,"minecraft:glass_pane":4,"graveyard:laterally_lying_skeleton":2,"minecraft:smooth_sandstone":1,"minecraft:crafting_table":23,"minecraft:campfire":2,"minecraft:copper_ore":1,"minecraft:tall_grass":3,"minecraft:deepslate_gold_ore":21,"minecraft:cracked_deepslate_bricks":6,"minecraft:diorite":2,"minecraft:birch_planks":8,"minecraft:coarse_dirt":1,"graveyard:skull_with_rib_cage":2,"minecraft:sweet_berry_bush":23,"minecraft:birch_leaves":5,"minecraft:coal_ore":14,"minecraft:gravel":4,"graveyard:leaning_skeleton":2,"minecraft:cobweb":23,"minecraft:fern":3}},"DataVersion":3120}