{"stats":{"minecraft:dropped":{"minecraft:iron_sword":2,"minecraft:lapis_lazuli":1,"minecraft:oak_log":2,"minecraft:ender_pearl":1,"alexsmobs:rocky_shell":1,"minecraft:leather":4,"minecraft:jungle_planks":7,"travelersbackpack:standard":1,"minecraft:deepslate_tile_stairs":2,"minecraft:dirt":28,"minecraft:polished_blackstone_pressure_plate":1,"minecraft:cracked_deepslate_tiles":1,"minecraft:gold_nugget":3,"minecraft:iron_pickaxe":5,"minecraft:gold_ingot":1,"minecraft:bone":12,"minecraft:stone_axe":1,"minecraft:mangrove_roots":4,"minecraft:iron_nugget":2,"minecraft:cobbled_deepslate":78,"minecraft:wheat":1,"minecraft:soul_lantern":2,"minecraft:pointed_dripstone":150,"minecraft:rotten_flesh":46,"securitycraft:taser":2,"minecraft:enchanted_golden_apple":1,"minecraft:oak_planks":6,"ecologics:prickly_pear":1,"alexsmobs:emu_egg":1,"minecraft:chiseled_deepslate":1,"minecraft:poppy":3,"minecraft:deepslate_tiles":1,"minecraft:charcoal":4,"horror_element_mod:blood_3":1,"minecraft:melon_seeds":1,"minecraft:arrow":3,"minecraft:beef":2,"minecraft:netherrack":2,"minecraft:stone_hoe":1,"minecraft:bread":20,"minecraft:wheat_seeds":3,"vtaw_mw:iron_greatsword":1,"travelersbackpack:squid":1,"minecraft:feather":1,"minecraft:acacia_log":15,"minecraft:coal_block":6,"minecraft:golden_apple":3,"minecraft:coal":65,"spelunkers_charm:deepslate_rock":15,"minecraft:black_candle":1,"minecraft:diorite":3,"minecraft:torch":2,"alexsmobs:leafcutter_ant_chamber":1,"minecraft:iron_door":1,"travelersbackpack:spider":1,"minecraft:dead_bush":2,"minecraft:iron_axe":1,"minecraft:cactus":18,"minecraft:iron_shovel":2,"minecraft:string":2,"minecraft:acacia_planks":43,"minecraft:redstone":1,"alexsmobs:maggot":4,"travelersbackpack:diamond":3,"minecraft:player_head":1,"minecraft:coarse_dirt":1,"minecraft:stone_sword":1,"graveyard:middle_bone_staff":1,"minecraft:green_bed":2,"minecraft:iron_boots":1,"graveyard:dark_oak_coffin":2,"minecraft:cobbled_deepslate_slab":106,"minecraft:polished_deepslate_stairs":2,"securitycraft:universal_block_remover":1,"minecraft:potato":1,"minecraft:hay_block":9,"minecraft:shield":1,"minecraft:spruce_trapdoor":1,"minecraft:stone_pickaxe":2,"minecraft:wooden_pickaxe":1,"securitycraft:universal_block_reinforcer_lvl1":1,"minecraft:cyan_bed":1},"minecraft:used":{"minecraft:peony":1,"vtaw_mw:iron_katana":235,"minecraft:writable_book":2,"minecraft:iron_shovel":12,"minecraft:polished_deepslate":1,"minecraft:oak_sign":1,"minecraft:chest":12,"minecraft:shield":8,"minecraft:iron_sword":157,"securitycraft:security_camera":6,"travelersbackpack:diamond":1,"minecraft:bell":1,"minecraft:rotten_flesh":5,"minecraft:iron_chestplate":2,"minecraft:lily_of_the_valley":5,"minecraft:mutton":1,"securitycraft:keypad_item":2,"minecraft:jungle_planks":30,"minecraft:deepslate_tile_slab":2,"minecraft:carrot":2,"minecraft:deepslate_brick_slab":4,"minecraft:cracked_deepslate_tiles":1,"ecologics:prickly_pear":1,"minecraft:glass":297,"securitycraft:camera_monitor":6,"minecraft:spruce_wood":1,"minecraft:iron_helmet":1,"mcwfences:oak_highley_gate":1,"minecraft:item_frame":4,"ecologics:walnut_planks":4,"minecraft:bow":4,"minecraft:hay_block":6,"minecraft:oak_sapling":5,"minecraft:sweet_berries":8,"minecraft:furnace":12,"minecraft:skeleton_skull":1,"minecraft:egg":1,"minecraft:potato":2,"twilightforest:oak_banister":29,"minecraft:dark_oak_sapling":4,"travelersbackpack:spider":27,"minecraft:dark_oak_stairs":247,"minecraft:oak_planks":366,"minecraft:stone_pickaxe":86,"minecraft:cactus":2,"minecraft:wooden_pickaxe":2,"securitycraft:keypad_frame":1,"minecraft:sandstone":10,"minecraft:redstone_block":3,"minecraft:golden_apple":5,"minecraft:blue_dye":1,"minecraft:sand":14,"minecraft:blast_furnace":17,"securitycraft:universal_block_remover":8,"minecraft:black_bed":1,"minecraft:deepslate_tiles":4,"minecraft:chiseled_sandstone":1,"minecraft:melon_slice":23,"minecraft:dark_oak_log":2,"minecraft:string":2,"minecraft:bread":107,"minecraft:cyan_bed":38,"mcwfences:oak_stockade_fence":24,"minecraft:iron_door":2,"minecraft:gravel":4,"graveyard:dark_iron_door":5,"minecraft:smithing_table":1,"minecraft:andesite":1,"minecraft:chain":1,"minecraft:oak_boat":1,"minecraft:coarse_dirt":1,"minecraft:bone_meal":17,"minecraft:experience_bottle":12,"minecraft:cracked_deepslate_bricks":2,"minecraft:stone_shovel":23,"graveyard:dark_oak_coffin":2,"securitycraft:keypad_door_item":4,"minecraft:stone_hoe":82,"vtaw_mw:iron_halberd":191,"minecraft:torch":66,"minecraft:dirt":121,"minecraft:anvil":5,"minecraft:diamond_helmet":3,"minecraft:dark_oak_planks":112,"vtaw_mw:iron_greatsword":126,"minecraft:iron_block":1,"minecraft:iron_axe":991,"minecraft:smooth_sandstone":1,"travelersbackpack:squid":2,"minecraft:iron_boots":1,"minecraft:barrel":1,"securitycraft:dirt_mine":1,"minecraft:stone_pressure_plate":1,"minecraft:cooked_beef":15,"minecraft:cobbled_deepslate":32,"minecraft:pointed_dripstone":7,"minecraft:iron_leggings":1,"minecraft:cooked_mutton":15,"minecraft:water_bucket":109,"minecraft:cobblestone_stairs":7,"minecraft:birch_planks":106,"minecraft:baked_potato":1,"horror_element_mod:slashed_skull":1,"minecraft:cut_sandstone":2,"minecraft:green_bed":1,"minecraft:glow_ink_sac":1,"minecraft:deepslate_bricks":1,"securitycraft:cobblestone_mine":1,"minecraft:rail":1,"minecraft:crafting_table":24,"minecraft:oak_slab":207,"securitycraft:furnace_mine":1,"minecraft:white_bed":1,"minecraft:smoker":5,"minecraft:oak_log":286,"minecraft:diamond_shovel":463,"minecraft:iron_pickaxe":794,"minecraft:oak_button":5,"minecraft:stone_axe":97,"minecraft:cobblestone":56,"minecraft:bucket":110,"minecraft:glass_pane":122,"alexsmobs:animal_dictionary":1,"minecraft:birch_stairs":4,"securitycraft:glow_display_case":3},"minecraft:killed_by":{"man:managgresive":1,"the_one_who_watches:toww_running":1,"minecraft:player":2,"endofherobrine:lurker":1,"cave_dweller:cave_dweller":2},"minecraft:broken":{"minecraft:iron_boots":1,"minecraft:stone_axe":1,"vtaw_mw:iron_katana":1,"minecraft:iron_axe":3},"minecraft:custom":{"minecraft:interact_with_crafting_table":126,"minecraft:open_barrel":47,"minecraft:leave_game":28,"minecraft:time_since_death":189041,"minecraft:sprint_one_cm":1311099,"minecraft:damage_blocked_by_shield":280,"minecraft:drop":173,"minecraft:play_time":700622,"minecraft:deaths":10,"minecraft:jump":9661,"minecraft:walk_on_water_one_cm":93657,"minecraft:interact_with_furnace":95,"minecraft:traded_with_villager":1,"minecraft:interact_with_loom":3,"minecraft:sleep_in_bed":71,"minecraft:damage_dealt":51169,"minecraft:player_kills":3,"minecraft:crouch_one_cm":138004,"minecraft:interact_with_smoker":26,"minecraft:interact_with_smithing_table":4,"minecraft:interact_with_anvil":10,"minecraft:mob_kills":361,"minecraft:climb_one_cm":21621,"minecraft:walk_one_cm":2177837,"minecraft:sneak_time":59163,"minecraft:walk_under_water_one_cm":59829,"minecraft:boat_one_cm":260,"minecraft:interact_with_lectern":3,"minecraft:interact_with_blast_furnace":156,"minecraft:total_world_time":700622,"minecraft:interact_with_stonecutter":1,"minecraft:time_since_rest":29591,"minecraft:damage_absorbed":57,"minecraft:damage_taken":9233,"minecraft:trigger_trapped_chest":2,"minecraft:swim_one_cm":90082,"minecraft:fly_one_cm":1403165,"minecraft:open_chest":446,"minecraft:fall_one_cm":241119},"minecraft:killed":{"endofherobrine:silverfish":16,"minecraft:witch":1,"minecraft:spider":6,"graveyard:wraith":40,"minecraft:zombie_horse":12,"minecraft:skeleton":11,"graveyard:acolyte":2,"alexsmobs:leafcutter_ant":2,"screaming_villager:screaming_sheep":2,"hordes:husk_player":2,"alexsmobs:grizzly_bear":1,"minecraft:zombie_villager":5,"minecraft:iron_golem":5,"minecraft:creeper":3,"minecraft:sheep":10,"kevin_trophy:blister_zombie":1,"minecraft:zombie":139,"alexsmobs:fly":1,"whisperwoods:moth":1,"graveyard:corrupted_pillager":2,"minecraft:cow":9,"hordes:zombie_player":7,"graveyard:corrupted_vindicator":3,"minecraft:phantom":3,"minecraft:husk":44,"graveyard:ghoul":1,"whisperwoods:zotzpyre":3,"alexsmobs:gazelle":1,"endofherobrine:sheep":1},"minecraft:crafted":{"minecraft:ancient_debris":1,"securitycraft:mine":3,"minecraft:oak_planks":416,"ecologics:walnut_planks":4,"mcwfences:oak_highley_gate":1,"minecraft:stone":8,"minecraft:cobblestone_stairs":8,"minecraft:diamond_shovel":1,"securitycraft:keypad_item":1,"minecraft:heavy_weighted_pressure_plate":1,"graveyard:dark_iron_door":3,"minecraft:cooked_mutton":15,"securitycraft:laser_block":1,"minecraft:glass":334,"minecraft:bow":1,"minecraft:iron_boots":1,"minecraft:chest":5,"minecraft:oak_button":3,"minecraft:iron_door":3,"minecraft:copper_block":21,"minecraft:stone_hoe":1,"securitycraft:keypad_door_item":1,"minecraft:item_frame":1,"minecraft:oak_slab":198,"vtaw_mw:wooden_rod":4,"minecraft:crafting_table":5,"minecraft:glow_item_frame":1,"travelersbackpack:standard":1,"minecraft:iron_helmet":1,"minecraft:smithing_table":1,"minecraft:copper_ingot":21,"minecraft:gold_block":49,"minecraft:birch_planks":124,"minecraft:iron_chestplate":1,"minecraft:emerald_block":15,"minecraft:shield":2,"minecraft:stick":28,"minecraft:iron_ingot":417,"securitycraft:security_camera":3,"minecraft:iron_pickaxe":3,"minecraft:iron_block":35,"securitycraft:camera_monitor":1,"minecraft:gold_ingot":416,"xpbook:xp_tome":1,"minecraft:birch_stairs":4,"minecraft:shears":1,"securitycraft:universal_block_reinforcer_lvl1":1,"securitycraft:furnace_mine":1,"minecraft:stone_shovel":1,"minecraft:stone_button":8,"graveyard:dark_oak_coffin":1,"minecraft:bone_meal":21,"securitycraft:keypad_frame":1,"minecraft:glass_pane":128,"travelersbackpack:white_sleeping_bag":1,"minecraft:polished_diorite":12,"securitycraft:glow_display_case":1,"minecraft:iron_axe":5,"mcwfences:oak_stockade_fence":24,"securitycraft:universal_block_remover":1,"minecraft:stone_pickaxe":1,"minecraft:redstone_block":28,"minecraft:dark_oak_planks":452,"travelersbackpack:spider":3,"minecraft:wheat":477,"minecraft:cooked_beef":8,"minecraft:coal_block":6,"minecraft:dark_oak_stairs":228,"vtaw_mw:iron_halberd":1,"travelersbackpack:backpack_tank":2,"twilightforest:oak_banister":33,"securitycraft:taser":1,"minecraft:bucket":1,"securitycraft:cobblestone_mine":1,"minecraft:stone_axe":2,"minecraft:bread":159,"minecraft:air":0,"minecraft:jungle_planks":84,"securitycraft:dirt_mine":1,"minecraft:blue_dye":1,"minecraft:oak_boat":1,"securitycraft:door_indestructible_iron_item":1,"minecraft:white_wool":3,"minecraft:golden_apple":8,"vtaw_mw:iron_katana":1,"minecraft:iron_leggings":1,"minecraft:white_bed":1,"minecraft:torch":76,"vtaw_mw:iron_greatsword":1,"minecraft:lapis_block":15},"minecraft:picked_up":{"minecraft:chiseled_deepslate":1,"minecraft:iron_chestplate":6,"minecraft:wheat":1,"securitycraft:keypad_item":3,"minecraft:redstone_block":3,"minecraft:anvil":8,"minecraft:smithing_table":1,"securitycraft:taser":4,"minecraft:enchanted_book":16,"travelersbackpack:spider":1,"minecraft:amethyst_block":1,"minecraft:polished_deepslate":5,"minecraft:string":48,"minecraft:raw_copper":3,"travelersbackpack:diamond":3,"horror_element_mod:blood_3":1,"minecraft:iron_leggings":6,"minecraft:oak_sign":2,"vtaw_mw:iron_halberd":6,"minecraft:deepslate_tiles":6,"minecraft:tnt_minecart":1,"minecraft:gold_nugget":3,"minecraft:cobbled_deepslate":115,"minecraft:iron_pickaxe":13,"minecraft:enchanted_golden_apple":4,"minecraft:melon_slice":38,"minecraft:furnace":58,"minecraft:iron_boots":7,"alexsmobs:leafcutter_ant_chamber":18,"securitycraft:reinforced_redstone_block":3,"minecraft:stick":243,"ecologics:walnut_log":1,"horror_element_mod:slashed_skull":1,"twilightforest:oak_banister":9,"minecraft:polished_deepslate_stairs":2,"minecraft:torch":22,"minecraft:acacia_log":15,"minecraft:green_bed":3,"securitycraft:camera_monitor":2,"minecraft:pointed_dripstone":158,"minecraft:diorite":3,"minecraft:deepslate_tile_stairs":2,"minecraft:stone_sword":1,"minecraft:cactus":20,"minecraft:rotten_flesh":292,"minecraft:iron_block":9,"alexsmobs:emu_egg":1,"minecraft:mangrove_roots":93,"minecraft:deepslate_brick_stairs":15,"minecraft:iron_bars":34,"minecraft:cobblestone":171,"minecraft:birch_log":130,"minecraft:jungle_log":104,"minecraft:feather":1,"minecraft:cooked_beef":18,"minecraft:iron_door":1,"minecraft:water_bucket":6,"minecraft:andesite":1,"minecraft:black_bed":2,"minecraft:smoker":5,"minecraft:potato":2,"graveyard:dark_iron_door":4,"alexsmobs:rocky_shell":1,"minecraft:lapis_lazuli":214,"minecraft:dirt":152,"minecraft:glass":218,"minecraft:bone":76,"minecraft:acacia_planks":43,"minecraft:bow":1,"minecraft:wheat_seeds":9,"minecraft:cobbled_deepslate_slab":106,"minecraft:deepslate_brick_slab":4,"minecraft:raw_gold":167,"minecraft:bell":1,"minecraft:diamond_helmet":4,"minecraft:stone_hoe":1,"minecraft:oak_planks":105,"travelersbackpack:squid":3,"ecologics:prickly_pear":2,"minecraft:sand":564,"minecraft:jungle_planks":1,"minecraft:dead_bush":2,"minecraft:cyan_bed":40,"minecraft:fermented_spider_eye":5,"minecraft:lily_of_the_valley":5,"minecraft:dark_oak_log":157,"minecraft:chiseled_sandstone":1,"minecraft:barrel":1,"securitycraft:universal_block_remover":2,"minecraft:diamond":19,"minecraft:polished_blackstone_pressure_plate":1,"minecraft:soul_lantern":2,"minecraft:bone_meal":1,"minecraft:golden_apple":2,"minecraft:emerald":52,"minecraft:golden_horse_armor":1,"minecraft:bread":25,"alexsmobs:maggot":4,"minecraft:oak_sapling":58,"minecraft:netherrack":2,"minecraft:charcoal":243,"minecraft:coarse_dirt":2,"minecraft:crafting_table":32,"minecraft:clay_ball":16,"minecraft:wooden_pickaxe":1,"spelunkers_charm:deepslate_rock":21,"securitycraft:reinforced_glass_pane":2,"minecraft:chain":1,"minecraft:shield":8,"minecraft:iron_axe":6,"minecraft:netherite_scrap":1,"minecraft:item_frame":4,"minecraft:iron_shovel":8,"minecraft:glass_pane":16,"graveyard:corruption":62,"minecraft:cracked_stone_bricks":10,"minecraft:beef":21,"minecraft:oak_boat":2,"minecraft:player_head":2,"graveyard:dark_oak_coffin":3,"minecraft:iron_nugget":2,"minecraft:poppy":3,"minecraft:sugar_cane":38,"minecraft:chest":8,"minecraft:birch_sapling":11,"minecraft:spruce_trapdoor":1,"minecraft:piston":1,"minecraft:phantom_membrane":2,"minecraft:egg":1,"minecraft:dark_oak_sapling":4,"minecraft:raw_iron":278,"minecraft:sandstone":10,"minecraft:copper_ingot":181,"minecraft:carrot":4,"minecraft:redstone":187,"vtaw_mw:iron_katana":5,"alexsmobs:leafcutter_ant_pupa":4,"minecraft:prismarine_crystals":6,"minecraft:stone_pressure_plate":1,"minecraft:dark_oak_planks":58,"minecraft:tnt":11,"horror_element_mod:impaled_head":5,"minecraft:arrow":11,"minecraft:stone_shovel":1,"minecraft:peony":1,"minecraft:deepslate_bricks":2,"minecraft:hay_block":74,"minecraft:cracked_deepslate_bricks":6,"minecraft:saddle":1,"minecraft:gold_ingot":57,"minecraft:mutton":19,"securitycraft:keypad_door_item":5,"minecraft:rail":2,"minecraft:skeleton_skull":4,"minecraft:white_wool":19,"minecraft:cracked_deepslate_tiles":9,"minecraft:glow_ink_sac":3,"minecraft:leather":12,"minecraft:cut_sandstone":2,"minecraft:birch_planks":12,"minecraft:oak_log":490,"minecraft:gunpowder":27,"minecraft:deepslate_tile_slab":2,"securitycraft:reinforced_glass":3,"securitycraft:glow_display_case":2,"minecraft:smooth_sandstone":1,"minecraft:apple":10,"securitycraft:security_camera":6,"minecraft:spruce_wood":2,"minecraft:iron_ingot":39,"minecraft:stone_pickaxe":2,"securitycraft:universal_block_reinforcer_lvl1":2,"minecraft:iron_sword":4,"minecraft:dark_oak_stairs":37,"minecraft:oak_slab":63,"vtaw_mw:wooden_rod":2,"minecraft:black_candle":1,"minecraft:sweet_berries":57,"minecraft:dripstone_block":1,"minecraft:gravel":4,"minecraft:birch_stairs":3,"minecraft:blast_furnace":34,"graveyard:middle_bone_staff":1,"minecraft:spider_eye":9,"minecraft:diamond_shovel":3,"minecraft:stone_axe":3,"minecraft:iron_helmet":1,"minecraft:oak_button":2,"securitycraft:keypad":1,"minecraft:baked_potato":16,"minecraft:melon_seeds":1,"minecraft:coal":244},"minecraft:mined":{"minecraft:dark_oak_planks":28,"minecraft:stone_pressure_plate":1,"minecraft:sculk_vein":2,"alexsmobs:leafcutter_anthill":2,"twilightforest:oak_banister":9,"minecraft:spruce_trapdoor":1,"minecraft:grass_block":10,"graveyard:dark_iron_door":5,"minecraft:deepslate_bricks":2,"minecraft:deepslate_tile_stairs":1,"ecologics:prickly_pear":1,"minecraft:spawner":8,"minecraft:iron_ore":74,"minecraft:barrel":2,"minecraft:cobbled_deepslate":1,"minecraft:anvil":8,"minecraft:deepslate_lapis_ore":8,"minecraft:dark_oak_stairs":21,"minecraft:sculk_shrieker":8,"minecraft:pointed_dripstone":4,"minecraft:oak_sign":2,"minecraft:iron_bars":18,"minecraft:deepslate_brick_stairs":15,"horror_element_mod:crucified_body":1,"minecraft:spruce_wood":2,"ecologics:walnut_log":1,"minecraft:iron_block":1,"minecraft:green_bed":2,"minecraft:piston_head":1,"horror_element_mod:spiked_body":1,"minecraft:deepslate_redstone_ore":33,"horror_element_mod:slashed_skull":1,"minecraft:cut_sandstone":2,"ecologics:pot":5,"graveyard:middle_bone_staff":1,"minecraft:crimson_nylium":2,"minecraft:smoker":5,"minecraft:clay":2,"minecraft:blast_furnace":30,"minecraft:melon":8,"minecraft:chest":8,"minecraft:dead_bush":3,"minecraft:glass":1,"minecraft:cobblestone":2,"minecraft:cyan_bed":20,"minecraft:oak_planks":78,"graveyard:lying_skeleton":1,"minecraft:sugar_cane":14,"minecraft:iron_door":1,"minecraft:amethyst_block":1,"minecraft:birch_sapling":1,"minecraft:skeleton_skull":1,"minecraft:birch_log":44,"horror_element_mod:spiked_villager":1,"minecraft:tnt":9,"minecraft:black_bed":3,"graveyard:dark_oak_coffin":2,"minecraft:grass":18,"minecraft:cracked_deepslate_tiles":7,"minecraft:oak_log":433,"minecraft:dirt":20,"minecraft:sand":474,"minecraft:oak_leaves":110,"minecraft:deepslate":88,"graveyard:torso_pile":2,"minecraft:deepslate_tiles":6,"minecraft:tuff":12,"horror_element_mod:blood_3":1,"minecraft:dark_oak_leaves":20,"minecraft:deepslate_diamond_ore":7,"minecraft:dark_oak_log":128,"minecraft:mangrove_roots":53,"minecraft:sea_lantern":2,"minecraft:cobbled_deepslate_slab":95,"graveyard:tg_deepslate":2,"alexsmobs:leafcutter_ant_chamber":20,"minecraft:sandstone":10,"minecraft:hay_block":78,"minecraft:furnace":56,"minecraft:chiseled_sandstone":1,"minecraft:andesite":1,"minecraft:bell":1,"minecraft:polished_deepslate":5,"minecraft:deepslate_iron_ore":62,"minecraft:vine":5,"minecraft:stone":106,"minecraft:smithing_table":1,"minecraft:birch_stairs":1,"minecraft:oak_slab":42,"minecraft:redstone_block":3,"minecraft:glass_pane":4,"graveyard:laterally_lying_skeleton":2,"minecraft:smooth_sandstone":1,"minecraft:crafting_table":24,"minecraft:campfire":2,"minecraft:copper_ore":1,"minecraft:tall_grass":3,"minecraft:lapis_ore":5,"minecraft:deepslate_gold_ore":53,"endofherobrine:mossy_stone_bricks":9,"minecraft:cracked_deepslate_bricks":6,"minecraft:diorite":5,"horror_element_mod:impaled_head":1,"minecraft:birch_planks":8,"minecraft:coarse_dirt":1,"graveyard:skull_with_rib_cage":2,"minecraft:sweet_berry_bush":23,"minecraft:birch_leaves":5,"minecraft:coal_ore":45,"minecraft:gravel":4,"graveyard:leaning_skeleton":2,"minecraft:cobweb":23,"minecraft:cracked_stone_bricks":16,"minecraft:oak_button":1,"minecraft:gold_ore":21,"minecraft:fern":3}},"DataVersion":3120}