{"stats":{"minecraft:picked_up":{"minecraft:coarse_dirt":2,"minecraft:charcoal":39,"minecraft:crafting_table":11,"minecraft:wheat":1,"minecraft:anvil":3,"minecraft:smithing_table":1,"minecraft:wooden_pickaxe":1,"spelunkers_charm:deepslate_rock":10,"minecraft:chain":1,"minecraft:shield":2,"minecraft:amethyst_block":1,"minecraft:polished_deepslate":1,"minecraft:string":18,"minecraft:raw_copper":3,"minecraft:gold_nugget":3,"minecraft:cobbled_deepslate":3,"minecraft:beef":9,"minecraft:iron_nugget":2,"minecraft:poppy":3,"minecraft:sugar_cane":14,"minecraft:melon_slice":24,"minecraft:chest":8,"alexsmobs:leafcutter_ant_chamber":18,"minecraft:furnace":4,"minecraft:raw_iron":45,"minecraft:stick":59,"minecraft:sandstone":10,"horror_element_mod:slashed_skull":1,"minecraft:copper_ingot":3,"minecraft:acacia_log":15,"minecraft:torch":2,"minecraft:green_bed":1,"minecraft:pointed_dripstone":7,"minecraft:diorite":2,"minecraft:redstone":9,"minecraft:deepslate_tile_stairs":2,"alexsmobs:leafcutter_ant_pupa":4,"minecraft:stone_pressure_plate":1,"minecraft:tnt":9,"minecraft:arrow":1,"minecraft:stone_sword":1,"minecraft:cactus":20,"minecraft:rotten_flesh":45,"minecraft:hay_block":74,"minecraft:saddle":1,"minecraft:mangrove_roots":4,"minecraft:gold_ingot":23,"minecraft:skeleton_skull":4,"minecraft:cobblestone":41,"minecraft:cracked_deepslate_tiles":2,"minecraft:cooked_beef":14,"minecraft:feather":1,"minecraft:jungle_log":26,"minecraft:cut_sandstone":2,"minecraft:leather":5,"minecraft:smoker":4,"minecraft:potato":1,"minecraft:oak_log":4,"minecraft:gunpowder":23,"minecraft:dirt":40,"minecraft:smooth_sandstone":1,"minecraft:bone":61,"minecraft:acacia_planks":43,"minecraft:wheat_seeds":3,"minecraft:raw_gold":6,"minecraft:bell":1,"minecraft:iron_ingot":12,"minecraft:stone_pickaxe":2,"minecraft:iron_sword":1,"minecraft:stone_hoe":1,"minecraft:oak_planks":24,"minecraft:black_candle":1,"ecologics:prickly_pear":2,"minecraft:sand":26,"minecraft:fermented_spider_eye":4,"minecraft:blast_furnace":7,"graveyard:middle_bone_staff":1,"minecraft:dead_bush":2,"minecraft:cyan_bed":15,"minecraft:chiseled_sandstone":1,"minecraft:dark_oak_log":21,"minecraft:barrel":1,"minecraft:spider_eye":8,"minecraft:polished_blackstone_pressure_plate":1,"minecraft:soul_lantern":2,"minecraft:stone_axe":2,"minecraft:golden_horse_armor":1,"minecraft:emerald":4,"alexsmobs:maggot":4,"minecraft:netherrack":2,"minecraft:coal":108},"minecraft:killed_by":{"minecraft:player":2,"man:managgresive":1},"minecraft:custom":{"minecraft:interact_with_smithing_table":2,"minecraft:mob_kills":40,"minecraft:interact_with_crafting_table":23,"minecraft:open_barrel":4,"minecraft:leave_game":8,"minecraft:time_since_death":31781,"minecraft:climb_one_cm":9445,"minecraft:sprint_one_cm":234103,"minecraft:walk_one_cm":533951,"minecraft:damage_blocked_by_shield":150,"minecraft:drop":79,"minecraft:play_time":146185,"minecraft:deaths":4,"minecraft:sneak_time":6430,"minecraft:walk_under_water_one_cm":13815,"minecraft:jump":2269,"minecraft:interact_with_blast_furnace":17,"minecraft:walk_on_water_one_cm":36519,"minecraft:total_world_time":146185,"minecraft:interact_with_furnace":10,"minecraft:sleep_in_bed":16,"minecraft:time_since_rest":29526,"minecraft:damage_taken":2615,"minecraft:trigger_trapped_chest":2,"minecraft:damage_dealt":10165,"minecraft:swim_one_cm":43170,"minecraft:fly_one_cm":381661,"minecraft:open_chest":33,"minecraft:crouch_one_cm":11615,"minecraft:interact_with_smoker":8,"minecraft:fall_one_cm":44946},"minecraft:killed":{"hordes:zombie_player":3,"minecraft:spider":1,"minecraft:skeleton":2,"alexsmobs:leafcutter_ant":2,"hordes:husk_player":2,"graveyard:ghoul":1,"minecraft:iron_golem":5,"whisperwoods:zotzpyre":2,"minecraft:zombie":9,"twisted_horrors:speyeder":4,"alexsmobs:gazelle":1,"alexsmobs:fly":1,"endofherobrine:sheep":1,"minecraft:cow":5},"minecraft:dropped":{"minecraft:stone_hoe":1,"minecraft:bread":15,"minecraft:iron_sword":1,"minecraft:wheat_seeds":3,"minecraft:feather":1,"minecraft:acacia_log":15,"spelunkers_charm:deepslate_rock":10,"minecraft:coal":64,"minecraft:deepslate_tile_stairs":2,"minecraft:dirt":28,"minecraft:black_candle":1,"minecraft:diorite":2,"alexsmobs:leafcutter_ant_chamber":1,"minecraft:polished_blackstone_pressure_plate":1,"minecraft:torch":2,"minecraft:cracked_deepslate_tiles":1,"minecraft:dead_bush":2,"minecraft:gold_nugget":3,"minecraft:cactus":18,"minecraft:acacia_planks":43,"minecraft:bone":1,"minecraft:redstone":1,"minecraft:gold_ingot":1,"minecraft:stone_axe":1,"alexsmobs:maggot":4,"minecraft:mangrove_roots":4,"minecraft:iron_nugget":2,"minecraft:coarse_dirt":1,"minecraft:stone_sword":1,"graveyard:middle_bone_staff":1,"minecraft:green_bed":1,"minecraft:wheat":1,"minecraft:soul_lantern":2,"minecraft:pointed_dripstone":2,"minecraft:rotten_flesh":37,"minecraft:oak_planks":6,"ecologics:prickly_pear":1,"minecraft:poppy":3,"minecraft:shield":1,"minecraft:stone_pickaxe":2,"minecraft:arrow":1,"minecraft:wooden_pickaxe":1,"minecraft:netherrack":2},"minecraft:broken":{"minecraft:stone_axe":1},"minecraft:crafted":{"minecraft:oak_planks":16,"minecraft:stone_shovel":1,"minecraft:glass":12,"travelersbackpack:white_sleeping_bag":1,"minecraft:iron_boots":1,"minecraft:stone_pickaxe":1,"minecraft:stone_hoe":1,"travelersbackpack:spider":2,"minecraft:wheat":153,"vtaw_mw:wooden_rod":4,"minecraft:crafting_table":1,"vtaw_mw:iron_halberd":1,"travelersbackpack:backpack_tank":2,"travelersbackpack:standard":1,"minecraft:smithing_table":1,"minecraft:bucket":1,"minecraft:stone_axe":2,"minecraft:bread":51,"minecraft:air":0,"minecraft:jungle_planks":8,"minecraft:iron_chestplate":1,"minecraft:white_wool":3,"minecraft:shield":2,"vtaw_mw:iron_katana":1,"minecraft:stick":4,"minecraft:iron_ingot":36,"minecraft:iron_pickaxe":1,"minecraft:iron_leggings":1,"minecraft:torch":4},"minecraft:mined":{"graveyard:torso_pile":2,"minecraft:stone_pressure_plate":1,"minecraft:sculk_vein":2,"alexsmobs:leafcutter_anthill":2,"minecraft:dark_oak_log":22,"minecraft:grass_block":4,"alexsmobs:leafcutter_ant_chamber":20,"minecraft:deepslate_tile_stairs":1,"minecraft:sandstone":10,"minecraft:spawner":2,"ecologics:prickly_pear":1,"minecraft:hay_block":78,"minecraft:furnace":4,"minecraft:iron_ore":23,"minecraft:cobbled_deepslate":1,"minecraft:barrel":2,"minecraft:chiseled_sandstone":1,"minecraft:anvil":3,"minecraft:bell":1,"minecraft:polished_deepslate":1,"minecraft:sculk_shrieker":8,"minecraft:deepslate_iron_ore":23,"horror_element_mod:crucified_body":1,"minecraft:stone":36,"minecraft:green_bed":1,"minecraft:smithing_table":1,"minecraft:deepslate_redstone_ore":3,"horror_element_mod:slashed_skull":1,"minecraft:cut_sandstone":2,"ecologics:pot":5,"graveyard:middle_bone_staff":1,"minecraft:crimson_nylium":2,"minecraft:smoker":4,"graveyard:laterally_lying_skeleton":2,"minecraft:smooth_sandstone":1,"minecraft:crafting_table":11,"minecraft:blast_furnace":7,"minecraft:melon":5,"minecraft:chest":8,"minecraft:dead_bush":3,"minecraft:copper_ore":1,"minecraft:tall_grass":2,"minecraft:deepslate_gold_ore":6,"minecraft:cyan_bed":9,"graveyard:lying_skeleton":1,"minecraft:sugar_cane":7,"minecraft:oak_planks":1,"minecraft:diorite":2,"minecraft:amethyst_block":1,"minecraft:skeleton_skull":1,"minecraft:coarse_dirt":1,"graveyard:skull_with_rib_cage":2,"minecraft:tnt":9,"minecraft:grass":9,"minecraft:oak_log":4,"minecraft:coal_ore":14,"graveyard:leaning_skeleton":1,"minecraft:sand":16,"minecraft:dirt":10,"minecraft:oak_leaves":2,"minecraft:deepslate":2,"minecraft:fern":3},"minecraft:used":{"vtaw_mw:iron_katana":7,"minecraft:writable_book":2,"minecraft:polished_deepslate":1,"minecraft:stone_shovel":23,"minecraft:chest":4,"minecraft:shield":4,"minecraft:iron_sword":150,"minecraft:bell":1,"minecraft:stone_hoe":82,"vtaw_mw:iron_halberd":2,"minecraft:torch":4,"minecraft:dirt":5,"minecraft:cracked_deepslate_tiles":1,"ecologics:prickly_pear":1,"minecraft:smooth_sandstone":1,"minecraft:barrel":1,"minecraft:hay_block":6,"minecraft:furnace":2,"minecraft:skeleton_skull":1,"minecraft:stone_pressure_plate":1,"minecraft:cooked_beef":6,"minecraft:cobbled_deepslate":3,"minecraft:pointed_dripstone":2,"travelersbackpack:spider":11,"minecraft:water_bucket":4,"minecraft:stone_pickaxe":86,"horror_element_mod:slashed_skull":1,"minecraft:oak_planks":15,"minecraft:cactus":2,"minecraft:wooden_pickaxe":2,"minecraft:sandstone":10,"minecraft:cut_sandstone":2,"minecraft:golden_apple":1,"minecraft:sand":14,"minecraft:crafting_table":9,"minecraft:blast_furnace":3,"minecraft:smoker":1,"minecraft:chiseled_sandstone":1,"minecraft:bread":20,"minecraft:cyan_bed":14,"minecraft:melon_slice":5,"minecraft:iron_pickaxe":89,"minecraft:stone_axe":94,"minecraft:cobblestone":21,"minecraft:smithing_table":1,"minecraft:bucket":5,"minecraft:chain":1,"alexsmobs:animal_dictionary":1,"minecraft:coarse_dirt":1}},"DataVersion":3120}