{"stats":{"minecraft:mined":{"horror_element_mod:slashed_skull":1,"minecraft:cut_sandstone":2,"minecraft:stone_pressure_plate":1,"ecologics:pot":5,"minecraft:smoker":3,"minecraft:sculk_vein":2,"minecraft:dark_oak_log":22,"minecraft:smooth_sandstone":1,"minecraft:crafting_table":6,"minecraft:blast_furnace":4,"minecraft:chest":5,"minecraft:dead_bush":3,"minecraft:tall_grass":1,"minecraft:deepslate_tile_stairs":1,"minecraft:cyan_bed":3,"minecraft:sugar_cane":7,"minecraft:sandstone":10,"ecologics:prickly_pear":1,"minecraft:skeleton_skull":1,"minecraft:hay_block":78,"minecraft:furnace":2,"minecraft:barrel":2,"minecraft:chiseled_sandstone":1,"minecraft:tnt":9,"minecraft:anvil":3,"minecraft:bell":1,"minecraft:polished_deepslate":1,"minecraft:sculk_shrieker":6,"minecraft:coal_ore":14,"minecraft:oak_log":4,"minecraft:sand":1,"minecraft:dirt":4,"minecraft:stone":18,"minecraft:oak_leaves":2,"minecraft:green_bed":1},"minecraft:crafted":{"minecraft:oak_planks":16,"minecraft:crafting_table":1,"minecraft:stone_axe":1,"minecraft:bread":51,"minecraft:shield":2,"minecraft:stick":4,"minecraft:stone_pickaxe":1,"minecraft:torch":4,"minecraft:stone_hoe":1,"minecraft:wheat":153},"minecraft:picked_up":{"minecraft:cracked_deepslate_tiles":2,"minecraft:charcoal":14,"minecraft:crafting_table":5,"minecraft:feather":1,"minecraft:anvil":3,"minecraft:leather":4,"minecraft:cut_sandstone":2,"minecraft:smoker":3,"minecraft:wooden_pickaxe":1,"minecraft:shield":1,"minecraft:oak_log":4,"minecraft:chain":1,"minecraft:gunpowder":22,"minecraft:polished_deepslate":1,"minecraft:string":16,"minecraft:dirt":2,"minecraft:smooth_sandstone":1,"minecraft:bone":28,"minecraft:gold_nugget":3,"minecraft:bell":1,"minecraft:beef":7,"minecraft:iron_ingot":12,"minecraft:iron_nugget":2,"minecraft:poppy":3,"minecraft:sugar_cane":14,"minecraft:chest":5,"minecraft:oak_planks":22,"minecraft:furnace":2,"minecraft:stick":23,"minecraft:sandstone":10,"minecraft:black_candle":1,"horror_element_mod:slashed_skull":1,"ecologics:prickly_pear":2,"minecraft:torch":1,"minecraft:acacia_log":15,"minecraft:green_bed":1,"minecraft:sand":11,"dynamictrees:acacia_seed":5,"minecraft:blast_furnace":4,"minecraft:cyan_bed":3,"minecraft:dead_bush":2,"minecraft:deepslate_tile_stairs":2,"minecraft:chiseled_sandstone":1,"minecraft:dark_oak_log":21,"minecraft:spider_eye":7,"minecraft:barrel":1,"minecraft:stone_pressure_plate":1,"minecraft:tnt":9,"minecraft:cactus":20,"minecraft:rotten_flesh":25,"minecraft:soul_lantern":2,"minecraft:hay_block":74,"minecraft:golden_horse_armor":1,"minecraft:saddle":1,"minecraft:mangrove_roots":4,"minecraft:gold_ingot":22,"minecraft:emerald":4,"minecraft:coal":15,"minecraft:skeleton_skull":3,"minecraft:cobblestone":23},"minecraft:dropped":{"minecraft:bread":15,"minecraft:mangrove_roots":4,"minecraft:iron_nugget":2,"minecraft:green_bed":1,"minecraft:soul_lantern":2,"minecraft:feather":1,"minecraft:rotten_flesh":25,"minecraft:oak_planks":6,"ecologics:prickly_pear":1,"minecraft:acacia_log":15,"minecraft:deepslate_tile_stairs":2,"minecraft:poppy":3,"minecraft:dirt":2,"minecraft:shield":1,"minecraft:black_candle":1,"minecraft:torch":1,"minecraft:cracked_deepslate_tiles":1,"minecraft:dead_bush":2,"minecraft:gold_nugget":3,"minecraft:wooden_pickaxe":1,"minecraft:cactus":18,"dynamictrees:acacia_seed":5},"minecraft:killed":{"minecraft:iron_golem":5,"alexsmobs:gazelle":1,"hordes:husk_player":2,"minecraft:cow":4},"minecraft:used":{"minecraft:polished_deepslate":1,"minecraft:stone_pickaxe":73,"horror_element_mod:slashed_skull":1,"minecraft:oak_planks":10,"minecraft:chest":2,"minecraft:cactus":2,"minecraft:wooden_pickaxe":2,"minecraft:sandstone":10,"minecraft:iron_sword":46,"minecraft:cut_sandstone":2,"minecraft:bell":1,"minecraft:stone_hoe":80,"minecraft:torch":4,"minecraft:sand":11,"minecraft:crafting_table":4,"minecraft:cracked_deepslate_tiles":1,"ecologics:prickly_pear":1,"minecraft:chiseled_sandstone":1,"minecraft:bread":14,"minecraft:cyan_bed":3,"minecraft:smooth_sandstone":1,"minecraft:barrel":1,"minecraft:stone_axe":75,"minecraft:cobblestone":14,"minecraft:hay_block":6,"minecraft:skeleton_skull":1,"alexsmobs:animal_dictionary":1,"minecraft:chain":1,"minecraft:stone_pressure_plate":1},"minecraft:custom":{"minecraft:mob_kills":12,"minecraft:interact_with_crafting_table":10,"minecraft:open_barrel":3,"minecraft:leave_game":4,"minecraft:time_since_death":1529,"minecraft:sleep_in_bed":4,"minecraft:climb_one_cm":5728,"minecraft:time_since_rest":1557,"minecraft:sprint_one_cm":130237,"minecraft:damage_taken":862,"minecraft:walk_one_cm":207077,"minecraft:drop":42,"minecraft:damage_dealt":5583,"minecraft:swim_one_cm":13738,"minecraft:fly_one_cm":206289,"minecraft:open_chest":6,"minecraft:crouch_one_cm":5225,"minecraft:play_time":61745,"minecraft:deaths":1,"minecraft:sneak_time":2716,"minecraft:walk_under_water_one_cm":1250,"minecraft:jump":1016,"minecraft:walk_on_water_one_cm":8324,"minecraft:total_world_time":61745,"minecraft:interact_with_smoker":1,"minecraft:fall_one_cm":24385}},"DataVersion":3120}