{"stats":{"minecraft:killed_by":{"old_goatman:old_goatman":3,"cave_dweller:cave_dweller":2,"corpse_stalker:corpse_stalker":2,"alexsmobs:elephant":1,"man:managgresive":1,"the_one_who_watches:toww_running":1,"minecraft:player":2,"endofherobrine:lurker":1,"endofherobrine:pigman":1},"minecraft:custom":{"minecraft:interact_with_crafting_table":304,"minecraft:open_barrel":115,"minecraft:leave_game":76,"minecraft:time_since_death":593708,"minecraft:damage_blocked_by_shield":7735,"minecraft:play_time":2172845,"minecraft:deaths":18,"minecraft:jump":31456,"minecraft:enchant_item":3,"minecraft:interact_with_furnace":170,"minecraft:traded_with_villager":1,"minecraft:sleep_in_bed":176,"minecraft:damage_dealt":108158,"minecraft:interact_with_smoker":172,"minecraft:interact_with_smithing_table":5,"minecraft:interact_with_anvil":12,"minecraft:sneak_time":155715,"minecraft:interact_with_lectern":5,"minecraft:interact_with_blast_furnace":257,"minecraft:total_world_time":2172845,"minecraft:tune_noteblock":2,"minecraft:interact_with_stonecutter":32,"minecraft:time_since_rest":4519,"minecraft:swim_one_cm":212613,"minecraft:fly_one_cm":5111837,"minecraft:open_chest":1881,"minecraft:fall_one_cm":818169,"minecraft:animals_bred":81,"minecraft:damage_resisted":90,"minecraft:sprint_one_cm":4883876,"minecraft:drop":397,"minecraft:talked_to_villager":5,"minecraft:walk_on_water_one_cm":193883,"minecraft:interact_with_loom":4,"minecraft:player_kills":4,"minecraft:crouch_one_cm":477046,"minecraft:mob_kills":649,"minecraft:interact_with_campfire":8,"minecraft:climb_one_cm":72313,"minecraft:walk_one_cm":6814828,"minecraft:walk_under_water_one_cm":161995,"minecraft:boat_one_cm":598,"minecraft:interact_with_grindstone":1,"minecraft:damage_taken":30109,"minecraft:damage_absorbed":534,"minecraft:trigger_trapped_chest":2},"minecraft:dropped":{"minecraft:iron_sword":2,"minecraft:lapis_lazuli":1,"minecraft:glow_ink_sac":2,"minecraft:crafting_table":3,"twilightforest:oak_banister":12,"mcwpaths:diorite_crystal_floor":54,"xpbook:xp_tome":2,"minecraft:rail":7,"graveyard:corruption":3,"minecraft:dirt":29,"minecraft:cracked_deepslate_tiles":12,"minecraft:gold_nugget":3,"minecraft:writable_book":1,"minecraft:bone_meal":9,"minecraft:iron_pickaxe":5,"securitycraft:reinforced_stone_bricks":1,"minecraft:fermented_spider_eye":3,"sereneseasons:calendar":1,"minecraft:bone":14,"securitycraft:remote_access_mine":1,"minecraft:stone_axe":1,"minecraft:iron_nugget":2,"alexsmobs:gazelle_horn":2,"minecraft:cooked_chicken":5,"minecraft:cobbled_deepslate":90,"alexsmobs:animal_dictionary":1,"minecraft:wheat":1,"minecraft:rotten_flesh":97,"minecraft:oak_planks":6,"minecraft:enchanted_golden_apple":1,"minecraft:glowstone_dust":19,"alexsmobs:emu_egg":1,"minecraft:nether_brick_fence":2,"minecraft:chiseled_deepslate":1,"minecraft:deepslate_tiles":7,"minecraft:charcoal":4,"horror_element_mod:blood_3":1,"minecraft:glass":31,"minecraft:beef":2,"mcwwindows:dark_oak_blinds":2,"travelersbackpack:cow":1,"minecraft:wheat_seeds":18,"minecraft:tnt":3,"minecraft:deepslate_brick_wall":1,"vtaw_mw:iron_greatsword":4,"travelersbackpack:squid":3,"minecraft:dripstone_block":9,"minecraft:iron_helmet":1,"minecraft:feather":1,"minecraft:cobblestone":138,"minecraft:deepslate_tile_slab":2,"minecraft:polished_blackstone_button":2,"minecraft:coal":436,"minecraft:coal_block":6,"minecraft:golden_apple":3,"mcwwindows:white_curtain":9,"minecraft:golden_carrot":78,"alexsmobs:leafcutter_ant_chamber":1,"travelersbackpack:blaze":1,"minecraft:dead_bush":2,"minecraft:iron_shovel":3,"minecraft:string":3,"minecraft:acacia_planks":43,"mcwdoors:iron_portcullis":9,"vtaw_mw:diamond_longsword":2,"minecraft:player_head":1,"minecraft:stone_sword":1,"graveyard:middle_bone_staff":1,"minecraft:deepslate":6,"minecraft:green_bed":2,"minecraft:iron_boots":3,"graveyard:dark_oak_coffin":2,"minecraft:cobbled_deepslate_slab":108,"minecraft:oak_sign":5,"minecraft:polished_deepslate_stairs":2,"minecraft:potato":1,"minecraft:hay_block":9,"minecraft:stone":30,"ecologics:walnut":12,"minecraft:spruce_trapdoor":1,"minecraft:diamond_pickaxe":2,"minecraft:stone_bricks":189,"minecraft:bow":1,"securitycraft:keypad_chest":1,"minecraft:cyan_bed":1,"graveyard:dark_iron_bars":15,"minecraft:brown_mushroom":2,"minecraft:birch_planks":1,"minecraft:diamond_axe":1,"minecraft:oak_log":110,"minecraft:baked_potato":96,"minecraft:ender_pearl":1,"alexsmobs:rocky_shell":2,"minecraft:leather":4,"minecraft:jungle_planks":7,"travelersbackpack:standard":2,"minecraft:deepslate_tile_stairs":2,"alexsmobs:kangaroo_burger":2,"minecraft:polished_blackstone_pressure_plate":1,"minecraft:amethyst_shard":3,"minecraft:gold_ingot":1,"minecraft:mangrove_roots":5,"mcwpaths:diorite_running_bond":2,"minecraft:soul_lantern":2,"minecraft:pointed_dripstone":236,"securitycraft:taser":2,"minecraft:diamond_shovel":2,"ecologics:prickly_pear":1,"minecraft:poppy":6,"minecraft:glowstone":73,"minecraft:melon_seeds":1,"minecraft:arrow":3,"minecraft:powered_rail":1,"minecraft:quartz":1,"minecraft:netherrack":3,"minecraft:water_bucket":1,"minecraft:stone_hoe":1,"minecraft:bread":20,"minecraft:poisonous_potato":1,"minecraft:amethyst_block":4,"spelunkers_charm:old_miners_bundle":1,"minecraft:acacia_log":15,"minecraft:spruce_stairs":8,"spelunkers_charm:deepslate_rock":23,"minecraft:deepslate_brick_stairs":1,"minecraft:black_candle":1,"minecraft:diorite":26,"mcwbridges:glass_bridge":3,"minecraft:torch":4,"minecraft:iron_door":1,"travelersbackpack:spider":4,"minecraft:iron_leggings":1,"minecraft:iron_axe":3,"minecraft:cactus":18,"minecraft:redstone_block":53,"minecraft:redstone":1,"alexsmobs:maggot":4,"travelersbackpack:diamond":3,"minecraft:coarse_dirt":1,"mcwbridges:pliers":2,"minecraft:glass_pane":56,"minecraft:flint_and_steel":1,"minecraft:deepslate_bricks":4,"securitycraft:universal_block_remover":4,"minecraft:shield":3,"travelersbackpack:lapis":1,"minecraft:iron_chestplate":1,"minecraft:andesite":6,"minecraft:oak_boat":1,"minecraft:spruce_log":19,"minecraft:stone_pickaxe":2,"minecraft:wooden_pickaxe":1,"securitycraft:universal_block_reinforcer_lvl1":3},"minecraft:used":{"alexsmobs:emu_egg":1,"mcwfurnitures:oak_bookshelf":13,"minecraft:peony":1,"minecraft:writable_book":2,"minecraft:spruce_slab":85,"minecraft:ladder":9,"minecraft:poppy":1,"minecraft:chest":167,"minecraft:stone":372,"vtaw_mw:diamond_longsword":666,"travelersbackpack:diamond":1,"securitycraft:security_camera":6,"minecraft:rotten_flesh":9,"minecraft:lily_of_the_valley":6,"minecraft:cracked_deepslate_tiles":1,"securitycraft:keypad_item":5,"minecraft:allium":2,"mcwdoors:iron_portcullis":10,"mcwwindows:blackstone_brick_gothic":6,"minecraft:cocoa_beans":3,"minecraft:deepslate_brick_slab":4,"minecraft:grass_block":17,"minecraft:birch_sapling":11,"minecraft:dark_oak_slab":4,"minecraft:stone_brick_stairs":148,"minecraft:snow":50,"minecraft:bow":6,"mcwwindows:birch_plank_pane_window":17,"minecraft:sweet_berries":19,"minecraft:furnace":24,"minecraft:oak_sapling":32,"minecraft:egg":275,"minecraft:potato":60,"mcwbridges:glass_bridge_pier":3,"twilightforest:oak_banister":59,"minecraft:diorite":16,"minecraft:mossy_stone_bricks":1,"minecraft:spruce_door":1,"mcwpaths:stone_windmill_weave":3,"minecraft:cactus":2,"minecraft:wooden_pickaxe":2,"securitycraft:keypad_frame":3,"graveyard:dark_iron_bars":7,"mcwfences:spruce_hedge":20,"minecraft:oak_leaves":93,"minecraft:golden_apple":14,"mcwpaths:diorite_crystal_floor":418,"minecraft:blue_dye":1,"minecraft:sand":15,"minecraft:blast_furnace":47,"securitycraft:universal_block_remover":15,"minecraft:deepslate_tiles":7,"minecraft:chiseled_sandstone":1,"mcwwindows:iron_shutter":3,"minecraft:lectern":1,"minecraft:oak_pressure_plate":5,"graveyard:dark_iron_door":5,"minecraft:wooden_sword":60,"minecraft:smithing_table":1,"minecraft:birch_log":2,"minecraft:oak_boat":1,"travelersbackpack:skeleton":1,"minecraft:oak_trapdoor":2,"mcwpaths:stone_windmill_weave_path":23,"minecraft:enchanting_table":1,"minecraft:armor_stand":1,"graveyard:dark_oak_coffin":3,"minecraft:tinted_glass":1,"mcwpaths:diorite_windmill_weave":2,"vtaw_mw:iron_halberd":245,"minecraft:netherrack":44,"minecraft:torch":382,"minecraft:anvil":7,"minecraft:nether_quartz_ore":2,"mcwroofs:spruce_planks_upper_lower_roof":70,"mcwfences:oak_horse_fence":83,"minecraft:fern":21,"vtaw_mw:iron_greatsword":358,"minecraft:iron_block":1,"minecraft:iron_axe":1390,"minecraft:jungle_log":4,"travelersbackpack:squid":3,"mcwbridges:glass_bridge":2,"minecraft:barrel":2,"minecraft:basalt":1,"securitycraft:dirt_mine":1,"ecologics:walnut":9,"minecraft:cobbled_deepslate":237,"minecraft:pointed_dripstone":28,"minecraft:wheat_seeds":97,"minecraft:water_bucket":403,"mcwbridges:iron_bridge":4,"mcwwindows:birch_plank_window":13,"minecraft:birch_planks":114,"minecraft:glow_ink_sac":1,"mcwpaths:diorite_running_bond":3,"minecraft:deepslate_bricks":2,"securitycraft:cobblestone_mine":1,"minecraft:mossy_cobblestone":1,"minecraft:rail":1,"securitycraft:reinforced_stone_bricks":1,"mcwlights:redstone_lamp_slab":20,"minecraft:crafting_table":51,"minecraft:oak_slab":260,"minecraft:white_bed":16,"minecraft:campfire":2,"minecraft:spruce_log":338,"minecraft:oak_log":330,"minecraft:diamond_pickaxe":6475,"minecraft:diamond_shovel":562,"mcwwindows:dark_oak_window2":15,"minecraft:iron_pickaxe":900,"minecraft:oak_button":5,"travelersbackpack:white_sleeping_bag":1,"mcwwindows:white_curtain":33,"minecraft:spruce_sapling":19,"minecraft:cobblestone":3621,"minecraft:cooked_porkchop":16,"minecraft:porkchop":6,"minecraft:glass_pane":123,"minecraft:black_candle":5,"mcwroofs:oak_attic_roof":10,"minecraft:dandelion":2,"minecraft:candle":19,"mcwfences:stone_pillar_wall":15,"vtaw_mw:iron_katana":235,"minecraft:iron_shovel":362,"minecraft:polished_deepslate":1,"minecraft:oak_sign":28,"minecraft:white_concrete_powder":193,"minecraft:shield":212,"minecraft:iron_sword":157,"minecraft:bell":1,"minecraft:iron_chestplate":5,"minecraft:white_candle":16,"minecraft:mutton":1,"spelunkers_charm:deepslate_rock":12,"twilightforest:bold_stone_pillar":2,"minecraft:jungle_planks":30,"minecraft:nether_bricks":2,"minecraft:carrot":90,"mcwpaths:diorite_flagstone_path":9,"minecraft:deepslate_tile_slab":2,"mcwlights:wall_lamp":4,"ecologics:prickly_pear":1,"minecraft:tuff":2,"minecraft:glass":361,"mcwtrpdoors:dark_oak_glass_trapdoor":8,"securitycraft:camera_monitor":6,"minecraft:bricks":32,"minecraft:coal_ore":2,"minecraft:spruce_wood":3,"minecraft:iron_helmet":4,"mcwfences:oak_highley_gate":1,"minecraft:stone_bricks":146,"minecraft:item_frame":4,"ecologics:walnut_planks":17,"minecraft:hay_block":6,"minecraft:skeleton_skull":1,"minecraft:dark_oak_sapling":4,"travelersbackpack:spider":57,"minecraft:dark_oak_stairs":259,"travelersbackpack:cow":2,"mcwtrpdoors:metal_trapdoor":30,"minecraft:stone_pickaxe":86,"minecraft:oak_planks":945,"minecraft:sugar_cane":34,"minecraft:ender_pearl":11,"minecraft:sandstone":10,"minecraft:redstone_block":14,"minecraft:diamond_axe":1394,"mcwpaths:stone_flagstone":3,"mcwpaths:stone_crystal_floor":1,"minecraft:dripstone_block":13,"minecraft:black_bed":2,"minecraft:shears":269,"minecraft:lever":21,"minecraft:melon_slice":23,"minecraft:bread":132,"minecraft:dark_oak_log":2,"mcwfences:oak_stockade_fence":36,"minecraft:string":3,"minecraft:cyan_bed":42,"minecraft:iron_door":4,"graveyard:fire_brazier":2,"minecraft:gravel":6,"mcwfences:oak_pyramid_gate":2,"minecraft:andesite":1,"minecraft:chain":1,"minecraft:white_concrete":79,"minecraft:coarse_dirt":1,"minecraft:cobweb":163,"minecraft:bone_meal":73,"minecraft:experience_bottle":12,"minecraft:cracked_deepslate_bricks":2,"minecraft:flint_and_steel":18,"securitycraft:keypad_chest":1,"minecraft:stone_shovel":23,"minecraft:redstone":1,"minecraft:spruce_planks":18,"securitycraft:keypad_door_item":6,"minecraft:stone_hoe":84,"minecraft:cooked_chicken":11,"minecraft:oak_door":1,"mcwfurnitures:spruce_double_wardrobe":4,"minecraft:dirt":446,"minecraft:diamond_helmet":4,"minecraft:spruce_stairs":12,"alexsmobs:cooked_kangaroo_meat":20,"minecraft:dark_oak_planks":247,"minecraft:bookshelf":30,"mcwfences:oak_hedge":52,"twilightforest:twisted_stone":3,"mcwbridges:oak_log_bridge_middle":2,"minecraft:oak_stairs":96,"minecraft:smooth_sandstone":1,"minecraft:iron_boots":5,"alexsmobs:kangaroo_burger":2,"minecraft:golden_carrot":84,"minecraft:stone_pressure_plate":1,"minecraft:cooked_beef":15,"minecraft:enchanted_golden_apple":1,"minecraft:iron_leggings":2,"mcwpaths:stone_running_bond":6,"mcwfurnitures:spruce_wardrobe":9,"minecraft:cooked_mutton":16,"mcwfurnitures:stripped_oak_bookshelf":12,"minecraft:cobblestone_stairs":8,"minecraft:baked_potato":117,"horror_element_mod:slashed_skull":1,"minecraft:cut_sandstone":2,"ecologics:walnut_sapling":2,"minecraft:green_bed":5,"minecraft:stonecutter":2,"man:redcandle":1,"mcwfences:modern_stone_brick_wall":2,"securitycraft:furnace_mine":1,"minecraft:smoker":15,"mcwbridges:stone_brick_bridge_stair":4,"minecraft:apple":1,"ecologics:walnut_button":2,"minecraft:chicken":1,"mcwwindows:one_way_glass":13,"mcwroofs:stone_bricks_lower_roof":15,"mcwbridges:oak_log_bridge_stair":38,"minecraft:stone_axe":97,"mcwwindows:dark_oak_blinds":12,"minecraft:bucket":410,"alexsmobs:animal_dictionary":4,"minecraft:smooth_stone":57,"minecraft:birch_stairs":4,"securitycraft:glow_display_case":3},"minecraft:crafted":{"minecraft:black_dye":7,"minecraft:smooth_stone":45,"minecraft:oak_sign":12,"vtaw_mw:diamond_longsword":1,"mcwwindows:birch_plank_pane_window":8,"minecraft:oak_pressure_plate":3,"ecologics:walnut_planks":56,"mcwbridges:oak_log_bridge_stair":42,"mcwfences:oak_highley_gate":1,"minecraft:diamond_shovel":2,"minecraft:lever":11,"securitycraft:keypad_item":3,"minecraft:bookshelf":15,"minecraft:cooked_mutton":19,"mcwbridges:pliers":1,"mcwfurnitures:oak_bookshelf":4,"minecraft:glass":364,"ecologics:walnut_button":2,"minecraft:polished_blackstone":4,"mcwpaths:stone_flagstone":1,"minecraft:iron_door":6,"mcwfences:oak_pyramid_gate":2,"mcwwindows:blackstone_brick_gothic":4,"minecraft:redstone_lamp":6,"mcwwindows:dark_oak_window2":8,"vtaw_mw:wooden_rod":4,"minecraft:cooked_porkchop":13,"minecraft:diamond_axe":1,"minecraft:glow_item_frame":1,"travelersbackpack:standard":2,"minecraft:spruce_door":3,"securitycraft:portable_tune_player":1,"minecraft:smithing_table":1,"minecraft:clock":1,"minecraft:copper_ingot":21,"mcwbridges:iron_bridge":3,"minecraft:stone_brick_stairs":136,"mcwwindows:window_base":28,"mcwfences:stone_pillar_wall":5,"minecraft:iron_pickaxe":4,"securitycraft:security_camera":3,"minecraft:iron_block":35,"sereneseasons:calendar":1,"minecraft:gold_ingot":648,"minecraft:birch_stairs":4,"minecraft:polished_blackstone_bricks":4,"minecraft:golden_carrot":237,"minecraft:stone_shovel":1,"mcwpaths:diorite_flagstone_path":4,"minecraft:iron_nugget":36,"mcwfurnitures:stripped_oak_bookshelf":8,"minecraft:bone_meal":72,"minecraft:spruce_stairs":12,"travelersbackpack:white_sleeping_bag":2,"minecraft:polished_diorite":12,"mcwwindows:white_curtain":21,"securitycraft:glow_display_case":1,"securitycraft:universal_block_remover":1,"minecraft:spruce_slab":78,"minecraft:stone_pickaxe":1,"minecraft:redstone_block":28,"mcwwindows:birch_plank_window":12,"minecraft:dark_oak_planks":632,"minecraft:golden_helmet":1,"travelersbackpack:spider":3,"minecraft:wheat":477,"minecraft:coal_block":6,"mcwpaths:stone_running_bond":1,"mcwroofs:spruce_planks_upper_lower_roof":66,"minecraft:enchanting_table":1,"twilightforest:oak_banister":39,"securitycraft:taser":1,"securitycraft:cobblestone_mine":1,"securitycraft:door_indestructible_iron_item":1,"minecraft:golden_apple":16,"mcwfences:oak_horse_fence":54,"mcwfences:spruce_hedge":44,"minecraft:oak_stairs":80,"minecraft:iron_shovel":2,"minecraft:iron_leggings":4,"minecraft:white_bed":3,"minecraft:note_block":1,"minecraft:ancient_debris":1,"mcwwindows:window_half_bar_base":8,"securitycraft:mine":3,"minecraft:oak_planks":1780,"twilightforest:twisted_stone":1,"minecraft:cooked_chicken":16,"minecraft:stone":8,"minecraft:cobblestone_stairs":8,"minecraft:heavy_weighted_pressure_plate":3,"graveyard:dark_iron_door":3,"securitycraft:laser_block":1,"minecraft:bow":4,"minecraft:iron_boots":6,"minecraft:chest":143,"minecraft:oak_button":3,"minecraft:copper_block":21,"mcwfurnitures:cabinet_door":3,"minecraft:stone_hoe":1,"minecraft:stone_bricks":444,"minecraft:oak_fence":27,"securitycraft:keypad_door_item":1,"minecraft:golden_sword":1,"minecraft:smoker":3,"minecraft:oak_slab":258,"minecraft:item_frame":1,"minecraft:crafting_table":9,"minecraft:spruce_planks":148,"minecraft:baked_potato":200,"minecraft:iron_helmet":5,"minecraft:gold_block":51,"mcwfences:modern_stone_brick_wall":1,"minecraft:birch_planks":896,"mcwbridges:oak_log_bridge_middle":44,"minecraft:diorite":10,"mcwpaths:stone_windmill_weave_path":16,"graveyard:dark_iron_bars":16,"twilightforest:bold_stone_pillar":1,"minecraft:dark_oak_slab":6,"minecraft:iron_chestplate":3,"minecraft:emerald_block":15,"minecraft:paper":9,"minecraft:diamond_pickaxe":2,"minecraft:shield":5,"mcwfurnitures:spruce_double_wardrobe":4,"minecraft:stick":324,"minecraft:iron_ingot":699,"securitycraft:camera_monitor":1,"xpbook:xp_tome":2,"mcwdoors:iron_portcullis":9,"minecraft:shears":5,"securitycraft:universal_block_reinforcer_lvl1":1,"minecraft:wooden_sword":3,"minecraft:oak_door":3,"minecraft:redstone":9,"securitycraft:furnace_mine":1,"mcwtrpdoors:dark_oak_glass_trapdoor":6,"minecraft:furnace":5,"minecraft:stone_button":24,"graveyard:dark_oak_coffin":1,"securitycraft:keypad_frame":2,"minecraft:oak_trapdoor":2,"minecraft:glass_pane":160,"minecraft:flint_and_steel":1,"mcwlights:redstone_lamp_slab":12,"mcwwindows:iron_shutter":3,"minecraft:leather":2,"minecraft:iron_axe":7,"mcwfences:oak_stockade_fence":30,"alexsmobs:kangaroo_burger":4,"mcwroofs:oak_attic_roof":4,"minecraft:cooked_beef":8,"minecraft:iron_trapdoor":3,"minecraft:dark_oak_stairs":228,"mcwwindows:one_way_glass":12,"vtaw_mw:iron_halberd":1,"travelersbackpack:backpack_tank":6,"alexsmobs:cooked_kangaroo_meat":19,"mcwfurnitures:spruce_wardrobe":4,"minecraft:bucket":1,"minecraft:stone_axe":2,"minecraft:bread":164,"minecraft:air":0,"minecraft:jungle_planks":104,"securitycraft:dirt_mine":1,"minecraft:blue_dye":1,"minecraft:oak_boat":2,"minecraft:white_wool":27,"minecraft:gold_nugget":2115,"vtaw_mw:iron_katana":1,"graveyard:fire_brazier":2,"minecraft:torch":228,"mcwfences:oak_hedge":52,"vtaw_mw:iron_greatsword":2,"minecraft:lapis_block":15,"mcwtrpdoors:metal_trapdoor":24},"minecraft:killed":{"minecraft:cave_spider":1,"graveyard:wraith":80,"minecraft:zombie_horse":12,"minecraft:skeleton":25,"graveyard:acolyte":10,"alexsmobs:leafcutter_ant":2,"minecraft:chicken":6,"alexsmobs:centipede_head":1,"minecraft:magma_cube":2,"minecraft:iron_golem":5,"kevin_trophy:blister_zombie":9,"minecraft:zombie":172,"endofherobrine:chicken":12,"whisperwoods:moth":5,"endofherobrine:pigman":3,"minecraft:cow":9,"graveyard:corrupted_vindicator":5,"alexsmobs:rocky_roller":1,"minecraft:husk":50,"graveyard:ghoul":1,"whisperwoods:zotzpyre":7,"alexsmobs:gelada_monkey":2,"old_goatman:old_goatman":6,"endofherobrine:silverfish":32,"graveyard:skeleton_creeper":4,"minecraft:zombified_piglin":10,"minecraft:witch":1,"minecraft:spider":13,"whisperwoods:wisp":3,"screaming_villager:screaming_sheep":3,"minecraft:silverfish":4,"alexsmobs:kangaroo":14,"minecraft:pig":9,"alexsmobs:grizzly_bear":1,"minecraft:zombie_villager":5,"alexsmobs:stradpole":1,"minecraft:creeper":12,"minecraft:sheep":11,"alexsmobs:fly":1,"midnightlurker:midnight_lurker_backturned":2,"graveyard:corrupted_pillager":4,"minecraft:blaze":11,"minecraft:phantom":3,"minecraft:drowned":1,"minecraft:squid":18,"alexsmobs:emu":1,"kevin_trophy:crawler_zombie":1,"ecologics:squirrel":1,"alexsmobs:gazelle":3,"endofherobrine:sheep":1,"minecraft:wither_skeleton":10},"minecraft:mined":{"minecraft:dark_oak_planks":51,"mcwroofs:oak_attic_roof":10,"minecraft:white_bed":11,"mcwfences:stone_pillar_wall":11,"alexsmobs:leafcutter_anthill":2,"minecraft:jungle_leaves":1,"twilightforest:oak_banister":23,"minecraft:obsidian":5,"minecraft:granite":9,"minecraft:jungle_log":4,"minecraft:oak_pressure_plate":2,"minecraft:coal_block":11,"minecraft:deepslate_bricks":9,"minecraft:deepslate_tile_stairs":1,"minecraft:oak_wall_sign":9,"minecraft:spawner":14,"ecologics:prickly_pear":1,"mcwpaths:stone_flagstone":3,"minecraft:tall_seagrass":4,"mcwpaths:diorite_windmill_weave":2,"mcwlights:classic_street_lamp":4,"minecraft:sticky_piston":3,"minecraft:cobbled_deepslate":59,"minecraft:barrel":6,"minecraft:fire":65,"minecraft:deepslate_lapis_ore":16,"minecraft:sculk_shrieker":8,"minecraft:oak_sign":16,"minecraft:dirt_path":1,"minecraft:oak_stairs":26,"minecraft:deepslate_brick_stairs":17,"minecraft:spruce_wood":3,"minecraft:iron_block":1,"minecraft:piston_head":1,"horror_element_mod:spiked_body":1,"graveyard:light_gray_urn":2,"minecraft:cut_sandstone":2,"graveyard:dark_iron_trapdoor":1,"minecraft:crimson_nylium":2,"minecraft:smoker":12,"minecraft:deepslate_brick_wall":1,"mcwlights:wall_lamp":4,"minecraft:deepslate_tile_slab":3,"minecraft:torch":25,"mcwfurnitures:stripped_oak_bookshelf":4,"minecraft:blast_furnace":65,"minecraft:melon":8,"minecraft:dead_bush":3,"mcwpaths:stone_windmill_weave_path":7,"minecraft:glass":26,"mcwbridges:stone_brick_bridge_stair":4,"minecraft:cyan_bed":24,"minecraft:sugar_cane":38,"minecraft:bricks":6,"minecraft:amethyst_block":1,"minecraft:birch_sapling":2,"minecraft:skeleton_skull":1,"minecraft:repeater":2,"minecraft:tinted_glass":3,"minecraft:wheat":101,"mcwlights:redstone_lamp_slab":8,"graveyard:dark_oak_coffin":3,"minecraft:black_bed":3,"minecraft:stone_brick_stairs":33,"minecraft:grass":63,"minecraft:loom":6,"minecraft:stonecutter":2,"mcwwindows:blackstone_brick_gothic":6,"minecraft:piston":1,"minecraft:deepslate":307,"graveyard:torso_pile":2,"minecraft:deepslate_tiles":49,"horror_element_mod:blood_3":1,"minecraft:mossy_cobblestone":1,"mcwwindows:birch_plank_pane_window":9,"minecraft:stripped_birch_log":7,"minecraft:dark_oak_log":168,"minecraft:sea_lantern":2,"minecraft:cobbled_deepslate_slab":98,"minecraft:nether_bricks":6,"mcwtrpdoors:metal_trapdoor":6,"graveyard:tg_deepslate":3,"minecraft:redstone_wire":4,"alexsmobs:leafcutter_ant_chamber":20,"minecraft:white_concrete_powder":1,"mcwroofs:stone_bricks_lower_roof":3,"minecraft:snow":42,"minecraft:andesite":26,"minecraft:potatoes":53,"minecraft:vine":6,"mcwwindows:one_way_glass":2,"mcwwindows:dark_oak_blinds":17,"travelersbackpack:spider":1,"minecraft:smithing_table":1,"minecraft:birch_stairs":1,"minecraft:oak_slab":101,"minecraft:redstone_block":15,"mcwfences:oak_horse_fence":29,"minecraft:glass_pane":83,"minecraft:lily_of_the_valley":1,"graveyard:laterally_lying_skeleton":2,"minecraft:observer":2,"minecraft:dandelion":2,"mcwfurnitures:oak_bookshelf":9,"minecraft:smooth_sandstone":1,"minecraft:cobbled_deepslate_wall":2,"spelunkers_charm:dead_grass":1,"minecraft:campfire":4,"minecraft:copper_ore":3,"minecraft:tall_grass":4,"endofherobrine:glowing_obsidian":4,"minecraft:deepslate_gold_ore":86,"endofherobrine:mossy_stone_bricks":9,"minecraft:cracked_deepslate_bricks":8,"minecraft:diorite":48,"minecraft:coarse_dirt":1,"graveyard:vase_block":1,"minecraft:spruce_log":326,"minecraft:birch_leaves":54,"mcwfurnitures:spruce_wardrobe":5,"minecraft:gravel":40,"minecraft:dripstone_block":13,"minecraft:cobweb":149,"mcwwindows:dark_oak_window2":7,"minecraft:oak_button":1,"minecraft:stone_bricks":146,"minecraft:gold_ore":28,"minecraft:fern":27,"minecraft:spruce_planks":14,"minecraft:stone_pressure_plate":1,"minecraft:oak_sapling":2,"minecraft:cobbled_deepslate_stairs":2,"minecraft:sculk_vein":2,"mcwbridges:oak_log_bridge_stair":17,"minecraft:spruce_trapdoor":1,"twilightforest:twisted_stone":2,"mcwfences:spruce_hedge":12,"minecraft:grass_block":100,"mcwbridges:glass_bridge":2,"mcwfences:oak_hedge":2,"minecraft:white_concrete":15,"graveyard:dark_iron_door":5,"mcwpaths:stone_windmill_weave":3,"mcwroofs:spruce_planks_upper_lower_roof":5,"minecraft:smooth_stone":12,"minecraft:glowstone":47,"minecraft:iron_ore":147,"minecraft:anvil":10,"minecraft:dark_oak_stairs":36,"minecraft:pointed_dripstone":24,"mcwfences:modern_stone_brick_wall":2,"minecraft:iron_bars":36,"horror_element_mod:crucified_body":1,"ecologics:walnut_log":14,"minecraft:spruce_slab":10,"minecraft:green_bed":5,"minecraft:deepslate_redstone_ore":44,"horror_element_mod:slashed_skull":1,"ecologics:pot":5,"graveyard:middle_bone_staff":1,"minecraft:clay":2,"minecraft:chest":46,"minecraft:poppy":1,"man:redcandle":1,"minecraft:nether_quartz_ore":90,"minecraft:cobblestone":57,"graveyard:lying_skeleton":2,"minecraft:oak_planks":141,"minecraft:iron_door":3,"minecraft:wall_torch":31,"minecraft:seagrass":1,"horror_element_mod:spiked_villager":1,"minecraft:birch_log":237,"minecraft:tnt":9,"minecraft:cracked_deepslate_tiles":25,"minecraft:oak_log":977,"minecraft:dirt":246,"minecraft:sand":506,"minecraft:wither_skeleton_skull":2,"minecraft:netherrack":59,"minecraft:oak_leaves":963,"mcwpaths:diorite_crystal_floor":126,"mcwpaths:diorite_flagstone_path":2,"minecraft:nether_gold_ore":39,"minecraft:tuff":28,"minecraft:dark_oak_leaves":20,"minecraft:deepslate_diamond_ore":26,"minecraft:oak_door":1,"mcwpaths:stone_running_bond":5,"minecraft:mangrove_roots":53,"minecraft:lever":11,"minecraft:ladder":5,"travelersbackpack:white_sleeping_bag":1,"minecraft:spruce_leaves":74,"minecraft:sandstone":10,"minecraft:hay_block":78,"minecraft:oak_trapdoor":1,"minecraft:spruce_sapling":2,"mcwwindows:white_curtain":21,"minecraft:furnace":66,"minecraft:carrots":84,"minecraft:chiseled_sandstone":1,"minecraft:stripped_spruce_log":1,"minecraft:polished_deepslate":5,"minecraft:bell":1,"minecraft:nether_brick_fence":4,"minecraft:bookshelf":111,"minecraft:deepslate_iron_ore":68,"minecraft:stripped_oak_log":21,"minecraft:stone":4606,"mcwpaths:diorite_running_bond":3,"mcwtrpdoors:dark_oak_glass_trapdoor":3,"minecraft:infested_stone_bricks":2,"minecraft:basalt":1,"minecraft:crafting_table":47,"minecraft:lectern":3,"minecraft:deepslate_coal_ore":10,"minecraft:lapis_ore":5,"mcwfences:oak_stockade_fence":7,"horror_element_mod:impaled_head":1,"minecraft:birch_planks":12,"graveyard:skull_with_rib_cage":2,"minecraft:sweet_berry_bush":26,"mcwbridges:iron_bridge":1,"twilightforest:bold_stone_pillar":1,"graveyard:dark_iron_bars":7,"minecraft:coal_ore":294,"minecraft:cocoa":1,"mcwwindows:birch_plank_window":1,"graveyard:leaning_skeleton":2,"mcwpaths:stone_crystal_floor":1,"minecraft:cracked_stone_bricks":20,"ecologics:walnut_planks":1,"minecraft:mossy_stone_bricks":2,"mcwdoors:iron_portcullis":10},"minecraft:picked_up":{"minecraft:iron_chestplate":13,"minecraft:chainmail_boots":1,"minecraft:anvil":10,"minecraft:smithing_table":1,"securitycraft:taser":4,"minecraft:oak_stairs":26,"minecraft:enchanted_book":19,"minecraft:golden_sword":3,"minecraft:amethyst_block":5,"minecraft:polished_deepslate":5,"minecraft:string":210,"mcwpaths:diorite_windmill_weave":3,"mcwfences:stone_pillar_wall":11,"minecraft:gold_nugget":334,"alexsmobs:emu_feather":9,"vtaw_mw:iron_halberd":9,"minecraft:cobbled_deepslate":374,"minecraft:spruce_planks":14,"mcwbridges:stone_brick_bridge_stair":4,"mcwfences:oak_hedge":74,"minecraft:enchanted_golden_apple":5,"minecraft:melon_slice":38,"minecraft:coal_block":11,"mcwpaths:stone_windmill_weave":4,"securitycraft:reinforced_redstone_block":3,"horror_element_mod:slashed_skull":1,"twilightforest:oak_banister":34,"minecraft:green_bed":7,"minecraft:acacia_log":15,"securitycraft:camera_monitor":3,"minecraft:deepslate_tile_stairs":2,"alexsmobs:centipede_leg":2,"securitycraft:remote_access_mine":1,"minecraft:black_dye":1,"minecraft:stone_sword":1,"minecraft:iron_block":9,"minecraft:glowstone":79,"minecraft:bookshelf":15,"minecraft:blaze_rod":8,"mcwtrpdoors:metal_trapdoor":6,"minecraft:iron_bars":93,"minecraft:birch_log":350,"minecraft:feather":24,"minecraft:cooked_beef":18,"minecraft:iron_door":4,"minecraft:water_bucket":11,"minecraft:jungle_log":108,"minecraft:smoker":12,"minecraft:flint":8,"alexsmobs:cooked_kangaroo_meat":13,"mcwdoors:iron_portcullis":19,"minecraft:stonecutter":2,"minecraft:diamond_helmet":5,"minecraft:glowstone_dust":19,"mcwpaths:stone_flagstone":4,"mcwpaths:stone_crystal_floor":1,"ecologics:prickly_pear":2,"minecraft:stripped_spruce_log":1,"minecraft:ink_sac":81,"minecraft:loom":12,"mcwwindows:dark_oak_window2":7,"minecraft:fermented_spider_eye":12,"minecraft:dark_oak_log":197,"minecraft:barrel":8,"alexsmobs:animal_dictionary":1,"securitycraft:universal_block_remover":7,"mcwfences:oak_stockade_fence":7,"minecraft:white_candle":18,"alexsmobs:kangaroo_hide":16,"minecraft:deepslate":12,"minecraft:lever":12,"minecraft:writable_book":1,"vtaw_mw:iron_greatsword":5,"minecraft:granite":6,"minecraft:chainmail_helmet":4,"minecraft:golden_horse_armor":2,"minecraft:bread":121,"alexsmobs:maggot":10,"minecraft:bricks":32,"minecraft:diamond_pickaxe":9,"minecraft:spruce_leaves":46,"minecraft:crafting_table":65,"minecraft:coarse_dirt":2,"minecraft:clay_ball":304,"twilightforest:bold_stone_pillar":1,"mcwbridges:pliers":1,"mcwpaths:diorite_flagstone_path":2,"minecraft:flint_and_steel":5,"minecraft:snow":50,"minecraft:netherite_scrap":1,"minecraft:iron_shovel":10,"minecraft:glass_pane":72,"minecraft:cracked_stone_bricks":12,"travelersbackpack:lapis":1,"securitycraft:keypad_frame":1,"minecraft:beef":21,"graveyard:dark_oak_coffin":4,"minecraft:iron_nugget":2,"minecraft:poppy":4,"minecraft:spruce_slab":11,"minecraft:chest":49,"minecraft:birch_sapling":30,"minecraft:piston":3,"minecraft:egg":275,"minecraft:sandstone":10,"minecraft:stone":2629,"mcwpaths:stone_running_bond":6,"minecraft:oak_door":1,"graveyard:dark_iron_bars":6,"minecraft:carrot":515,"minecraft:redstone":271,"vtaw_mw:iron_katana":5,"minecraft:prismarine_crystals":6,"minecraft:tnt":47,"horror_element_mod:impaled_head":5,"alexsmobs:kangaroo_burger":2,"minecraft:stone_shovel":1,"minecraft:peony":1,"minecraft:shears":6,"minecraft:deepslate_bricks":9,"minecraft:hay_block":74,"minecraft:cracked_deepslate_bricks":8,"minecraft:gold_ingot":59,"mcwfurnitures:spruce_wardrobe":5,"minecraft:glow_berries":24,"minecraft:mutton":22,"minecraft:white_wool":21,"alexsmobs:kangaroo_meat":36,"minecraft:rail":9,"minecraft:stripped_oak_log":23,"minecraft:fern":21,"spelunkers_charm:old_miners_bundle":2,"minecraft:oak_log":1256,"securitycraft:reinforced_glass":3,"mcwlights:redstone_lamp_slab":12,"securitycraft:glow_display_case":2,"mcwpaths:diorite_crystal_floor":532,"minecraft:apple":23,"minecraft:stone_bricks":380,"minecraft:stone_pickaxe":2,"minecraft:cobweb":216,"minecraft:iron_sword":4,"minecraft:dark_oak_stairs":52,"vtaw_mw:wooden_rod":2,"minecraft:dark_oak_slab":15,"minecraft:sweet_berries":74,"mcwwindows:white_curtain":21,"minecraft:gravel":105,"minecraft:birch_stairs":3,"minecraft:spruce_sapling":22,"mcwwindows:birch_plank_pane_window":9,"minecraft:spruce_log":456,"graveyard:middle_bone_staff":1,"minecraft:diamond_shovel":4,"minecraft:coal_ore":2,"minecraft:stone_axe":3,"minecraft:diamond_axe":5,"securitycraft:universal_block_modifier":2,"minecraft:oak_button":2,"securitycraft:keypad":2,"minecraft:baked_potato":16,"graveyard:incarnated_evil_music_disc":3,"minecraft:melon_seeds":1,"mcwbridges:glass_bridge":5,"minecraft:hopper":7,"minecraft:ender_pearl":3,"minecraft:chiseled_deepslate":1,"sereneseasons:calendar":1,"minecraft:wheat":196,"securitycraft:keypad_item":4,"minecraft:redstone_block":15,"minecraft:nether_brick_fence":4,"mcwwindows:blackstone_brick_gothic":6,"minecraft:stone_brick_stairs":33,"travelersbackpack:spider":5,"mcwroofs:oak_attic_roof":14,"alexsmobs:gazelle_horn":2,"mcwroofs:stone_bricks_lower_roof":3,"minecraft:raw_copper":3,"travelersbackpack:diamond":3,"horror_element_mod:blood_3":1,"minecraft:iron_leggings":9,"minecraft:armor_stand":1,"minecraft:sticky_piston":6,"mcwroofs:spruce_planks_upper_lower_roof":5,"minecraft:oak_sign":29,"travelersbackpack:blaze":1,"minecraft:deepslate_tiles":49,"minecraft:tnt_minecart":2,"minecraft:smooth_stone":12,"minecraft:bucket":3,"mcwwindows:dark_oak_blinds":16,"mcwbridges:oak_log_bridge_stair":17,"minecraft:iron_pickaxe":27,"vtaw_mw:diamond_longsword":6,"minecraft:iron_boots":14,"alexsmobs:leafcutter_ant_chamber":18,"minecraft:furnace":68,"minecraft:tipped_arrow":9,"minecraft:stick":318,"mcwtrpdoors:dark_oak_glass_trapdoor":4,"ecologics:walnut_log":14,"minecraft:deepslate_brick_wall":1,"minecraft:polished_deepslate_stairs":2,"minecraft:torch":238,"minecraft:spruce_stairs":8,"minecraft:porkchop":32,"minecraft:pointed_dripstone":307,"minecraft:diorite":42,"graveyard:dark_iron_trapdoor":1,"mcwbridges:glass_bridge_pier":3,"minecraft:cactus":20,"man:redcandle":1,"minecraft:rotten_flesh":366,"mcwfurnitures:stripped_oak_bookshelf":4,"alexsmobs:emu_egg":3,"minecraft:mangrove_roots":94,"minecraft:deepslate_brick_stairs":16,"minecraft:obsidian":6,"minecraft:cobblestone":2560,"ecologics:walnut_planks":19,"ecologics:walnut":57,"minecraft:repeater":4,"minecraft:andesite":26,"minecraft:black_bed":2,"minecraft:potato":341,"minecraft:tuff":18,"graveyard:dark_iron_door":6,"minecraft:wither_skeleton_skull":2,"alexsmobs:rocky_shell":2,"minecraft:lapis_lazuli":362,"minecraft:dirt":765,"minecraft:stripped_birch_log":7,"minecraft:glass":243,"minecraft:bone":150,"travelersbackpack:backpack_tank":2,"minecraft:acacia_planks":43,"minecraft:bow":4,"minecraft:wheat_seeds":474,"minecraft:cobbled_deepslate_wall":2,"minecraft:deepslate_brick_slab":4,"minecraft:raw_gold":248,"minecraft:cobbled_deepslate_slab":112,"minecraft:bell":1,"minecraft:mossy_stone_bricks":2,"minecraft:powered_rail":1,"minecraft:oak_planks":210,"minecraft:stone_hoe":2,"mcwlights:wall_lamp":4,"minecraft:cooked_porkchop":3,"travelersbackpack:squid":5,"minecraft:oak_pressure_plate":2,"minecraft:poisonous_potato":1,"minecraft:sand":595,"minecraft:jungle_planks":1,"minecraft:cyan_bed":45,"minecraft:dead_bush":2,"minecraft:grass_block":17,"minecraft:lily_of_the_valley":6,"minecraft:chiseled_sandstone":1,"minecraft:mossy_cobblestone":1,"travelersbackpack:white_sleeping_bag":4,"minecraft:diamond":105,"minecraft:polished_blackstone_pressure_plate":1,"minecraft:soul_lantern":3,"minecraft:polished_blackstone_button":4,"mcwfences:spruce_hedge":48,"minecraft:bone_meal":18,"minecraft:golden_apple":12,"minecraft:white_concrete":79,"minecraft:emerald":58,"minecraft:oak_sapling":176,"minecraft:netherrack":47,"minecraft:oak_leaves":280,"minecraft:cocoa_beans":3,"minecraft:charcoal":243,"minecraft:allium":2,"minecraft:chicken":15,"minecraft:ladder":45,"mcwpaths:stone_windmill_weave_path":11,"securitycraft:panic_button":1,"minecraft:brown_mushroom":2,"minecraft:wooden_pickaxe":1,"spelunkers_charm:deepslate_rock":29,"securitycraft:reinforced_glass_pane":2,"minecraft:diamond_horse_armor":1,"minecraft:chain":1,"minecraft:brick":8,"minecraft:shield":17,"minecraft:oak_trapdoor":1,"minecraft:iron_axe":11,"minecraft:wooden_sword":1,"minecraft:item_frame":4,"ecologics:walnut_sapling":9,"graveyard:corruption":94,"minecraft:oak_boat":2,"alexsmobs:elastic_tendon":2,"minecraft:player_head":2,"minecraft:observer":4,"minecraft:lectern":6,"minecraft:tinted_glass":5,"minecraft:sugar_cane":69,"minecraft:spruce_trapdoor":1,"minecraft:phantom_membrane":2,"mcwfences:modern_stone_brick_wall":1,"minecraft:dark_oak_sapling":5,"minecraft:raw_iron":448,"twilightforest:twisted_stone":2,"minecraft:copper_ingot":181,"alexsmobs:leafcutter_ant_pupa":12,"minecraft:stone_pressure_plate":1,"minecraft:dark_oak_planks":423,"mcwwindows:birch_plank_window":1,"minecraft:arrow":35,"mcwfurnitures:oak_bookshelf":9,"minecraft:nether_bricks":2,"securitycraft:reinforced_stone_bricks":2,"minecraft:saddle":1,"securitycraft:keypad_door_item":7,"minecraft:skeleton_skull":4,"minecraft:cracked_deepslate_tiles":27,"minecraft:basalt":1,"minecraft:golden_carrot":7,"minecraft:glow_ink_sac":6,"minecraft:cut_sandstone":2,"minecraft:leather":14,"minecraft:birch_planks":19,"mcwbridges:iron_bridge":1,"minecraft:chainmail_chestplate":1,"securitycraft:keypad_chest":2,"minecraft:cobbled_deepslate_stairs":2,"minecraft:gunpowder":40,"minecraft:cobblestone_stairs":1,"minecraft:deepslate_tile_slab":6,"minecraft:cooked_mutton":1,"minecraft:smooth_sandstone":1,"travelersbackpack:cow":1,"securitycraft:security_camera":6,"minecraft:spruce_wood":3,"minecraft:iron_ingot":42,"securitycraft:universal_block_reinforcer_lvl1":4,"minecraft:book":546,"minecraft:oak_slab":122,"minecraft:nether_quartz_ore":2,"minecraft:black_candle":11,"minecraft:quartz":212,"minecraft:dandelion":2,"minecraft:dripstone_block":80,"minecraft:blast_furnace":72,"minecraft:white_bed":14,"minecraft:spider_eye":12,"minecraft:white_concrete_powder":193,"mcwfences:oak_horse_fence":29,"minecraft:campfire":2,"xpbook:xp_tome":1,"mcwwindows:one_way_glass":3,"minecraft:chainmail_leggings":1,"minecraft:iron_helmet":4,"mcwpaths:diorite_running_bond":5,"minecraft:coal":1039},"minecraft:broken":{"minecraft:diamond_helmet":1,"minecraft:iron_boots":3,"minecraft:iron_chestplate":2,"minecraft:iron_leggings":2,"minecraft:wooden_sword":2,"minecraft:shield":2,"minecraft:iron_axe":5,"minecraft:iron_helmet":2,"minecraft:iron_shovel":1,"vtaw_mw:iron_greatsword":1,"vtaw_mw:iron_halberd":1,"minecraft:stone_axe":1,"vtaw_mw:iron_katana":1}},"DataVersion":3120}